method,arm,stage,seed,split,channel,mse,flat_mse,score_percent,centered_cosine,amplitude_percent,works,performances,windows
flat,flat,baseline,-1,validation,0,0.1031818900435575,0.1031818900435575,0.0,,0.0,8,93,271
flat,flat,baseline,-1,validation,1,0.24376844090148833,0.24376844090148833,0.0,,0.0,8,93,271
flat,flat,baseline,-1,validation,2,0.18161904815364865,0.18161904815364865,0.0,,0.0,8,93,271
flat,flat,baseline,-1,validation,3,0.14539385463050994,0.14539385463050994,0.0,,0.0,8,93,271
flat,flat,baseline,-1,validation,4,0.10952594048486089,0.10952594048486089,0.0,,0.0,8,93,271
flat,flat,baseline,-1,validation,5,0.10876961535142554,0.10876961535142554,0.0,,0.0,8,93,271
flat,flat,baseline,-1,validation,6,0.0725717813790706,0.0725717813790706,0.0,,0.0,8,93,271
flat,flat,baseline,-1,test,0,0.14639064818227837,0.14639064818227837,0.0,,0.0,6,67,403
flat,flat,baseline,-1,test,1,0.21564465017210976,0.21564465017210976,0.0,,0.0,6,67,403
flat,flat,baseline,-1,test,2,0.19758549808068404,0.19758549808068404,0.0,,0.0,6,67,403
flat,flat,baseline,-1,test,3,0.15260266100211245,0.15260266100211245,0.0,,0.0,6,67,403
flat,flat,baseline,-1,test,4,0.11735056149871108,0.11735056149871108,0.0,,0.0,6,67,403
flat,flat,baseline,-1,test,5,0.10927828895512368,0.10927828895512368,0.0,,0.0,6,67,403
flat,flat,baseline,-1,test,6,0.09045290878624387,0.09045290878624387,0.0,,0.0,6,67,403
train_mean,train_mean,baseline,-1,validation,0,0.10310897296278834,0.1031818900435575,0.07066848721066776,0.026602781599855317,2.559128926609517,8,93,271
train_mean,train_mean,baseline,-1,validation,1,0.24369297889429006,0.24376844090148833,0.030956430175788086,0.017760912707030396,2.0186962671274915,8,93,271
train_mean,train_mean,baseline,-1,validation,2,0.18159661243470823,0.18161904815364865,0.012353175048818166,0.014486541010788641,0.5195248314497872,8,93,271
train_mean,train_mean,baseline,-1,validation,3,0.14510353738642748,0.14539385463050994,0.19967642017625353,0.051098207955111864,2.63138851993629,8,93,271
train_mean,train_mean,baseline,-1,validation,4,0.10981400002886323,0.10952594048486089,-0.2630057708038258,-0.052307165351544276,2.094648476333404,8,93,271
train_mean,train_mean,baseline,-1,validation,5,0.10939033680323836,0.10876961535142554,-0.570675413172439,-0.026433489185707315,5.360077524057162,8,93,271
train_mean,train_mean,baseline,-1,validation,6,0.07235540857661125,0.0725717813790706,0.2981500499886325,0.059619535129248606,3.5682357577516033,8,93,271
train_mean,train_mean,baseline,-1,test,0,0.14640906967290018,0.14639064818227837,-0.01258378923145731,0.007814053434885442,2.148509302218728,6,67,403
train_mean,train_mean,baseline,-1,test,1,0.21581635313994665,0.21564465017210976,-0.07962310574356479,-0.00781742610804669,2.146299752942614,6,67,403
train_mean,train_mean,baseline,-1,test,2,0.1977177512661511,0.19758549808068404,-0.06693466208387289,-0.06470061790146821,0.4980918947765472,6,67,403
train_mean,train_mean,baseline,-1,test,3,0.15279744108701146,0.15260266100211245,-0.12763872112053765,-0.012004665706191351,2.5684844902515773,6,67,403
train_mean,train_mean,baseline,-1,test,4,0.11737025838685194,0.11735056149871108,-0.016784656067514447,0.005970851730108444,2.023611131617714,6,67,403
train_mean,train_mean,baseline,-1,test,5,0.10951623922728948,0.10927828895512368,-0.21774706983517245,0.006378565998036462,5.34758780502501,6,67,403
train_mean,train_mean,baseline,-1,test,6,0.09053906363873089,0.09045290878624387,-0.09524829399418788,0.0010802065996737545,3.1961427207672983,6,67,403
raw_reference,raw_reference,baseline,-1,validation,0,0.0,0.1031818900435575,100.0,1.0,100.0,8,93,271
raw_reference,raw_reference,baseline,-1,validation,1,0.0,0.24376844090148833,100.0,1.0,100.0,8,93,271
raw_reference,raw_reference,baseline,-1,validation,2,0.0,0.18161904815364865,100.0,1.0,100.0,8,93,271
raw_reference,raw_reference,baseline,-1,validation,3,0.0,0.14539385463050994,100.0,1.0,100.0,8,93,271
raw_reference,raw_reference,baseline,-1,validation,4,0.0,0.10952594048486089,100.0,1.0,100.0,8,93,271
raw_reference,raw_reference,baseline,-1,validation,5,0.0,0.10876961535142554,100.0,1.0,100.0,8,93,271
raw_reference,raw_reference,baseline,-1,validation,6,0.0,0.0725717813790706,100.0,1.0,100.0,8,93,271
raw_reference,raw_reference,baseline,-1,test,0,0.0,0.14639064818227837,100.0,1.0,100.0,6,67,403
raw_reference,raw_reference,baseline,-1,test,1,0.0,0.21564465017210976,100.0,1.0,100.0,6,67,403
raw_reference,raw_reference,baseline,-1,test,2,0.0,0.19758549808068404,100.0,1.0,100.0,6,67,403
raw_reference,raw_reference,baseline,-1,test,3,0.0,0.15260266100211245,100.0,1.0,100.0,6,67,403
raw_reference,raw_reference,baseline,-1,test,4,0.0,0.11735056149871108,100.0,1.0,100.0,6,67,403
raw_reference,raw_reference,baseline,-1,test,5,0.0,0.10927828895512368,100.0,1.0,100.0,6,67,403
raw_reference,raw_reference,baseline,-1,test,6,0.0,0.09045290878624387,100.0,1.0,100.0,6,67,403
summary14,summary14,baseline,-1,validation,0,0.10301840917017645,0.1031818900435575,0.1584395026220653,0.04128213566581598,3.0335917190503667,8,93,271
summary14,summary14,baseline,-1,validation,1,0.24252709978419495,0.24376844090148833,0.5092296249271322,0.0999363200160645,2.9972244884019403,8,93,271
summary14,summary14,baseline,-1,validation,2,0.18134821331485837,0.18161904815364865,0.14912248552318985,0.053262091241428555,1.6579322695709449,8,93,271
summary14,summary14,baseline,-1,validation,3,0.14488701526432063,0.14539385463050994,0.34859751636501235,0.07115573968012283,3.1442213951782065,8,93,271
summary14,summary14,baseline,-1,validation,4,0.10943258759562183,0.10952594048486089,0.08523358834062744,0.029321278518331686,3.2041846573636015,8,93,271
summary14,summary14,baseline,-1,validation,5,0.1091382997663723,0.10876961535142554,-0.33895901328284683,-0.0017453041579853779,5.650103666643103,8,93,271
summary14,summary14,baseline,-1,validation,6,0.07233142042253593,0.0725717813790706,0.3312044323111829,0.060826600876277684,4.113317428131112,8,93,271
summary14,summary14,baseline,-1,test,0,0.1464214292042778,0.14639064818227837,-0.021026631401421803,0.008700153737145824,2.5610475705228963,6,67,403
summary14,summary14,baseline,-1,test,1,0.215830603361767,0.21564465017210976,-0.08623130205587248,7.295344932129254e-05,2.943821085947018,6,67,403
summary14,summary14,baseline,-1,test,2,0.1979357142424903,0.19758549808068404,-0.1772479079731104,-0.04978074751797678,1.5415892757267557,6,67,403
summary14,summary14,baseline,-1,test,3,0.15265647910404329,0.15260266100211245,-0.03526681748367011,0.009589131698473918,3.0675137047195844,6,67,403
summary14,summary14,baseline,-1,test,4,0.1173206193973034,0.11735056149871108,0.025515090021965836,0.019268676696397462,3.0045086182447367,6,67,403
summary14,summary14,baseline,-1,test,5,0.10947958075503886,0.10927828895512368,-0.18420109048178368,0.015774645015178484,6.150046190425289,6,67,403
summary14,summary14,baseline,-1,test,6,0.09041810886817783,0.09045290878624387,0.03847296735175476,0.023170281592621193,3.550447291444935,6,67,403
pca64,pca64,baseline,-1,validation,0,0.011653474823547531,0.1031818900435575,88.70589129678852,0.94277508930242,98.47983690566305,8,93,271
pca64,pca64,baseline,-1,validation,1,0.022226391657210968,0.24376844090148833,90.8821701549984,0.9621870234167706,83.18713816785585,8,93,271
pca64,pca64,baseline,-1,validation,2,0.02860123968932839,0.18161904815364865,84.252070484847,0.9247072634658157,81.26232848695494,8,93,271
pca64,pca64,baseline,-1,validation,3,0.06173858775855106,0.14539385463050994,57.53700325543496,0.7594482683521848,72.21435803252992,8,93,271
pca64,pca64,baseline,-1,validation,4,0.017092581436765484,0.10952594048486089,84.39403363157783,0.9200918893417503,86.88205667852412,8,93,271
pca64,pca64,baseline,-1,validation,5,0.018904426877790082,0.10876961535142554,82.61975385615601,0.9100353645013992,86.56864515312334,8,93,271
pca64,pca64,baseline,-1,validation,6,0.030938457935172994,0.0725717813790706,57.368473878890455,0.7578714403373759,73.17107581951497,8,93,271
pca64,pca64,baseline,-1,test,0,0.012260855566096572,0.14639064818227837,91.6245636464223,0.9613142806373097,87.25476782859529,6,67,403
pca64,pca64,baseline,-1,test,1,0.014248169931127744,0.21564465017210976,93.39275520178403,0.9664345920203554,95.81721083919899,6,67,403
pca64,pca64,baseline,-1,test,2,0.028464513766299288,0.19758549808068404,85.59382442395858,0.9290844972320232,84.38802792771801,6,67,403
pca64,pca64,baseline,-1,test,3,0.0575301211933448,0.15260266100211245,62.300709033803535,0.7909307592512861,74.02910950365602,6,67,403
pca64,pca64,baseline,-1,test,4,0.021052276986771996,0.11735056149871108,82.0603525727457,0.9071921417051297,85.82630476599486,6,67,403
pca64,pca64,baseline,-1,test,5,0.019673795056717534,0.10927828895512368,81.99661136275954,0.9075827282473944,84.6424777125833,6,67,403
pca64,pca64,baseline,-1,test,6,0.04856142738479589,0.09045290878624387,46.31302847368338,0.680633422740021,66.91629644247396,6,67,403
cnn64_20261006_initial,cnn64,initial,20261006,validation,0,0.05572566569066806,0.1031818900435575,45.99278452144667,0.6867655409626013,79.50201622920687,8,93,271
cnn64_20261006_initial,cnn64,initial,20261006,validation,1,0.12505731145073243,0.24376844090148833,48.69831755568779,0.6978460856583089,69.539992300091,8,93,271
cnn64_20261006_initial,cnn64,initial,20261006,validation,2,0.107608149160036,0.18161904815364865,40.75062596462893,0.641541056940793,57.775494485971066,8,93,271
cnn64_20261006_initial,cnn64,initial,20261006,validation,3,0.10557500238617447,0.14539385463050994,27.3868880810178,0.5238158170811946,54.64902391082583,8,93,271
cnn64_20261006_initial,cnn64,initial,20261006,validation,4,0.07911824545448277,0.10952594048486089,27.763007462676104,0.5271086753436605,54.171966421464624,8,93,271
cnn64_20261006_initial,cnn64,initial,20261006,validation,5,0.07878573781515882,0.10876961535142554,27.566409460391405,0.525622775395115,55.04261503701142,8,93,271
cnn64_20261006_initial,cnn64,initial,20261006,validation,6,0.06354911978939083,0.0725717813790706,12.432740961050548,0.39610893362447636,57.65940512564186,8,93,271
cnn64_20261006_initial,cnn64,initial,20261006,test,0,0.07402236549147989,0.14639064818227837,49.43504492219276,0.7034400334670399,68.15898283837227,6,67,403
cnn64_20261006_initial,cnn64,initial,20261006,test,1,0.11138931993703391,0.21564465017210976,48.345892259264424,0.6969258882154921,74.43260050118478,6,67,403
cnn64_20261006_initial,cnn64,initial,20261006,test,2,0.117461952834834,0.19758549808068404,40.55132893059368,0.640698421524006,57.012096026747905,6,67,403
cnn64_20261006_initial,cnn64,initial,20261006,test,3,0.10731002977955716,0.15260266100211245,29.68010578919611,0.5452621214452333,56.78391715403137,6,67,403
cnn64_20261006_initial,cnn64,initial,20261006,test,4,0.08306983803736319,0.11735056149871108,29.212236416716596,0.5404987985500338,54.45715208415519,6,67,403
cnn64_20261006_initial,cnn64,initial,20261006,test,5,0.08149888641265923,0.10927828895512368,25.42078834513264,0.5064196030840101,55.388465271465684,6,67,403
cnn64_20261006_initial,cnn64,initial,20261006,test,6,0.06761436209244506,0.09045290878624387,25.249101438816425,0.5027964509092206,52.049550904078245,6,67,403
cnn64_20261006_best_extended,cnn64,best_extended,20261006,validation,0,0.036865604346923646,0.1031818900435575,64.27124534028104,0.8066063855101393,89.54962485031702,8,93,271
cnn64_20261006_best_extended,cnn64,best_extended,20261006,validation,1,0.07526421993885965,0.24376844090148833,69.12470717680989,0.8329204851656009,78.28259461378615,8,93,271
cnn64_20261006_best_extended,cnn64,best_extended,20261006,validation,2,0.05836127281940881,0.18161904815364865,67.86610577870911,0.8244007895051082,79.31661300775782,8,93,271
cnn64_20261006_best_extended,cnn64,best_extended,20261006,validation,3,0.06081366612131006,0.14539385463050994,58.173152313860776,0.7629394675696896,78.15165512190138,8,93,271
cnn64_20261006_best_extended,cnn64,best_extended,20261006,validation,4,0.040764018343326956,0.10952594048486089,62.781403051305894,0.7941259080661051,74.10040919379203,8,93,271
cnn64_20261006_best_extended,cnn64,best_extended,20261006,validation,5,0.04826781396222385,0.10876961535142554,55.62380743346883,0.749234114969505,67.77240828100243,8,93,271
cnn64_20261006_best_extended,cnn64,best_extended,20261006,validation,6,0.04984810913413648,0.0725717813790706,31.31199457023047,0.5618431363752581,61.231851839147296,8,93,271
cnn64_20261006_best_extended,cnn64,best_extended,20261006,test,0,0.04977962006500084,0.14639064818227837,65.99535511106028,0.812376119213431,81.35626931357687,6,67,403
cnn64_20261006_best_extended,cnn64,best_extended,20261006,test,1,0.06993566663212368,0.21564465017210976,67.56902312377942,0.8237421143060951,87.722893178182,6,67,403
cnn64_20261006_best_extended,cnn64,best_extended,20261006,test,2,0.05752761869917642,0.19758549808068404,70.88469586179598,0.8430223727539957,80.01299218352372,6,67,403
cnn64_20261006_best_extended,cnn64,best_extended,20261006,test,3,0.04703600025921895,0.15260266100211245,69.17747046457607,0.8317579244509355,82.4935883614949,6,67,403
cnn64_20261006_best_extended,cnn64,best_extended,20261006,test,4,0.04243672613680404,0.11735056149871108,63.83764543191373,0.7992540616524055,82.00049832880907,6,67,403
cnn64_20261006_best_extended,cnn64,best_extended,20261006,test,5,0.04782403864504226,0.10927828895512368,56.23646828448996,0.7500468088298302,76.43832167102303,6,67,403
cnn64_20261006_best_extended,cnn64,best_extended,20261006,test,6,0.05854836768586694,0.09045290878624387,35.27199017532203,0.5947644172398984,62.67770750723148,6,67,403
cnn64_20261007_initial,cnn64,initial,20261007,validation,0,0.04604804545948138,0.1031818900435575,55.37196940272898,0.7485390801864208,82.97244270110883,8,93,271
cnn64_20261007_initial,cnn64,initial,20261007,validation,1,0.10163400228601523,0.24376844090148833,58.30715333364766,0.7651320810809068,71.65978852729728,8,93,271
cnn64_20261007_initial,cnn64,initial,20261007,validation,2,0.12117817852434437,0.18161904815364865,33.27892654638938,0.5771494816902664,55.947863701750876,8,93,271
cnn64_20261007_initial,cnn64,initial,20261007,validation,3,0.11725332288163418,0.14539385463050994,19.354691310983828,0.4550394310247196,57.12890360884041,8,93,271
cnn64_20261007_initial,cnn64,initial,20261007,validation,4,0.0735616057430121,0.10952594048486089,32.836362402037466,0.5736942768061774,60.12895521226116,8,93,271
cnn64_20261007_initial,cnn64,initial,20261007,validation,5,0.0751076177537557,0.10876961535142554,30.947978889978366,0.5591829868675061,61.580298247226104,8,93,271
cnn64_20261007_initial,cnn64,initial,20261007,validation,6,0.05483347898325007,0.0725717813790706,24.442423844009674,0.4963972318871881,54.096149318665,8,93,271
cnn64_20261007_initial,cnn64,initial,20261007,test,0,0.06784720303491543,0.14639064818227837,53.65332152198994,0.7333747107657255,69.7246450763183,6,67,403
cnn64_20261007_initial,cnn64,initial,20261007,test,1,0.09976722466114958,0.21564465017210976,53.73535833997105,0.7332805149783778,75.19012090374972,6,67,403
cnn64_20261007_initial,cnn64,initial,20261007,test,2,0.13554654068653077,0.19758549808068404,31.398537846547658,0.5608523587499095,53.69778985494907,6,67,403
cnn64_20261007_initial,cnn64,initial,20261007,test,3,0.1120919946620253,0.15260266100211245,26.546500614118628,0.5166264400444914,55.45457281688569,6,67,403
cnn64_20261007_initial,cnn64,initial,20261007,test,4,0.0867910983742008,0.11735056149871108,26.041173330769208,0.5137294948130523,57.294318016687505,6,67,403
cnn64_20261007_initial,cnn64,initial,20261007,test,5,0.07558389787385998,0.10927828895512368,30.83356392512758,0.556392508992319,59.15633038581192,6,67,403
cnn64_20261007_initial,cnn64,initial,20261007,test,6,0.07751666593451786,0.09045290878624387,14.301632778108475,0.3864924709368059,46.62427205273394,6,67,403
cnn64_20261007_best_extended,cnn64,best_extended,20261007,validation,0,0.028519640772115672,0.1031818900435575,72.35983876620567,0.855100395261272,94.22686137467157,8,93,271
cnn64_20261007_best_extended,cnn64,best_extended,20261007,validation,1,0.055863906478404626,0.24376844090148833,77.08320803471835,0.8799531163354951,82.09157840671215,8,93,271
cnn64_20261007_best_extended,cnn64,best_extended,20261007,validation,2,0.039237700838902385,0.18161904815364865,78.3956026431173,0.8893827159042333,80.54447095065628,8,93,271
cnn64_20261007_best_extended,cnn64,best_extended,20261007,validation,3,0.055175088979472,0.14539385463050994,62.05129225049525,0.788447577448701,75.47331906120154,8,93,271
cnn64_20261007_best_extended,cnn64,best_extended,20261007,validation,4,0.03660377130143566,0.10952594048486089,66.57981557666224,0.8167023876369719,78.19945469477497,8,93,271
cnn64_20261007_best_extended,cnn64,best_extended,20261007,validation,5,0.042715886089112254,0.10876961535142554,60.72810779821112,0.781062310491908,72.8362643615849,8,93,271
cnn64_20261007_best_extended,cnn64,best_extended,20261007,validation,6,0.046137879473238844,0.0725717813790706,36.42449090199015,0.6052069696072286,65.02687831666536,8,93,271
cnn64_20261007_best_extended,cnn64,best_extended,20261007,test,0,0.0339912033340811,0.14639064818227837,76.78048170689364,0.877543384206305,82.98194479130882,6,67,403
cnn64_20261007_best_extended,cnn64,best_extended,20261007,test,1,0.049476834791770466,0.21564465017210976,77.05631243238255,0.8779215060321514,89.14509712815837,6,67,403
cnn64_20261007_best_extended,cnn64,best_extended,20261007,test,2,0.04259435505767136,0.19758549808068404,78.442570192941,0.8857074463760168,87.84978252683628,6,67,403
cnn64_20261007_best_extended,cnn64,best_extended,20261007,test,3,0.04187936645295107,0.15260266100211245,72.55659489950091,0.8518018684556364,85.11133123541764,6,67,403
cnn64_20261007_best_extended,cnn64,best_extended,20261007,test,4,0.03725862443862614,0.11735056149871108,68.25015239570425,0.826315303984183,80.91264226526872,6,67,403
cnn64_20261007_best_extended,cnn64,best_extended,20261007,test,5,0.044710553494079396,0.10927828895512368,59.0856025276528,0.7688124416648103,75.40969674257519,6,67,403
cnn64_20261007_best_extended,cnn64,best_extended,20261007,test,6,0.055485769453934866,0.09045290878624387,38.65783842832794,0.6225255855531241,59.154623138005405,6,67,403
cnn64_20261008_initial,cnn64,initial,20261008,validation,0,0.04683161257225474,0.1031818900435575,54.61256568135639,0.7402477997567326,78.3156402986365,8,93,271
cnn64_20261008_initial,cnn64,initial,20261008,validation,1,0.0941325747737143,0.24376844090148833,61.38442924539393,0.7894374479191955,69.2653194431172,8,93,271
cnn64_20261008_initial,cnn64,initial,20261008,validation,2,0.11523773617796948,0.18161904815364865,36.54975216009335,0.605353505307444,63.62621576086437,8,93,271
cnn64_20261008_initial,cnn64,initial,20261008,validation,3,0.09667002082595859,0.14539385463050994,33.51161844382863,0.5886565280466416,69.54288258286061,8,93,271
cnn64_20261008_initial,cnn64,initial,20261008,validation,4,0.07912888260078506,0.10952594048486089,27.753295474579776,0.5300635178772184,58.86670863570823,8,93,271
cnn64_20261008_initial,cnn64,initial,20261008,validation,5,0.07976320615578004,0.10876961535142554,26.66775008988329,0.5179739248266655,55.821676147503716,8,93,271
cnn64_20261008_initial,cnn64,initial,20261008,validation,6,0.06256793949284346,0.0725717813790706,13.784754481873861,0.3942172852400719,52.67303908685908,8,93,271
cnn64_20261008_initial,cnn64,initial,20261008,test,0,0.07044941945242328,0.14639064818227837,51.87573774200169,0.7229444157375801,66.05645245374984,6,67,403
cnn64_20261008_initial,cnn64,initial,20261008,test,1,0.1006541016476052,0.21564465017210976,53.32409055023095,0.7302608623912047,73.65871281172073,6,67,403
cnn64_20261008_initial,cnn64,initial,20261008,test,2,0.12989970569249956,0.19758549808068404,34.256457607301215,0.5854018805801061,57.39657224090554,6,67,403
cnn64_20261008_initial,cnn64,initial,20261008,test,3,0.1063707532570619,0.15260266100211245,30.295610470652655,0.5546688580042889,62.323588603712345,6,67,403
cnn64_20261008_initial,cnn64,initial,20261008,test,4,0.07203194077739232,0.11735056149871108,38.618154137947194,0.6220706258274128,59.39579571914121,6,67,403
cnn64_20261008_initial,cnn64,initial,20261008,test,5,0.06669817235135364,0.10927828895512368,38.9648456348507,0.6254515710105288,58.619330651716716,6,67,403
cnn64_20261008_initial,cnn64,initial,20261008,test,6,0.07555545247314352,0.09045290878624387,16.4698476953413,0.40822631100004847,45.238787844613285,6,67,403
cnn64_20261008_best_extended,cnn64,best_extended,20261008,validation,0,0.03444102703484069,0.1031818900435575,66.62105431456851,0.825796425920037,95.12125090857188,8,93,271
cnn64_20261008_best_extended,cnn64,best_extended,20261008,validation,1,0.06936126399459173,0.24376844090148833,71.54624949067053,0.8464184909995462,81.54061225113828,8,93,271
cnn64_20261008_best_extended,cnn64,best_extended,20261008,validation,2,0.04597795885456772,0.18161904815364865,74.68439609061785,0.8660624520585567,80.93155582272693,8,93,271
cnn64_20261008_best_extended,cnn64,best_extended,20261008,validation,3,0.05928780753756279,0.14539385463050994,59.222617979122184,0.7697299814743138,78.57943703274896,8,93,271
cnn64_20261008_best_extended,cnn64,best_extended,20261008,validation,4,0.04301286631501725,0.10952594048486089,60.7281470265369,0.7799536182112969,81.22982668494309,8,93,271
cnn64_20261008_best_extended,cnn64,best_extended,20261008,validation,5,0.04832056924878381,0.10876961535142554,55.57530557346912,0.7464631619872634,78.45970900478906,8,93,271
cnn64_20261008_best_extended,cnn64,best_extended,20261008,validation,6,0.0525047319082321,0.0725717813790706,27.651311693756696,0.537370902636317,64.80703609123368,8,93,271
cnn64_20261008_best_extended,cnn64,best_extended,20261008,test,0,0.03918228071263574,0.14639064818227837,73.23443730924129,0.8567473401997843,81.58617455851702,6,67,403
cnn64_20261008_best_extended,cnn64,best_extended,20261008,test,1,0.04788564407295228,0.21564465017210976,77.79418871057831,0.882068140379446,89.2183335220436,6,67,403
cnn64_20261008_best_extended,cnn64,best_extended,20261008,test,2,0.0434255544114996,0.19758549808068404,78.02189187297198,0.8837175204514018,85.65562019440861,6,67,403
cnn64_20261008_best_extended,cnn64,best_extended,20261008,test,3,0.04640478221652485,0.15260266100211245,69.59110548152074,0.8342487494760771,84.19896271518377,6,67,403
cnn64_20261008_best_extended,cnn64,best_extended,20261008,test,4,0.04686643848742391,0.11735056149871108,60.06287665872083,0.7751037959647847,76.25687278831592,6,67,403
cnn64_20261008_best_extended,cnn64,best_extended,20261008,test,5,0.04321261729133309,0.10927828895512368,60.45635624009557,0.7787256946625489,73.5712381296645,6,67,403
cnn64_20261008_best_extended,cnn64,best_extended,20261008,test,6,0.06548820229359524,0.09045290878624387,27.599672390464104,0.5274856576491437,57.48607050993334,6,67,403
bilstm64_20261006_initial,bilstm64,initial,20261006,validation,0,0.04524185653235171,0.1031818900435575,56.15329733419965,0.7730551470662704,96.30058961136392,8,93,271
bilstm64_20261006_initial,bilstm64,initial,20261006,validation,1,0.07053438688983239,0.24376844090148833,71.06500471144386,0.8433799172319661,86.86709764379455,8,93,271
bilstm64_20261006_initial,bilstm64,initial,20261006,validation,2,0.07007792495613753,0.18161904815364865,61.41488149588141,0.7837033936206506,79.01991009500794,8,93,271
bilstm64_20261006_initial,bilstm64,initial,20261006,validation,3,0.05998716571301971,0.14539385463050994,58.74160853258525,0.7665310132023044,77.89289515429648,8,93,271
bilstm64_20261006_initial,bilstm64,initial,20261006,validation,4,0.03567209322186107,0.10952594048486089,67.43046162037585,0.8218685626020773,85.59760103202314,8,93,271
bilstm64_20261006_initial,bilstm64,initial,20261006,validation,5,0.04505261269874504,0.10876961535142554,58.57978117033529,0.7657224779172783,78.88114684630962,8,93,271
bilstm64_20261006_initial,bilstm64,initial,20261006,validation,6,0.042050066380528224,0.0725717813790706,42.05727683480113,0.6571972979301243,76.36656972730577,8,93,271
bilstm64_20261006_initial,bilstm64,initial,20261006,test,0,0.04843963694494895,0.14639064818227837,66.91070259854692,0.8179979900635598,82.16974173914247,6,67,403
bilstm64_20261006_initial,bilstm64,initial,20261006,test,1,0.06272984258763645,0.21564465017210976,70.91055004723249,0.8449101995198735,91.39590574422647,6,67,403
bilstm64_20261006_initial,bilstm64,initial,20261006,test,2,0.07149673823703213,0.19758549808068404,63.814784520351566,0.8001517945547325,84.59235011609285,6,67,403
bilstm64_20261006_initial,bilstm64,initial,20261006,test,3,0.058844020937225044,0.15260266100211245,61.439715041135166,0.7844064567639792,81.43453779480866,6,67,403
bilstm64_20261006_initial,bilstm64,initial,20261006,test,4,0.042420357727950005,0.11735056149871108,63.851593732326606,0.7994693510071976,77.42640762298298,6,67,403
bilstm64_20261006_initial,bilstm64,initial,20261006,test,5,0.046435160401962,0.10927828895512368,57.5074236191316,0.7584309242360174,77.03988248950063,6,67,403
bilstm64_20261006_initial,bilstm64,initial,20261006,test,6,0.05185380208257452,0.09045290878624387,42.673151390726225,0.6537246644824791,67.87131227275943,6,67,403
bilstm64_20261006_best_extended,bilstm64,best_extended,20261006,validation,0,0.024175095719586898,0.1031818900435575,76.57040813132852,0.8788215057390754,96.02042903818298,8,93,271
bilstm64_20261006_best_extended,bilstm64,best_extended,20261006,validation,1,0.04994129706487885,0.24376844090148833,79.51281270036874,0.8931926358677298,84.15694069425926,8,93,271
bilstm64_20261006_best_extended,bilstm64,best_extended,20261006,validation,2,0.016350647754738445,0.18161904815364865,90.99728364345027,0.9554713556180882,90.11328336271191,8,93,271
bilstm64_20261006_best_extended,bilstm64,best_extended,20261006,validation,3,0.028988560683841893,0.14539385463050994,80.0620454299732,0.8987383415619866,81.44166225694349,8,93,271
bilstm64_20261006_best_extended,bilstm64,best_extended,20261006,validation,4,0.023394217362759897,0.10952594048486089,78.6404779916101,0.8879648999500781,84.23920612492304,8,93,271
bilstm64_20261006_best_extended,bilstm64,best_extended,20261006,validation,5,0.03255219723483474,0.10876961535142554,70.07234315423355,0.8375173344680744,81.08367424174206,8,93,271
bilstm64_20261006_best_extended,bilstm64,best_extended,20261006,validation,6,0.03692011708896728,0.0725717813790706,49.126070233663995,0.70114551766384,68.25892625606342,8,93,271
bilstm64_20261006_best_extended,bilstm64,best_extended,20261006,test,0,0.02319309500983457,0.14639064818227837,84.15670994163801,0.9186361954155612,87.04142075760251,6,67,403
bilstm64_20261006_best_extended,bilstm64,best_extended,20261006,test,1,0.029093087438712115,0.21564465017210976,86.5087831228401,0.9304200646157373,95.4785314689421,6,67,403
bilstm64_20261006_best_extended,bilstm64,best_extended,20261006,test,2,0.015616281770261494,0.19758549808068404,92.0964433513817,0.9609738832449041,91.09102161301684,6,67,403
bilstm64_20261006_best_extended,bilstm64,best_extended,20261006,test,3,0.02334738423787877,0.15260266100211245,84.70053924056045,0.9229403712086193,85.35607171225716,6,67,403
bilstm64_20261006_best_extended,bilstm64,best_extended,20261006,test,4,0.025981515629212373,0.11735056149871108,77.8599136660307,0.8826393157575251,86.13549303869048,6,67,403
bilstm64_20261006_best_extended,bilstm64,best_extended,20261006,test,5,0.03579515173282336,0.10927828895512368,67.24404081077529,0.8201373251152545,80.65423282614913,6,67,403
bilstm64_20261006_best_extended,bilstm64,best_extended,20261006,test,6,0.048738246595276515,0.09045290878624387,46.11754641251664,0.681549079870557,62.38110148940146,6,67,403
bilstm64_20261007_initial,bilstm64,initial,20261007,validation,0,0.029090376065236536,0.1031818900435575,71.80670362506808,0.8513421852566004,93.32963196660428,8,93,271
bilstm64_20261007_initial,bilstm64,initial,20261007,validation,1,0.05813105000566202,0.24376844090148833,76.1531682318328,0.8752188739405506,80.8313007355927,8,93,271
bilstm64_20261007_initial,bilstm64,initial,20261007,validation,2,0.042573444255670126,0.18161904815364865,76.55893217783344,0.875542152845802,90.69227142099122,8,93,271
bilstm64_20261007_initial,bilstm64,initial,20261007,validation,3,0.08387633476353253,0.14539385463050994,42.310949127328776,0.6675718793517718,81.77142212409595,8,93,271
bilstm64_20261007_initial,bilstm64,initial,20261007,validation,4,0.04793251029393747,0.10952594048486089,56.23638557062846,0.7503138914828146,77.49528858981947,8,93,271
bilstm64_20261007_initial,bilstm64,initial,20261007,validation,5,0.05355679195448734,0.10876961535142554,50.761256458019254,0.7133221689311942,74.8192673781444,8,93,271
bilstm64_20261007_initial,bilstm64,initial,20261007,validation,6,0.04287086855479957,0.0725717813790706,40.926255715195445,0.646298341937386,73.81623155018964,8,93,271
bilstm64_20261007_initial,bilstm64,initial,20261007,test,0,0.030882843516755375,0.14639064818227837,78.90381393878276,0.8892652058727019,93.11515638904588,6,67,403
bilstm64_20261007_initial,bilstm64,initial,20261007,test,1,0.05115726110690936,0.21564465017210976,76.27705530089439,0.8830854861853606,101.37354877249332,6,67,403
bilstm64_20261007_initial,bilstm64,initial,20261007,test,2,0.04297452066838459,0.19758549808068404,78.250164568841,0.8850431417836685,91.33224121048036,6,67,403
bilstm64_20261007_initial,bilstm64,initial,20261007,test,3,0.061942223157640794,0.15260266100211245,59.40947375958054,0.7712603790991592,79.86069469345328,6,67,403
bilstm64_20261007_initial,bilstm64,initial,20261007,test,4,0.052599363298372274,0.11735056149871108,55.17757850783697,0.7428365924539873,74.83518449669155,6,67,403
bilstm64_20261007_initial,bilstm64,initial,20261007,test,5,0.049566893386769846,0.10927828895512368,54.641590877099986,0.7398991718687472,77.2068656804928,6,67,403
bilstm64_20261007_initial,bilstm64,initial,20261007,test,6,0.04614252115852444,0.09045290878624387,48.98724454780407,0.7000375981551905,71.34612099212858,6,67,403
bilstm64_20261007_best_extended,bilstm64,best_extended,20261007,validation,0,0.023707773572761895,0.1031818900435575,77.02331914761997,0.8852013757717568,100.07361505887353,8,93,271
bilstm64_20261007_best_extended,bilstm64,best_extended,20261007,validation,1,0.03886732336894021,0.24376844090148833,84.05563770880117,0.9187524333594009,85.91734377669088,8,93,271
bilstm64_20261007_best_extended,bilstm64,best_extended,20261007,validation,2,0.01441711975613823,0.18161904815364865,92.0618900370288,0.9603435636278823,91.98360355471463,8,93,271
bilstm64_20261007_best_extended,bilstm64,best_extended,20261007,validation,3,0.02819108956976282,0.14539385463050994,80.61053567813788,0.9006544593291024,82.9428773456525,8,93,271
bilstm64_20261007_best_extended,bilstm64,best_extended,20261007,validation,4,0.022684149855108932,0.10952594048486089,79.2887878846889,0.8911717562737491,85.51270571745722,8,93,271
bilstm64_20261007_best_extended,bilstm64,best_extended,20261007,validation,5,0.03181311696480897,0.10876961535142554,70.75183463504632,0.8417959733168826,80.859786580975,8,93,271
bilstm64_20261007_best_extended,bilstm64,best_extended,20261007,validation,6,0.035714649947163925,0.0725717813790706,50.78713892854243,0.7139351268619456,75.6736716574932,8,93,271
bilstm64_20261007_best_extended,bilstm64,best_extended,20261007,test,0,0.023340177049798027,0.14639064818227837,84.05623764932307,0.9176018656637583,87.97758511184763,6,67,403
bilstm64_20261007_best_extended,bilstm64,best_extended,20261007,test,1,0.02827663488891082,0.21564465017210976,86.88739328040704,0.9323322257224727,95.15532120798322,6,67,403
bilstm64_20261007_best_extended,bilstm64,best_extended,20261007,test,2,0.014228625479230763,0.19758549808068404,92.79875010188222,0.9646965837996873,91.31990326349576,6,67,403
bilstm64_20261007_best_extended,bilstm64,best_extended,20261007,test,3,0.026205176718564267,0.15260266100211245,82.82783763632962,0.9114854280254602,86.12130783741962,6,67,403
bilstm64_20261007_best_extended,bilstm64,best_extended,20261007,test,4,0.02441915821398062,0.11735056149871108,79.19127279655255,0.8899120661945333,89.54580190520038,6,67,403
bilstm64_20261007_best_extended,bilstm64,best_extended,20261007,test,5,0.03636732920724542,0.10927828895512368,66.72044414771166,0.816849771664432,82.31034098950168,6,67,403
bilstm64_20261007_best_extended,bilstm64,best_extended,20261007,test,6,0.04304526354398652,0.09045290878624387,52.41141039951513,0.7248759549011041,68.83924517985176,6,67,403
bilstm64_20261008_initial,bilstm64,initial,20261008,validation,0,0.03838600773623055,0.1031818900435575,62.797727663230276,0.8001101354726919,91.05590026186565,8,93,271
bilstm64_20261008_initial,bilstm64,initial,20261008,validation,1,0.08401540774704003,0.24376844090148833,65.53474787944667,0.809693896552566,79.3671183922968,8,93,271
bilstm64_20261008_initial,bilstm64,initial,20261008,validation,2,0.03740491270393024,0.18161904815364865,79.40474136155262,0.8918480643401631,92.85298888826989,8,93,271
bilstm64_20261008_initial,bilstm64,initial,20261008,validation,3,0.07047168073696314,0.14539385463050994,51.53049562097852,0.726301299696346,83.679393171684,8,93,271
bilstm64_20261008_initial,bilstm64,initial,20261008,validation,4,0.041049835722459654,0.10952594048486089,62.52044443468283,0.7924149817127172,84.45403967800202,8,93,271
bilstm64_20261008_initial,bilstm64,initial,20261008,validation,5,0.04340597342839473,0.10876961535142554,60.09365916377137,0.7766386327645998,82.38718230522959,8,93,271
bilstm64_20261008_initial,bilstm64,initial,20261008,validation,6,0.05173148905134466,0.0725717813790706,28.716798639500098,0.5602738990466786,72.37940982820275,8,93,271
bilstm64_20261008_initial,bilstm64,initial,20261008,test,0,0.03782369943743229,0.14639064818227837,74.16248926616126,0.8615039937114894,88.52576990905105,6,67,403
bilstm64_20261008_initial,bilstm64,initial,20261008,test,1,0.05898677941561385,0.21564465017210976,72.64630522086429,0.8581578588124811,95.80170518443649,6,67,403
bilstm64_20261008_initial,bilstm64,initial,20261008,test,2,0.042902696781246495,0.19758549808068404,78.28651535765687,0.8848106438942546,88.97827633616528,6,67,403
bilstm64_20261008_initial,bilstm64,initial,20261008,test,3,0.07131702535001744,0.15260266100211245,53.26619805861039,0.7360904195056429,83.18355243512144,6,67,403
bilstm64_20261008_initial,bilstm64,initial,20261008,test,4,0.042792995461803665,0.11735056149871108,63.534051379657285,0.7970825475476361,79.7354224666093,6,67,403
bilstm64_20261008_initial,bilstm64,initial,20261008,test,5,0.044468808228616,0.10927828895512368,59.30682237632985,0.7705171797794029,79.55870934590659,6,67,403
bilstm64_20261008_initial,bilstm64,initial,20261008,test,6,0.051314331996511954,0.09045290878624387,43.26956127217893,0.657800833775607,66.03156288155984,6,67,403
bilstm64_20261008_best_extended,bilstm64,best_extended,20261008,validation,0,0.02763348812410502,0.1031818900435575,73.21866452297033,0.8565557241801738,89.52992835948488,8,93,271
bilstm64_20261008_best_extended,bilstm64,best_extended,20261008,validation,1,0.057810926396456665,0.24376844090148833,76.28449105935776,0.8780229473020948,78.81375458428967,8,93,271
bilstm64_20261008_best_extended,bilstm64,best_extended,20261008,validation,2,0.020508719912988388,0.18161904815364865,88.70783647338679,0.9426080222212647,90.47726046602544,8,93,271
bilstm64_20261008_best_extended,bilstm64,best_extended,20261008,validation,3,0.03855070418701993,0.14539385463050994,73.48532763988615,0.8602477866944509,78.83243682979398,8,93,271
bilstm64_20261008_best_extended,bilstm64,best_extended,20261008,validation,4,0.025906584461352352,0.10952594048486089,76.3466222278792,0.8751709673705999,82.55927478624253,8,93,271
bilstm64_20261008_best_extended,bilstm64,best_extended,20261008,validation,5,0.03409733904538049,0.10876961535142554,68.65177932714496,0.8294473310560956,79.11709450637984,8,93,271
bilstm64_20261008_best_extended,bilstm64,best_extended,20261008,validation,6,0.03593631374323878,0.0725717813790706,50.48169817476374,0.710519058505341,70.6007877764097,8,93,271
bilstm64_20261008_best_extended,bilstm64,best_extended,20261008,test,0,0.031672958889617894,0.14639064818227837,78.36408316863226,0.8902727223237044,79.56963593817046,6,67,403
bilstm64_20261008_best_extended,bilstm64,best_extended,20261008,test,1,0.03958541750482365,0.21564465017210976,81.64321838115166,0.9037281115674018,88.66308654246662,6,67,403
bilstm64_20261008_best_extended,bilstm64,best_extended,20261008,test,2,0.02507672871672865,0.19758549808068404,87.30841637654572,0.9367101008305727,87.08189084558312,6,67,403
bilstm64_20261008_best_extended,bilstm64,best_extended,20261008,test,3,0.030361299886014777,0.15260266100211245,80.10434438912274,0.8970043739840796,83.72264260823452,6,67,403
bilstm64_20261008_best_extended,bilstm64,best_extended,20261008,test,4,0.02980009597420949,0.11735056149871108,74.60591956815068,0.8660731066394537,80.26425906191082,6,67,403
bilstm64_20261008_best_extended,bilstm64,best_extended,20261008,test,5,0.037188758246509086,0.10927828895512368,65.96875866002894,0.8135161598514419,76.7462324624093,6,67,403
bilstm64_20261008_best_extended,bilstm64,best_extended,20261008,test,6,0.05194237018072958,0.09045290878624387,42.575235138674714,0.6527266245040829,63.5414924710406,6,67,403
transformer64_20261006_initial,transformer64,initial,20261006,validation,0,0.059053187321470406,0.1031818900435575,42.76787593584347,0.6595699877060427,74.53243422550347,8,93,271
transformer64_20261006_initial,transformer64,initial,20261006,validation,1,0.13634975897654927,0.24376844090148833,44.06586903853936,0.6642402087445525,64.06528280588095,8,93,271
transformer64_20261006_initial,transformer64,initial,20261006,validation,2,0.12433840844023904,0.18161904815364865,31.538894348213155,0.5684516566287794,65.6476326136092,8,93,271
transformer64_20261006_initial,transformer64,initial,20261006,validation,3,0.0968662084331986,0.14539385463050994,33.37668316218376,0.5826397552301286,65.81530173288184,8,93,271
transformer64_20261006_initial,transformer64,initial,20261006,validation,4,0.075044192021243,0.10952594048486089,31.482723006961155,0.5634541466037428,61.49647790531739,8,93,271
transformer64_20261006_initial,transformer64,initial,20261006,validation,5,0.08556037294350904,0.10876961535142554,21.337983344824174,0.47769326878689256,59.93938258770966,8,93,271
transformer64_20261006_initial,transformer64,initial,20261006,validation,6,0.0691932434917895,0.0725717813790706,4.655442960168887,0.2784196852039455,45.43830095285807,8,93,271
transformer64_20261006_initial,transformer64,initial,20261006,test,0,0.07388494398952387,0.14639064818227837,49.52891806481654,0.7098781715318121,61.69382029005328,6,67,403
transformer64_20261006_initial,transformer64,initial,20261006,test,1,0.1033351859217853,0.21564465017210976,52.08080245009015,0.7225885526101867,68.61716353548331,6,67,403
transformer64_20261006_initial,transformer64,initial,20261006,test,2,0.11727743914211206,0.19758549808068404,40.644713158947624,0.6394341814509336,59.01498957368171,6,67,403
transformer64_20261006_initial,transformer64,initial,20261006,test,3,0.09690321532676162,0.15260266100211245,36.49965558240154,0.604419046044504,58.636835638087746,6,67,403
transformer64_20261006_initial,transformer64,initial,20261006,test,4,0.0756371371076243,0.11735056149871108,35.545994717328156,0.5965889259264446,57.51786628550358,6,67,403
transformer64_20261006_initial,transformer64,initial,20261006,test,5,0.07036268983759819,0.10927828895512368,35.61146453666254,0.5970445387850044,57.84022233071945,6,67,403
transformer64_20261006_initial,transformer64,initial,20261006,test,6,0.08114311572409233,0.09045290878624387,10.292419765241846,0.3323740492722894,41.925506547974045,6,67,403
transformer64_20261006_best_extended,transformer64,best_extended,20261006,validation,0,0.017118879637889023,0.1031818900435575,83.40902688382388,0.9176072762593902,100.65614476395939,8,93,271
transformer64_20261006_best_extended,transformer64,best_extended,20261006,validation,1,0.035545865425972614,0.24376844090148833,85.4181840378848,0.9264529476720823,86.21627939046357,8,93,271
transformer64_20261006_best_extended,transformer64,best_extended,20261006,validation,2,0.021591671479114057,0.18161904815364865,88.11156004911575,0.9388935571077861,91.87562512463947,8,93,271
transformer64_20261006_best_extended,transformer64,best_extended,20261006,validation,3,0.03229482554943291,0.14539385463050994,77.78803950723785,0.8823200832676974,85.76556500664681,8,93,271
transformer64_20261006_best_extended,transformer64,best_extended,20261006,validation,4,0.02311919942240033,0.10952594048486089,78.89157644293778,0.8882139320776575,88.53460569973575,8,93,271
transformer64_20261006_best_extended,transformer64,best_extended,20261006,validation,5,0.0372275269832453,0.10876961535142554,65.7739646656226,0.8113084609647294,83.3257770218846,8,93,271
transformer64_20261006_best_extended,transformer64,best_extended,20261006,validation,6,0.041490867451524374,0.0725717813790706,42.82782279409477,0.6565256200935722,70.89437648366311,8,93,271
transformer64_20261006_best_extended,transformer64,best_extended,20261006,test,0,0.017164963169847003,0.14639064818227837,88.27454937662819,0.9395864199309613,93.0803097530035,6,67,403
transformer64_20261006_best_extended,transformer64,best_extended,20261006,test,1,0.026000401999540616,0.21564465017210976,87.94294132556071,0.9400676662686306,100.5625304329683,6,67,403
transformer64_20261006_best_extended,transformer64,best_extended,20261006,test,2,0.01955878109884747,0.19758549808068404,90.1011049450296,0.9494687097094382,92.75647998527037,6,67,403
transformer64_20261006_best_extended,transformer64,best_extended,20261006,test,3,0.02798578228863943,0.15260266100211245,81.66101291755848,0.9036977531616912,89.59841357286153,6,67,403
transformer64_20261006_best_extended,transformer64,best_extended,20261006,test,4,0.028050797241580994,0.11735056149871108,76.09658029468476,0.8724301249313449,88.54116479881799,6,67,403
transformer64_20261006_best_extended,transformer64,best_extended,20261006,test,5,0.03905168207577305,0.10927828895512368,64.26400664837455,0.8019591613442889,82.42847068088409,6,67,403
transformer64_20261006_best_extended,transformer64,best_extended,20261006,test,6,0.05639215874116643,0.09045290878624387,37.65578188930219,0.6136526743771609,61.0219617835382,6,67,403
transformer64_20261007_initial,transformer64,initial,20261007,validation,0,0.054616177609847,0.1031818900435575,47.0680585645493,0.6902221108500083,76.58922942827627,8,93,271
transformer64_20261007_initial,transformer64,initial,20261007,validation,1,0.13071578974044243,0.24376844090148833,46.37706617926507,0.681351183392032,65.97000098193743,8,93,271
transformer64_20261007_initial,transformer64,initial,20261007,validation,2,0.12556554841758455,0.18161904815364865,30.86322734641973,0.555854549487519,57.43479732315071,8,93,271
transformer64_20261007_initial,transformer64,initial,20261007,validation,3,0.10183476153658899,0.14539385463050994,29.95937703461943,0.5547055321091146,64.47302898497568,8,93,271
transformer64_20261007_initial,transformer64,initial,20261007,validation,4,0.07335377593368923,0.10952594048486089,33.02611636206084,0.5766614375713796,52.89408973263002,8,93,271
transformer64_20261007_initial,transformer64,initial,20261007,validation,5,0.08108423426208862,0.10876961535142554,25.453230665464588,0.5046565680218721,51.67373375738953,8,93,271
transformer64_20261007_initial,transformer64,initial,20261007,validation,6,0.06984933087396414,0.0725717813790706,3.7513899388607275,0.30533599443838333,54.13787238563207,8,93,271
transformer64_20261007_initial,transformer64,initial,20261007,test,0,0.07141622293270455,0.14639064818227837,51.21531066398407,0.7182484383050575,65.71934427042675,6,67,403
transformer64_20261007_initial,transformer64,initial,20261007,test,1,0.10089861301033598,0.21564465017210976,53.21070430923882,0.7295124878947032,72.04888022879085,6,67,403
transformer64_20261007_initial,transformer64,initial,20261007,test,2,0.12586635107930164,0.19758549808068404,36.29777878338819,0.6053265110982933,54.66545654636823,6,67,403
transformer64_20261007_initial,transformer64,initial,20261007,test,3,0.10399358417923159,0.15260266100211245,31.85336120856239,0.5661165191116784,61.032399727431276,6,67,403
transformer64_20261007_initial,transformer64,initial,20261007,test,4,0.08493570617437697,0.11735056149871108,27.622241351346354,0.52571269102007,51.340740816673424,6,67,403
transformer64_20261007_initial,transformer64,initial,20261007,test,5,0.0824843599906036,0.10927828895512368,24.51898654409138,0.4951671620755602,49.435910449669805,6,67,403
transformer64_20261007_initial,transformer64,initial,20261007,test,6,0.07964416849938616,0.09045290878624387,11.949577334655615,0.3510581647086888,41.22632434364854,6,67,403
transformer64_20261007_best_extended,transformer64,best_extended,20261007,validation,0,0.017321621412527473,0.1031818900435575,83.2125371950298,0.9164023975245408,100.3969413223523,8,93,271
transformer64_20261007_best_extended,transformer64,best_extended,20261007,validation,1,0.03755595232597567,0.24376844090148833,84.59359538622444,0.9221779025105533,85.52740161023675,8,93,271
transformer64_20261007_best_extended,transformer64,best_extended,20261007,validation,2,0.0223993111085825,0.18161904815364865,87.66687121406295,0.9369981567987244,90.09865794439887,8,93,271
transformer64_20261007_best_extended,transformer64,best_extended,20261007,validation,3,0.0374534873362702,0.14539385463050994,74.23997910265814,0.862353806526016,82.69377564451975,8,93,271
transformer64_20261007_best_extended,transformer64,best_extended,20261007,validation,4,0.02685721700901341,0.10952594048486089,75.47867026740964,0.8688470404754746,87.92622730169849,8,93,271
transformer64_20261007_best_extended,transformer64,best_extended,20261007,validation,5,0.035372246137399845,0.10876961535142554,67.47966238262858,0.8216616561538411,83.98620233805329,8,93,271
transformer64_20261007_best_extended,transformer64,best_extended,20261007,validation,6,0.04235169493416354,0.0725717813790706,41.64164895864387,0.6479223851782315,70.61197015133624,8,93,271
transformer64_20261007_best_extended,transformer64,best_extended,20261007,test,0,0.020466149675334427,0.14639064818227837,86.01949651192815,0.9281265535017369,89.31417825902378,6,67,403
transformer64_20261007_best_extended,transformer64,best_extended,20261007,test,1,0.028056031599659147,0.21564465017210976,86.98969272955897,0.933347727659226,96.85763159228776,6,67,403
transformer64_20261007_best_extended,transformer64,best_extended,20261007,test,2,0.021343526034795068,0.19758549808068404,89.19782765328281,0.94467896155214,92.37012622883478,6,67,403
transformer64_20261007_best_extended,transformer64,best_extended,20261007,test,3,0.030332632186888937,0.15260266100211245,80.12313023396817,0.8955446994234268,86.78137361203922,6,67,403
transformer64_20261007_best_extended,transformer64,best_extended,20261007,test,4,0.02523158915981879,0.11735056149871108,78.49896171132005,0.8860067299044929,89.02855525058109,6,67,403
transformer64_20261007_best_extended,transformer64,best_extended,20261007,test,5,0.03320863741380443,0.10927828895512368,69.61094675682385,0.8345144959353811,85.19780682516817,6,67,403
transformer64_20261007_best_extended,transformer64,best_extended,20261007,test,6,0.058325814241868085,0.09045290878624387,35.518033610503075,0.598040814124108,64.77648450668404,6,67,403
transformer64_20261008_initial,transformer64,initial,20261008,validation,0,0.07738745621472479,0.1031818900435575,24.998993348487588,0.5395752093268743,74.24334678111263,8,93,271
transformer64_20261008_initial,transformer64,initial,20261008,validation,1,0.16986705624189874,0.24376844090148833,30.31622321014663,0.5571255657312285,64.21353527552839,8,93,271
transformer64_20261008_initial,transformer64,initial,20261008,validation,2,0.09976984754744458,0.18161904815364865,45.066418659434945,0.6716113982787539,65.16693897642331,8,93,271
transformer64_20261008_initial,transformer64,initial,20261008,validation,3,0.11324153215611385,0.14539385463050994,22.113948733325028,0.4764200857475823,55.28178001799105,8,93,271
transformer64_20261008_initial,transformer64,initial,20261008,validation,4,0.07042284400560926,0.10952594048486089,35.70213257804129,0.5987584245168522,56.01536948909158,8,93,271
transformer64_20261008_initial,transformer64,initial,20261008,validation,5,0.07136834827874224,0.10876961535142554,34.38576752509691,0.5875034786018817,55.14110677881996,8,93,271
transformer64_20261008_initial,transformer64,initial,20261008,validation,6,0.056953995523730046,0.0725717813790706,21.52046643827411,0.4679606277520251,52.94625362047659,8,93,271
transformer64_20261008_initial,transformer64,initial,20261008,test,0,0.09409477489992328,0.14639064818227837,35.723506884974555,0.5986461971745076,63.24426547071121,6,67,403
transformer64_20261008_initial,transformer64,initial,20261008,test,1,0.13731331962480495,0.21564465017210976,36.32426331225338,0.6072664177588074,68.16295068224,6,67,403
transformer64_20261008_initial,transformer64,initial,20261008,test,2,0.1035013800879729,0.19758549808068404,47.61691465549354,0.6904706336816818,66.6376040473883,6,67,403
transformer64_20261008_initial,transformer64,initial,20261008,test,3,0.1133870793885081,0.15260266100211245,25.697836037774923,0.5082228423709721,54.444572367382584,6,67,403
transformer64_20261008_initial,transformer64,initial,20261008,test,4,0.08233945263002843,0.11735056149871108,29.834632592761135,0.5481935748542002,59.47754338104072,6,67,403
transformer64_20261008_initial,transformer64,initial,20261008,test,5,0.07786953280859193,0.10927828895512368,28.741991155654066,0.5407650089263311,61.15243427456524,6,67,403
transformer64_20261008_initial,transformer64,initial,20261008,test,6,0.07657209240232725,0.09045290878624387,15.345903819101537,0.4019506034223851,49.197976203560486,6,67,403
transformer64_20261008_best_extended,transformer64,best_extended,20261008,validation,0,0.02241655488062644,0.1031818900435575,78.27471965171074,0.8904654886157938,99.13693532526682,8,93,271
transformer64_20261008_best_extended,transformer64,best_extended,20261008,validation,1,0.044020629294038355,0.24376844090148833,81.9416208549211,0.9077193270121049,84.03534002976431,8,93,271
transformer64_20261008_best_extended,transformer64,best_extended,20261008,validation,2,0.02490072346566417,0.18161904815364865,86.28958596644648,0.9301466216157104,88.2429978411761,8,93,271
transformer64_20261008_best_extended,transformer64,best_extended,20261008,validation,3,0.03865605815325383,0.14539385463050994,73.41286655375453,0.8584404218039043,80.56077401634595,8,93,271
transformer64_20261008_best_extended,transformer64,best_extended,20261008,validation,4,0.029344799213551966,0.10952594048486089,73.20744374926585,0.8558925534927514,83.40379056647656,8,93,271
transformer64_20261008_best_extended,transformer64,best_extended,20261008,validation,5,0.040166755274475836,0.10876961535142554,63.07171341490875,0.794238532017487,80.41234494276098,8,93,271
transformer64_20261008_best_extended,transformer64,best_extended,20261008,validation,6,0.045358595621770886,0.0725717813790706,37.49830201239608,0.6168905249229678,69.15289842839077,8,93,271
transformer64_20261008_best_extended,transformer64,best_extended,20261008,test,0,0.023906319018855933,0.14639064818227837,83.66950395008227,0.915037663025839,89.056553081457,6,67,403
transformer64_20261008_best_extended,transformer64,best_extended,20261008,test,1,0.029316259256913533,0.21564465017210976,86.40529258040219,0.9306572728830729,97.61548966246971,6,67,403
transformer64_20261008_best_extended,transformer64,best_extended,20261008,test,2,0.023205494997337518,0.19758549808068404,88.25546650804222,0.939490028102125,93.0170810167703,6,67,403
transformer64_20261008_best_extended,transformer64,best_extended,20261008,test,3,0.037118397380423045,0.15260266100211245,75.67644159238533,0.8700117009014913,88.24994461604669,6,67,403
transformer64_20261008_best_extended,transformer64,best_extended,20261008,test,4,0.03515707057725076,0.11735056149871108,70.04098648676947,0.8370130052816455,82.35628698579518,6,67,403
transformer64_20261008_best_extended,transformer64,best_extended,20261008,test,5,0.038630811771360934,0.10927828895512368,64.64914289861814,0.8040498141331356,80.18877268663358,6,67,403
transformer64_20261008_best_extended,transformer64,best_extended,20261008,test,6,0.053376451177763386,0.09045290878624387,40.98979027429475,0.6402364684027828,64.24348154908732,6,67,403
