method,arm,stage,seed,fold,alpha,normalized_mse,train_works,held_works,train_windows,held_windows
summary14,summary14,baseline,-1,0,0.0001,0.9232003618804262,31,8,1502,137
summary14,summary14,baseline,-1,0,0.001,0.9231312010082497,31,8,1502,137
summary14,summary14,baseline,-1,0,0.01,0.9224748578871811,31,8,1502,137
summary14,summary14,baseline,-1,0,0.1,0.9180430006339305,31,8,1502,137
summary14,summary14,baseline,-1,0,1.0,0.907231983749002,31,8,1502,137
summary14,summary14,baseline,-1,0,10.0,0.9037760758497078,31,8,1502,137
summary14,summary14,baseline,-1,1,0.0001,0.9612361241299443,31,8,1357,282
summary14,summary14,baseline,-1,1,0.001,0.9611399922496844,31,8,1357,282
summary14,summary14,baseline,-1,1,0.01,0.9602340714314671,31,8,1357,282
summary14,summary14,baseline,-1,1,0.1,0.954448011247875,31,8,1357,282
summary14,summary14,baseline,-1,1,1.0,0.9435049264015634,31,8,1357,282
summary14,summary14,baseline,-1,1,10.0,0.9421266605576202,31,8,1357,282
summary14,summary14,baseline,-1,2,0.0001,1.1355727517777088,31,8,1101,538
summary14,summary14,baseline,-1,2,0.001,1.1354721160888768,31,8,1101,538
summary14,summary14,baseline,-1,2,0.01,1.1345356201457548,31,8,1101,538
summary14,summary14,baseline,-1,2,0.1,1.1289575111770518,31,8,1101,538
summary14,summary14,baseline,-1,2,1.0,1.1189705010958202,31,8,1101,538
summary14,summary14,baseline,-1,2,10.0,1.1168563515008738,31,8,1101,538
summary14,summary14,baseline,-1,3,0.0001,1.1428908606202088,31,8,1295,344
summary14,summary14,baseline,-1,3,0.001,1.1428072737119153,31,8,1295,344
summary14,summary14,baseline,-1,3,0.01,1.1420092042606844,31,8,1295,344
summary14,summary14,baseline,-1,3,0.1,1.1363999998392011,31,8,1295,344
summary14,summary14,baseline,-1,3,1.0,1.1226135608257475,31,8,1295,344
summary14,summary14,baseline,-1,3,10.0,1.1179750288028347,31,8,1295,344
summary14,summary14,baseline,-1,4,0.0001,0.9752521752676996,32,7,1301,338
summary14,summary14,baseline,-1,4,0.001,0.9751237474823162,32,7,1301,338
summary14,summary14,baseline,-1,4,0.01,0.9739266044608513,32,7,1301,338
summary14,summary14,baseline,-1,4,0.1,0.9669250240835696,32,7,1301,338
summary14,summary14,baseline,-1,4,1.0,0.95733757947503,32,7,1301,338
summary14,summary14,baseline,-1,4,10.0,0.9575804107129606,32,7,1301,338
pca64,pca64,baseline,-1,0,0.0001,0.1767885744608793,31,8,1502,137
pca64,pca64,baseline,-1,0,0.001,0.17688484254502918,31,8,1502,137
pca64,pca64,baseline,-1,0,0.01,0.17789232519123582,31,8,1502,137
pca64,pca64,baseline,-1,0,0.1,0.19158817273631978,31,8,1502,137
pca64,pca64,baseline,-1,0,1.0,0.3853899913908658,31,8,1502,137
pca64,pca64,baseline,-1,0,10.0,0.7872648124212653,31,8,1502,137
pca64,pca64,baseline,-1,1,0.0001,0.20625700592758967,31,8,1357,282
pca64,pca64,baseline,-1,1,0.001,0.2063254500047858,31,8,1357,282
pca64,pca64,baseline,-1,1,0.01,0.2070609210307528,31,8,1357,282
pca64,pca64,baseline,-1,1,0.1,0.2185737364446693,31,8,1357,282
pca64,pca64,baseline,-1,1,1.0,0.40939680471902884,31,8,1357,282
pca64,pca64,baseline,-1,1,10.0,0.8217243092552426,31,8,1357,282
pca64,pca64,baseline,-1,2,0.0001,0.20982508398147268,31,8,1101,538
pca64,pca64,baseline,-1,2,0.001,0.20996593740100894,31,8,1101,538
pca64,pca64,baseline,-1,2,0.01,0.21142626090291036,31,8,1101,538
pca64,pca64,baseline,-1,2,0.1,0.23019109843215327,31,8,1101,538
pca64,pca64,baseline,-1,2,1.0,0.47569119073382876,31,8,1101,538
pca64,pca64,baseline,-1,2,10.0,0.9728359762698687,31,8,1101,538
pca64,pca64,baseline,-1,3,0.0001,0.22218462574635223,31,8,1295,344
pca64,pca64,baseline,-1,3,0.001,0.22233740881305292,31,8,1295,344
pca64,pca64,baseline,-1,3,0.01,0.2239136939335556,31,8,1295,344
pca64,pca64,baseline,-1,3,0.1,0.24355300655374412,31,8,1295,344
pca64,pca64,baseline,-1,3,1.0,0.48849289668076645,31,8,1295,344
pca64,pca64,baseline,-1,3,10.0,0.9767699355830286,31,8,1295,344
pca64,pca64,baseline,-1,4,0.0001,0.1947962407776415,32,7,1301,338
pca64,pca64,baseline,-1,4,0.001,0.19491716226268613,32,7,1301,338
pca64,pca64,baseline,-1,4,0.01,0.19616953090376832,32,7,1301,338
pca64,pca64,baseline,-1,4,0.1,0.21215799555546205,32,7,1301,338
pca64,pca64,baseline,-1,4,1.0,0.41930354506278034,32,7,1301,338
pca64,pca64,baseline,-1,4,10.0,0.8374703194402274,32,7,1301,338
cnn64_20261006_initial,cnn64,initial,20261006,0,0.0001,0.5895117355666313,31,8,1502,137
cnn64_20261006_initial,cnn64,initial,20261006,0,0.001,0.5892447747837329,31,8,1502,137
cnn64_20261006_initial,cnn64,initial,20261006,0,0.01,0.5867453390078994,31,8,1502,137
cnn64_20261006_initial,cnn64,initial,20261006,0,0.1,0.5733112351792503,31,8,1502,137
cnn64_20261006_initial,cnn64,initial,20261006,0,1.0,0.6242770217073945,31,8,1502,137
cnn64_20261006_initial,cnn64,initial,20261006,0,10.0,0.823050227009308,31,8,1502,137
cnn64_20261006_initial,cnn64,initial,20261006,1,0.0001,0.6321088879108789,31,8,1357,282
cnn64_20261006_initial,cnn64,initial,20261006,1,0.001,0.6317650326529882,31,8,1357,282
cnn64_20261006_initial,cnn64,initial,20261006,1,0.01,0.6285514031549032,31,8,1357,282
cnn64_20261006_initial,cnn64,initial,20261006,1,0.1,0.611286021893014,31,8,1357,282
cnn64_20261006_initial,cnn64,initial,20261006,1,1.0,0.6593873439655148,31,8,1357,282
cnn64_20261006_initial,cnn64,initial,20261006,1,10.0,0.8586920833326058,31,8,1357,282
cnn64_20261006_initial,cnn64,initial,20261006,2,0.0001,0.748003036160958,31,8,1101,538
cnn64_20261006_initial,cnn64,initial,20261006,2,0.001,0.7476750757694662,31,8,1101,538
cnn64_20261006_initial,cnn64,initial,20261006,2,0.01,0.7446350288366862,31,8,1101,538
cnn64_20261006_initial,cnn64,initial,20261006,2,0.1,0.7299880523177082,31,8,1101,538
cnn64_20261006_initial,cnn64,initial,20261006,2,1.0,0.8021589311697246,31,8,1101,538
cnn64_20261006_initial,cnn64,initial,20261006,2,10.0,1.0275064911403682,31,8,1101,538
cnn64_20261006_initial,cnn64,initial,20261006,3,0.0001,0.6968737225179225,31,8,1295,344
cnn64_20261006_initial,cnn64,initial,20261006,3,0.001,0.6967330128613456,31,8,1295,344
cnn64_20261006_initial,cnn64,initial,20261006,3,0.01,0.6955039131052262,31,8,1295,344
cnn64_20261006_initial,cnn64,initial,20261006,3,0.1,0.6944125158059589,31,8,1295,344
cnn64_20261006_initial,cnn64,initial,20261006,3,1.0,0.8003980736575066,31,8,1295,344
cnn64_20261006_initial,cnn64,initial,20261006,3,10.0,1.0323793110987198,31,8,1295,344
cnn64_20261006_initial,cnn64,initial,20261006,4,0.0001,0.6609932634209559,32,7,1301,338
cnn64_20261006_initial,cnn64,initial,20261006,4,0.001,0.66077689728654,32,7,1301,338
cnn64_20261006_initial,cnn64,initial,20261006,4,0.01,0.6587698513185709,32,7,1301,338
cnn64_20261006_initial,cnn64,initial,20261006,4,0.1,0.6490682393068254,32,7,1301,338
cnn64_20261006_initial,cnn64,initial,20261006,4,1.0,0.7033803224958975,32,7,1301,338
cnn64_20261006_initial,cnn64,initial,20261006,4,10.0,0.8843236925618501,32,7,1301,338
cnn64_20261006_best_extended,cnn64,best_extended,20261006,0,0.0001,0.29075987115697366,31,8,1502,137
cnn64_20261006_best_extended,cnn64,best_extended,20261006,0,0.001,0.2903283744545992,31,8,1502,137
cnn64_20261006_best_extended,cnn64,best_extended,20261006,0,0.01,0.28814864111094357,31,8,1502,137
cnn64_20261006_best_extended,cnn64,best_extended,20261006,0,0.1,0.29719510084216133,31,8,1502,137
cnn64_20261006_best_extended,cnn64,best_extended,20261006,0,1.0,0.43707073350660497,31,8,1502,137
cnn64_20261006_best_extended,cnn64,best_extended,20261006,0,10.0,0.7544167280185633,31,8,1502,137
cnn64_20261006_best_extended,cnn64,best_extended,20261006,1,0.0001,0.33745286398434327,31,8,1357,282
cnn64_20261006_best_extended,cnn64,best_extended,20261006,1,0.001,0.33686172692182587,31,8,1357,282
cnn64_20261006_best_extended,cnn64,best_extended,20261006,1,0.01,0.3334541131506656,31,8,1357,282
cnn64_20261006_best_extended,cnn64,best_extended,20261006,1,0.1,0.3340535956064,31,8,1357,282
cnn64_20261006_best_extended,cnn64,best_extended,20261006,1,1.0,0.4446982700863484,31,8,1357,282
cnn64_20261006_best_extended,cnn64,best_extended,20261006,1,10.0,0.7735774837472033,31,8,1357,282
cnn64_20261006_best_extended,cnn64,best_extended,20261006,2,0.0001,0.38654116930227167,31,8,1101,538
cnn64_20261006_best_extended,cnn64,best_extended,20261006,2,0.001,0.38559686188435044,31,8,1101,538
cnn64_20261006_best_extended,cnn64,best_extended,20261006,2,0.01,0.3798043910931301,31,8,1101,538
cnn64_20261006_best_extended,cnn64,best_extended,20261006,2,0.1,0.3789297309737162,31,8,1101,538
cnn64_20261006_best_extended,cnn64,best_extended,20261006,2,1.0,0.5316305543208403,31,8,1101,538
cnn64_20261006_best_extended,cnn64,best_extended,20261006,2,10.0,0.9284625626096965,31,8,1101,538
cnn64_20261006_best_extended,cnn64,best_extended,20261006,3,0.0001,0.35152654403861866,31,8,1295,344
cnn64_20261006_best_extended,cnn64,best_extended,20261006,3,0.001,0.3506273681862906,31,8,1295,344
cnn64_20261006_best_extended,cnn64,best_extended,20261006,3,0.01,0.34578523353484975,31,8,1295,344
cnn64_20261006_best_extended,cnn64,best_extended,20261006,3,0.1,0.3563621577357069,31,8,1295,344
cnn64_20261006_best_extended,cnn64,best_extended,20261006,3,1.0,0.5402509972946146,31,8,1295,344
cnn64_20261006_best_extended,cnn64,best_extended,20261006,3,10.0,0.9409580477627737,31,8,1295,344
cnn64_20261006_best_extended,cnn64,best_extended,20261006,4,0.0001,0.29361083517685477,32,7,1301,338
cnn64_20261006_best_extended,cnn64,best_extended,20261006,4,0.001,0.2930955974386033,32,7,1301,338
cnn64_20261006_best_extended,cnn64,best_extended,20261006,4,0.01,0.29067140706515165,32,7,1301,338
cnn64_20261006_best_extended,cnn64,best_extended,20261006,4,0.1,0.3006041540174116,32,7,1301,338
cnn64_20261006_best_extended,cnn64,best_extended,20261006,4,1.0,0.45527567703763105,32,7,1301,338
cnn64_20261006_best_extended,cnn64,best_extended,20261006,4,10.0,0.8013867250765477,32,7,1301,338
cnn64_20261007_initial,cnn64,initial,20261007,0,0.0001,0.5442487715218207,31,8,1502,137
cnn64_20261007_initial,cnn64,initial,20261007,0,0.001,0.5441347237372768,31,8,1502,137
cnn64_20261007_initial,cnn64,initial,20261007,0,0.01,0.5431119240680606,31,8,1502,137
cnn64_20261007_initial,cnn64,initial,20261007,0,0.1,0.5405928167817725,31,8,1502,137
cnn64_20261007_initial,cnn64,initial,20261007,0,1.0,0.613918978687837,31,8,1502,137
cnn64_20261007_initial,cnn64,initial,20261007,0,10.0,0.817753313474913,31,8,1502,137
cnn64_20261007_initial,cnn64,initial,20261007,1,0.0001,0.6368926539289377,31,8,1357,282
cnn64_20261007_initial,cnn64,initial,20261007,1,0.001,0.6365723148389413,31,8,1357,282
cnn64_20261007_initial,cnn64,initial,20261007,1,0.01,0.6335765272299155,31,8,1357,282
cnn64_20261007_initial,cnn64,initial,20261007,1,0.1,0.6171004422244344,31,8,1357,282
cnn64_20261007_initial,cnn64,initial,20261007,1,1.0,0.6538060416938977,31,8,1357,282
cnn64_20261007_initial,cnn64,initial,20261007,1,10.0,0.8505905657873963,31,8,1357,282
cnn64_20261007_initial,cnn64,initial,20261007,2,0.0001,0.7086103111243564,31,8,1101,538
cnn64_20261007_initial,cnn64,initial,20261007,2,0.001,0.7082715754436315,31,8,1101,538
cnn64_20261007_initial,cnn64,initial,20261007,2,0.01,0.7051356847436754,31,8,1101,538
cnn64_20261007_initial,cnn64,initial,20261007,2,0.1,0.6900898681041362,31,8,1101,538
cnn64_20261007_initial,cnn64,initial,20261007,2,1.0,0.7650295242295068,31,8,1101,538
cnn64_20261007_initial,cnn64,initial,20261007,2,10.0,1.0134591441456924,31,8,1101,538
cnn64_20261007_initial,cnn64,initial,20261007,3,0.0001,0.691929073781566,31,8,1295,344
cnn64_20261007_initial,cnn64,initial,20261007,3,0.001,0.6917627154417456,31,8,1295,344
cnn64_20261007_initial,cnn64,initial,20261007,3,0.01,0.6902697757920165,31,8,1295,344
cnn64_20261007_initial,cnn64,initial,20261007,3,0.1,0.686241206844649,31,8,1295,344
cnn64_20261007_initial,cnn64,initial,20261007,3,1.0,0.7785016258150271,31,8,1295,344
cnn64_20261007_initial,cnn64,initial,20261007,3,10.0,1.0204787956656611,31,8,1295,344
cnn64_20261007_initial,cnn64,initial,20261007,4,0.0001,0.6104694489673672,32,7,1301,338
cnn64_20261007_initial,cnn64,initial,20261007,4,0.001,0.6102804981642576,32,7,1301,338
cnn64_20261007_initial,cnn64,initial,20261007,4,0.01,0.6085649892700723,32,7,1301,338
cnn64_20261007_initial,cnn64,initial,20261007,4,0.1,0.6023905837139142,32,7,1301,338
cnn64_20261007_initial,cnn64,initial,20261007,4,1.0,0.6737484452390591,32,7,1301,338
cnn64_20261007_initial,cnn64,initial,20261007,4,10.0,0.8749252797522213,32,7,1301,338
cnn64_20261007_best_extended,cnn64,best_extended,20261007,0,0.0001,0.2652601426391453,31,8,1502,137
cnn64_20261007_best_extended,cnn64,best_extended,20261007,0,0.001,0.26480810419588585,31,8,1502,137
cnn64_20261007_best_extended,cnn64,best_extended,20261007,0,0.01,0.2617675292317013,31,8,1502,137
cnn64_20261007_best_extended,cnn64,best_extended,20261007,0,0.1,0.2624470541705549,31,8,1502,137
cnn64_20261007_best_extended,cnn64,best_extended,20261007,0,1.0,0.376990346356057,31,8,1502,137
cnn64_20261007_best_extended,cnn64,best_extended,20261007,0,10.0,0.7255024482201293,31,8,1502,137
cnn64_20261007_best_extended,cnn64,best_extended,20261007,1,0.0001,0.3270191217403508,31,8,1357,282
cnn64_20261007_best_extended,cnn64,best_extended,20261007,1,0.001,0.32641256011788145,31,8,1357,282
cnn64_20261007_best_extended,cnn64,best_extended,20261007,1,0.01,0.3224752663639694,31,8,1357,282
cnn64_20261007_best_extended,cnn64,best_extended,20261007,1,0.1,0.32213435605144825,31,8,1357,282
cnn64_20261007_best_extended,cnn64,best_extended,20261007,1,1.0,0.4266429932915637,31,8,1357,282
cnn64_20261007_best_extended,cnn64,best_extended,20261007,1,10.0,0.760229787217083,31,8,1357,282
cnn64_20261007_best_extended,cnn64,best_extended,20261007,2,0.0001,0.3043405134963706,31,8,1101,538
cnn64_20261007_best_extended,cnn64,best_extended,20261007,2,0.001,0.30377642884352324,31,8,1101,538
cnn64_20261007_best_extended,cnn64,best_extended,20261007,2,0.01,0.30085378080509495,31,8,1101,538
cnn64_20261007_best_extended,cnn64,best_extended,20261007,2,0.1,0.3107682590553755,31,8,1101,538
cnn64_20261007_best_extended,cnn64,best_extended,20261007,2,1.0,0.4652639819857236,31,8,1101,538
cnn64_20261007_best_extended,cnn64,best_extended,20261007,2,10.0,0.8991453965823929,31,8,1101,538
cnn64_20261007_best_extended,cnn64,best_extended,20261007,3,0.0001,0.2873136019669854,31,8,1295,344
cnn64_20261007_best_extended,cnn64,best_extended,20261007,3,0.001,0.28697063435046954,31,8,1295,344
cnn64_20261007_best_extended,cnn64,best_extended,20261007,3,0.01,0.2854125067668338,31,8,1295,344
cnn64_20261007_best_extended,cnn64,best_extended,20261007,3,0.1,0.29919685421049425,31,8,1295,344
cnn64_20261007_best_extended,cnn64,best_extended,20261007,3,1.0,0.4769799118710295,31,8,1295,344
cnn64_20261007_best_extended,cnn64,best_extended,20261007,3,10.0,0.913333117807467,31,8,1295,344
cnn64_20261007_best_extended,cnn64,best_extended,20261007,4,0.0001,0.2589461015904394,32,7,1301,338
cnn64_20261007_best_extended,cnn64,best_extended,20261007,4,0.001,0.25856852768616817,32,7,1301,338
cnn64_20261007_best_extended,cnn64,best_extended,20261007,4,0.01,0.2565938912444494,32,7,1301,338
cnn64_20261007_best_extended,cnn64,best_extended,20261007,4,0.1,0.26707847021318043,32,7,1301,338
cnn64_20261007_best_extended,cnn64,best_extended,20261007,4,1.0,0.4115302840443098,32,7,1301,338
cnn64_20261007_best_extended,cnn64,best_extended,20261007,4,10.0,0.7788694367876681,32,7,1301,338
cnn64_20261008_initial,cnn64,initial,20261008,0,0.0001,0.5597045591645526,31,8,1502,137
cnn64_20261008_initial,cnn64,initial,20261008,0,0.001,0.5595814374099565,31,8,1502,137
cnn64_20261008_initial,cnn64,initial,20261008,0,0.01,0.5584624277004929,31,8,1502,137
cnn64_20261008_initial,cnn64,initial,20261008,0,0.1,0.554636035975121,31,8,1502,137
cnn64_20261008_initial,cnn64,initial,20261008,0,1.0,0.6183385457298614,31,8,1502,137
cnn64_20261008_initial,cnn64,initial,20261008,0,10.0,0.8167964727458996,31,8,1502,137
cnn64_20261008_initial,cnn64,initial,20261008,1,0.0001,0.5938636378853566,31,8,1357,282
cnn64_20261008_initial,cnn64,initial,20261008,1,0.001,0.5935244118797378,31,8,1357,282
cnn64_20261008_initial,cnn64,initial,20261008,1,0.01,0.5903726012368993,31,8,1357,282
cnn64_20261008_initial,cnn64,initial,20261008,1,0.1,0.5742838178149845,31,8,1357,282
cnn64_20261008_initial,cnn64,initial,20261008,1,1.0,0.6286523943059555,31,8,1357,282
cnn64_20261008_initial,cnn64,initial,20261008,1,10.0,0.8465465039451837,31,8,1357,282
cnn64_20261008_initial,cnn64,initial,20261008,2,0.0001,0.6801682956122751,31,8,1101,538
cnn64_20261008_initial,cnn64,initial,20261008,2,0.001,0.6799023476496647,31,8,1101,538
cnn64_20261008_initial,cnn64,initial,20261008,2,0.01,0.677475407166077,31,8,1101,538
cnn64_20261008_initial,cnn64,initial,20261008,2,0.1,0.6678019943012853,31,8,1101,538
cnn64_20261008_initial,cnn64,initial,20261008,2,1.0,0.7528871020569561,31,8,1101,538
cnn64_20261008_initial,cnn64,initial,20261008,2,10.0,1.008376937461884,31,8,1101,538
cnn64_20261008_initial,cnn64,initial,20261008,3,0.0001,0.6885026775119908,31,8,1295,344
cnn64_20261008_initial,cnn64,initial,20261008,3,0.001,0.6882606734626779,31,8,1295,344
cnn64_20261008_initial,cnn64,initial,20261008,3,0.01,0.6860888344143203,31,8,1295,344
cnn64_20261008_initial,cnn64,initial,20261008,3,0.1,0.6795300816579333,31,8,1295,344
cnn64_20261008_initial,cnn64,initial,20261008,3,1.0,0.776351956575661,31,8,1295,344
cnn64_20261008_initial,cnn64,initial,20261008,3,10.0,1.0198365010291475,31,8,1295,344
cnn64_20261008_initial,cnn64,initial,20261008,4,0.0001,0.5775393527100559,32,7,1301,338
cnn64_20261008_initial,cnn64,initial,20261008,4,0.001,0.5773737207543786,32,7,1301,338
cnn64_20261008_initial,cnn64,initial,20261008,4,0.01,0.5759042328464449,32,7,1301,338
cnn64_20261008_initial,cnn64,initial,20261008,4,0.1,0.5725815671799063,32,7,1301,338
cnn64_20261008_initial,cnn64,initial,20261008,4,1.0,0.6582065618516658,32,7,1301,338
cnn64_20261008_initial,cnn64,initial,20261008,4,10.0,0.8717792446344662,32,7,1301,338
cnn64_20261008_best_extended,cnn64,best_extended,20261008,0,0.0001,0.2694463486440246,31,8,1502,137
cnn64_20261008_best_extended,cnn64,best_extended,20261008,0,0.001,0.2692298375490646,31,8,1502,137
cnn64_20261008_best_extended,cnn64,best_extended,20261008,0,0.01,0.2682625093893157,31,8,1502,137
cnn64_20261008_best_extended,cnn64,best_extended,20261008,0,0.1,0.2804036913469734,31,8,1502,137
cnn64_20261008_best_extended,cnn64,best_extended,20261008,0,1.0,0.4096634127674437,31,8,1502,137
cnn64_20261008_best_extended,cnn64,best_extended,20261008,0,10.0,0.7404379124462607,31,8,1502,137
cnn64_20261008_best_extended,cnn64,best_extended,20261008,1,0.0001,0.34802204503769885,31,8,1357,282
cnn64_20261008_best_extended,cnn64,best_extended,20261008,1,0.001,0.34704806972223584,31,8,1357,282
cnn64_20261008_best_extended,cnn64,best_extended,20261008,1,0.01,0.3405098771232091,31,8,1357,282
cnn64_20261008_best_extended,cnn64,best_extended,20261008,1,0.1,0.3311776233398202,31,8,1357,282
cnn64_20261008_best_extended,cnn64,best_extended,20261008,1,1.0,0.4332995176573699,31,8,1357,282
cnn64_20261008_best_extended,cnn64,best_extended,20261008,1,10.0,0.7709564438646226,31,8,1357,282
cnn64_20261008_best_extended,cnn64,best_extended,20261008,2,0.0001,0.34952810341979984,31,8,1101,538
cnn64_20261008_best_extended,cnn64,best_extended,20261008,2,0.001,0.3486505836144092,31,8,1101,538
cnn64_20261008_best_extended,cnn64,best_extended,20261008,2,0.01,0.34308707815888717,31,8,1101,538
cnn64_20261008_best_extended,cnn64,best_extended,20261008,2,0.1,0.3441410777751138,31,8,1101,538
cnn64_20261008_best_extended,cnn64,best_extended,20261008,2,1.0,0.5000526010742122,31,8,1101,538
cnn64_20261008_best_extended,cnn64,best_extended,20261008,2,10.0,0.9224523971835132,31,8,1101,538
cnn64_20261008_best_extended,cnn64,best_extended,20261008,3,0.0001,0.331137531821334,31,8,1295,344
cnn64_20261008_best_extended,cnn64,best_extended,20261008,3,0.001,0.33082122626462324,31,8,1295,344
cnn64_20261008_best_extended,cnn64,best_extended,20261008,3,0.01,0.3299645550970113,31,8,1295,344
cnn64_20261008_best_extended,cnn64,best_extended,20261008,3,0.1,0.34846743054671053,31,8,1295,344
cnn64_20261008_best_extended,cnn64,best_extended,20261008,3,1.0,0.5279953791321992,31,8,1295,344
cnn64_20261008_best_extended,cnn64,best_extended,20261008,3,10.0,0.93815863666065,31,8,1295,344
cnn64_20261008_best_extended,cnn64,best_extended,20261008,4,0.0001,0.28922942773264015,32,7,1301,338
cnn64_20261008_best_extended,cnn64,best_extended,20261008,4,0.001,0.28884440898797326,32,7,1301,338
cnn64_20261008_best_extended,cnn64,best_extended,20261008,4,0.01,0.28680293262523426,32,7,1301,338
cnn64_20261008_best_extended,cnn64,best_extended,20261008,4,0.1,0.2973891485158715,32,7,1301,338
cnn64_20261008_best_extended,cnn64,best_extended,20261008,4,1.0,0.44574199803508996,32,7,1301,338
cnn64_20261008_best_extended,cnn64,best_extended,20261008,4,10.0,0.8003383564482887,32,7,1301,338
bilstm64_20261006_initial,bilstm64,initial,20261006,0,0.0001,0.3839049704626312,31,8,1502,137
bilstm64_20261006_initial,bilstm64,initial,20261006,0,0.001,0.38344334259487334,31,8,1502,137
bilstm64_20261006_initial,bilstm64,initial,20261006,0,0.01,0.3795327145324875,31,8,1502,137
bilstm64_20261006_initial,bilstm64,initial,20261006,0,0.1,0.37148470517362625,31,8,1502,137
bilstm64_20261006_initial,bilstm64,initial,20261006,0,1.0,0.4854040109347132,31,8,1502,137
bilstm64_20261006_initial,bilstm64,initial,20261006,0,10.0,0.7692035418401361,31,8,1502,137
bilstm64_20261006_initial,bilstm64,initial,20261006,1,0.0001,0.39582810596483037,31,8,1357,282
bilstm64_20261006_initial,bilstm64,initial,20261006,1,0.001,0.3954928410191775,31,8,1357,282
bilstm64_20261006_initial,bilstm64,initial,20261006,1,0.01,0.39290181516532424,31,8,1357,282
bilstm64_20261006_initial,bilstm64,initial,20261006,1,0.1,0.3960198161688831,31,8,1357,282
bilstm64_20261006_initial,bilstm64,initial,20261006,1,1.0,0.5283189364248269,31,8,1357,282
bilstm64_20261006_initial,bilstm64,initial,20261006,1,10.0,0.8108235507094994,31,8,1357,282
bilstm64_20261006_initial,bilstm64,initial,20261006,2,0.0001,0.41230884113148064,31,8,1101,538
bilstm64_20261006_initial,bilstm64,initial,20261006,2,0.001,0.4120521915332718,31,8,1101,538
bilstm64_20261006_initial,bilstm64,initial,20261006,2,0.01,0.41024101534663693,31,8,1101,538
bilstm64_20261006_initial,bilstm64,initial,20261006,2,0.1,0.42019620010367226,31,8,1101,538
bilstm64_20261006_initial,bilstm64,initial,20261006,2,1.0,0.5942132582828149,31,8,1101,538
bilstm64_20261006_initial,bilstm64,initial,20261006,2,10.0,0.9535001452286022,31,8,1101,538
bilstm64_20261006_initial,bilstm64,initial,20261006,3,0.0001,0.37553916572595536,31,8,1295,344
bilstm64_20261006_initial,bilstm64,initial,20261006,3,0.001,0.3752554319244765,31,8,1295,344
bilstm64_20261006_initial,bilstm64,initial,20261006,3,0.01,0.3732711897952758,31,8,1295,344
bilstm64_20261006_initial,bilstm64,initial,20261006,3,0.1,0.38431950510851254,31,8,1295,344
bilstm64_20261006_initial,bilstm64,initial,20261006,3,1.0,0.5667378827597777,31,8,1295,344
bilstm64_20261006_initial,bilstm64,initial,20261006,3,10.0,0.944547207924539,31,8,1295,344
bilstm64_20261006_initial,bilstm64,initial,20261006,4,0.0001,0.3595573358458129,32,7,1301,338
bilstm64_20261006_initial,bilstm64,initial,20261006,4,0.001,0.35928432485612716,32,7,1301,338
bilstm64_20261006_initial,bilstm64,initial,20261006,4,0.01,0.357227794735156,32,7,1301,338
bilstm64_20261006_initial,bilstm64,initial,20261006,4,0.1,0.3619705197215028,32,7,1301,338
bilstm64_20261006_initial,bilstm64,initial,20261006,4,1.0,0.5024878801381778,32,7,1301,338
bilstm64_20261006_initial,bilstm64,initial,20261006,4,10.0,0.8132445026694409,32,7,1301,338
bilstm64_20261006_best_extended,bilstm64,best_extended,20261006,0,0.0001,0.1944892029213471,31,8,1502,137
bilstm64_20261006_best_extended,bilstm64,best_extended,20261006,0,0.001,0.1922967940169788,31,8,1502,137
bilstm64_20261006_best_extended,bilstm64,best_extended,20261006,0,0.01,0.18911486778228528,31,8,1502,137
bilstm64_20261006_best_extended,bilstm64,best_extended,20261006,0,0.1,0.206651716642324,31,8,1502,137
bilstm64_20261006_best_extended,bilstm64,best_extended,20261006,0,1.0,0.33202532904576976,31,8,1502,137
bilstm64_20261006_best_extended,bilstm64,best_extended,20261006,0,10.0,0.6975476416935247,31,8,1502,137
bilstm64_20261006_best_extended,bilstm64,best_extended,20261006,1,0.0001,0.22242237556109773,31,8,1357,282
bilstm64_20261006_best_extended,bilstm64,best_extended,20261006,1,0.001,0.22006754639476353,31,8,1357,282
bilstm64_20261006_best_extended,bilstm64,best_extended,20261006,1,0.01,0.21515988775755854,31,8,1357,282
bilstm64_20261006_best_extended,bilstm64,best_extended,20261006,1,0.1,0.22898335758517246,31,8,1357,282
bilstm64_20261006_best_extended,bilstm64,best_extended,20261006,1,1.0,0.35163939258116406,31,8,1357,282
bilstm64_20261006_best_extended,bilstm64,best_extended,20261006,1,10.0,0.7297714975114575,31,8,1357,282
bilstm64_20261006_best_extended,bilstm64,best_extended,20261006,2,0.0001,0.19638579688765895,31,8,1101,538
bilstm64_20261006_best_extended,bilstm64,best_extended,20261006,2,0.001,0.1954338853171505,31,8,1101,538
bilstm64_20261006_best_extended,bilstm64,best_extended,20261006,2,0.01,0.19938438596476357,31,8,1101,538
bilstm64_20261006_best_extended,bilstm64,best_extended,20261006,2,0.1,0.23228553227388343,31,8,1101,538
bilstm64_20261006_best_extended,bilstm64,best_extended,20261006,2,1.0,0.4062815729028526,31,8,1101,538
bilstm64_20261006_best_extended,bilstm64,best_extended,20261006,2,10.0,0.870800715004777,31,8,1101,538
bilstm64_20261006_best_extended,bilstm64,best_extended,20261006,3,0.0001,0.17632250153035772,31,8,1295,344
bilstm64_20261006_best_extended,bilstm64,best_extended,20261006,3,0.001,0.17530941788671967,31,8,1295,344
bilstm64_20261006_best_extended,bilstm64,best_extended,20261006,3,0.01,0.17723437215242485,31,8,1295,344
bilstm64_20261006_best_extended,bilstm64,best_extended,20261006,3,0.1,0.20721236152959516,31,8,1295,344
bilstm64_20261006_best_extended,bilstm64,best_extended,20261006,3,1.0,0.3952967575339763,31,8,1295,344
bilstm64_20261006_best_extended,bilstm64,best_extended,20261006,3,10.0,0.8754514305658091,31,8,1295,344
bilstm64_20261006_best_extended,bilstm64,best_extended,20261006,4,0.0001,0.16745157369592878,32,7,1301,338
bilstm64_20261006_best_extended,bilstm64,best_extended,20261006,4,0.001,0.1661388674384313,32,7,1301,338
bilstm64_20261006_best_extended,bilstm64,best_extended,20261006,4,0.01,0.16560787028178794,32,7,1301,338
bilstm64_20261006_best_extended,bilstm64,best_extended,20261006,4,0.1,0.1883621715003995,32,7,1301,338
bilstm64_20261006_best_extended,bilstm64,best_extended,20261006,4,1.0,0.33910362696977014,32,7,1301,338
bilstm64_20261006_best_extended,bilstm64,best_extended,20261006,4,10.0,0.7471008265138627,32,7,1301,338
bilstm64_20261007_initial,bilstm64,initial,20261007,0,0.0001,0.37267142277842724,31,8,1502,137
bilstm64_20261007_initial,bilstm64,initial,20261007,0,0.001,0.37226605093035026,31,8,1502,137
bilstm64_20261007_initial,bilstm64,initial,20261007,0,0.01,0.3689986832873501,31,8,1502,137
bilstm64_20261007_initial,bilstm64,initial,20261007,0,0.1,0.36680519995811905,31,8,1502,137
bilstm64_20261007_initial,bilstm64,initial,20261007,0,1.0,0.484327573293769,31,8,1502,137
bilstm64_20261007_initial,bilstm64,initial,20261007,0,10.0,0.7677879323273505,31,8,1502,137
bilstm64_20261007_initial,bilstm64,initial,20261007,1,0.0001,0.3695827422896584,31,8,1357,282
bilstm64_20261007_initial,bilstm64,initial,20261007,1,0.001,0.3691464187361167,31,8,1357,282
bilstm64_20261007_initial,bilstm64,initial,20261007,1,0.01,0.36595694494004044,31,8,1357,282
bilstm64_20261007_initial,bilstm64,initial,20261007,1,0.1,0.37044235795630964,31,8,1357,282
bilstm64_20261007_initial,bilstm64,initial,20261007,1,1.0,0.5067455032939575,31,8,1357,282
bilstm64_20261007_initial,bilstm64,initial,20261007,1,10.0,0.8044524878136541,31,8,1357,282
bilstm64_20261007_initial,bilstm64,initial,20261007,2,0.0001,0.3933799321984712,31,8,1101,538
bilstm64_20261007_initial,bilstm64,initial,20261007,2,0.001,0.3931016146728935,31,8,1101,538
bilstm64_20261007_initial,bilstm64,initial,20261007,2,0.01,0.3912330311568687,31,8,1101,538
bilstm64_20261007_initial,bilstm64,initial,20261007,2,0.1,0.4031825450250543,31,8,1101,538
bilstm64_20261007_initial,bilstm64,initial,20261007,2,1.0,0.5824480159086372,31,8,1101,538
bilstm64_20261007_initial,bilstm64,initial,20261007,2,10.0,0.9500504208693206,31,8,1101,538
bilstm64_20261007_initial,bilstm64,initial,20261007,3,0.0001,0.3449932029447692,31,8,1295,344
bilstm64_20261007_initial,bilstm64,initial,20261007,3,0.001,0.3445695201235916,31,8,1295,344
bilstm64_20261007_initial,bilstm64,initial,20261007,3,0.01,0.34156510067359525,31,8,1295,344
bilstm64_20261007_initial,bilstm64,initial,20261007,3,0.1,0.3532487345150973,31,8,1295,344
bilstm64_20261007_initial,bilstm64,initial,20261007,3,1.0,0.5577696378719461,31,8,1295,344
bilstm64_20261007_initial,bilstm64,initial,20261007,3,10.0,0.9485452897481956,31,8,1295,344
bilstm64_20261007_initial,bilstm64,initial,20261007,4,0.0001,0.32047841377564,32,7,1301,338
bilstm64_20261007_initial,bilstm64,initial,20261007,4,0.001,0.3202021479631864,32,7,1301,338
bilstm64_20261007_initial,bilstm64,initial,20261007,4,0.01,0.3183692351315267,32,7,1301,338
bilstm64_20261007_initial,bilstm64,initial,20261007,4,0.1,0.33017663846858025,32,7,1301,338
bilstm64_20261007_initial,bilstm64,initial,20261007,4,1.0,0.4931498698039142,32,7,1301,338
bilstm64_20261007_initial,bilstm64,initial,20261007,4,10.0,0.8140964093976967,32,7,1301,338
bilstm64_20261007_best_extended,bilstm64,best_extended,20261007,0,0.0001,0.17474693280849976,31,8,1502,137
bilstm64_20261007_best_extended,bilstm64,best_extended,20261007,0,0.001,0.17333955589565006,31,8,1502,137
bilstm64_20261007_best_extended,bilstm64,best_extended,20261007,0,0.01,0.17552741841090783,31,8,1502,137
bilstm64_20261007_best_extended,bilstm64,best_extended,20261007,0,0.1,0.19298259583081662,31,8,1502,137
bilstm64_20261007_best_extended,bilstm64,best_extended,20261007,0,1.0,0.30894217033197613,31,8,1502,137
bilstm64_20261007_best_extended,bilstm64,best_extended,20261007,0,10.0,0.6946508115720507,31,8,1502,137
bilstm64_20261007_best_extended,bilstm64,best_extended,20261007,1,0.0001,0.20465065711395508,31,8,1357,282
bilstm64_20261007_best_extended,bilstm64,best_extended,20261007,1,0.001,0.20309966308783883,31,8,1357,282
bilstm64_20261007_best_extended,bilstm64,best_extended,20261007,1,0.01,0.20547515410056513,31,8,1357,282
bilstm64_20261007_best_extended,bilstm64,best_extended,20261007,1,0.1,0.22491531130788428,31,8,1357,282
bilstm64_20261007_best_extended,bilstm64,best_extended,20261007,1,1.0,0.34829806936467245,31,8,1357,282
bilstm64_20261007_best_extended,bilstm64,best_extended,20261007,1,10.0,0.7329829173010192,31,8,1357,282
bilstm64_20261007_best_extended,bilstm64,best_extended,20261007,2,0.0001,0.1881256497332889,31,8,1101,538
bilstm64_20261007_best_extended,bilstm64,best_extended,20261007,2,0.001,0.1868892972032362,31,8,1101,538
bilstm64_20261007_best_extended,bilstm64,best_extended,20261007,2,0.01,0.1936116141815802,31,8,1101,538
bilstm64_20261007_best_extended,bilstm64,best_extended,20261007,2,0.1,0.23073653635215105,31,8,1101,538
bilstm64_20261007_best_extended,bilstm64,best_extended,20261007,2,1.0,0.40768861799443445,31,8,1101,538
bilstm64_20261007_best_extended,bilstm64,best_extended,20261007,2,10.0,0.8808358640081115,31,8,1101,538
bilstm64_20261007_best_extended,bilstm64,best_extended,20261007,3,0.0001,0.17658665458488904,31,8,1295,344
bilstm64_20261007_best_extended,bilstm64,best_extended,20261007,3,0.001,0.175726565374853,31,8,1295,344
bilstm64_20261007_best_extended,bilstm64,best_extended,20261007,3,0.01,0.17997936687579846,31,8,1295,344
bilstm64_20261007_best_extended,bilstm64,best_extended,20261007,3,0.1,0.2115297770268799,31,8,1295,344
bilstm64_20261007_best_extended,bilstm64,best_extended,20261007,3,1.0,0.400055404846999,31,8,1295,344
bilstm64_20261007_best_extended,bilstm64,best_extended,20261007,3,10.0,0.8853984403436636,31,8,1295,344
bilstm64_20261007_best_extended,bilstm64,best_extended,20261007,4,0.0001,0.16011679268350495,32,7,1301,338
bilstm64_20261007_best_extended,bilstm64,best_extended,20261007,4,0.001,0.15962763428227,32,7,1301,338
bilstm64_20261007_best_extended,bilstm64,best_extended,20261007,4,0.01,0.16608294226655113,32,7,1301,338
bilstm64_20261007_best_extended,bilstm64,best_extended,20261007,4,0.1,0.19826869102925224,32,7,1301,338
bilstm64_20261007_best_extended,bilstm64,best_extended,20261007,4,1.0,0.35262348672525273,32,7,1301,338
bilstm64_20261007_best_extended,bilstm64,best_extended,20261007,4,10.0,0.758589722723772,32,7,1301,338
bilstm64_20261008_initial,bilstm64,initial,20261008,0,0.0001,0.3602523802899436,31,8,1502,137
bilstm64_20261008_initial,bilstm64,initial,20261008,0,0.001,0.3598716562845938,31,8,1502,137
bilstm64_20261008_initial,bilstm64,initial,20261008,0,0.01,0.3568027859879072,31,8,1502,137
bilstm64_20261008_initial,bilstm64,initial,20261008,0,0.1,0.35663480187878166,31,8,1502,137
bilstm64_20261008_initial,bilstm64,initial,20261008,0,1.0,0.48522123400045725,31,8,1502,137
bilstm64_20261008_initial,bilstm64,initial,20261008,0,10.0,0.7639815006408666,31,8,1502,137
bilstm64_20261008_initial,bilstm64,initial,20261008,1,0.0001,0.3650651534810863,31,8,1357,282
bilstm64_20261008_initial,bilstm64,initial,20261008,1,0.001,0.3647075903580574,31,8,1357,282
bilstm64_20261008_initial,bilstm64,initial,20261008,1,0.01,0.36191534289015526,31,8,1357,282
bilstm64_20261008_initial,bilstm64,initial,20261008,1,0.1,0.36361817290541915,31,8,1357,282
bilstm64_20261008_initial,bilstm64,initial,20261008,1,1.0,0.49774979120435486,31,8,1357,282
bilstm64_20261008_initial,bilstm64,initial,20261008,1,10.0,0.7981112140247719,31,8,1357,282
bilstm64_20261008_initial,bilstm64,initial,20261008,2,0.0001,0.3892211805201751,31,8,1101,538
bilstm64_20261008_initial,bilstm64,initial,20261008,2,0.001,0.38877242896974706,31,8,1101,538
bilstm64_20261008_initial,bilstm64,initial,20261008,2,0.01,0.3852260383507923,31,8,1101,538
bilstm64_20261008_initial,bilstm64,initial,20261008,2,0.1,0.38661635810190614,31,8,1101,538
bilstm64_20261008_initial,bilstm64,initial,20261008,2,1.0,0.5523939652634582,31,8,1101,538
bilstm64_20261008_initial,bilstm64,initial,20261008,2,10.0,0.932328827760107,31,8,1101,538
bilstm64_20261008_initial,bilstm64,initial,20261008,3,0.0001,0.3595171914069414,31,8,1295,344
bilstm64_20261008_initial,bilstm64,initial,20261008,3,0.001,0.35930553631675044,31,8,1295,344
bilstm64_20261008_initial,bilstm64,initial,20261008,3,0.01,0.3578205253519883,31,8,1295,344
bilstm64_20261008_initial,bilstm64,initial,20261008,3,0.1,0.36823785098217005,31,8,1295,344
bilstm64_20261008_initial,bilstm64,initial,20261008,3,1.0,0.5473470198605788,31,8,1295,344
bilstm64_20261008_initial,bilstm64,initial,20261008,3,10.0,0.9334282757877718,31,8,1295,344
bilstm64_20261008_initial,bilstm64,initial,20261008,4,0.0001,0.33001276214562536,32,7,1301,338
bilstm64_20261008_initial,bilstm64,initial,20261008,4,0.001,0.32968771164885124,32,7,1301,338
bilstm64_20261008_initial,bilstm64,initial,20261008,4,0.01,0.3270382429213668,32,7,1301,338
bilstm64_20261008_initial,bilstm64,initial,20261008,4,0.1,0.3264982207404823,32,7,1301,338
bilstm64_20261008_initial,bilstm64,initial,20261008,4,1.0,0.46507271667221073,32,7,1301,338
bilstm64_20261008_initial,bilstm64,initial,20261008,4,10.0,0.7962551408291605,32,7,1301,338
bilstm64_20261008_best_extended,bilstm64,best_extended,20261008,0,0.0001,0.2323117476316333,31,8,1502,137
bilstm64_20261008_best_extended,bilstm64,best_extended,20261008,0,0.001,0.23184815503246298,31,8,1502,137
bilstm64_20261008_best_extended,bilstm64,best_extended,20261008,0,0.01,0.2324705308332849,31,8,1502,137
bilstm64_20261008_best_extended,bilstm64,best_extended,20261008,0,0.1,0.243121415603182,31,8,1502,137
bilstm64_20261008_best_extended,bilstm64,best_extended,20261008,0,1.0,0.3493369891059277,31,8,1502,137
bilstm64_20261008_best_extended,bilstm64,best_extended,20261008,0,10.0,0.7088702575763224,31,8,1502,137
bilstm64_20261008_best_extended,bilstm64,best_extended,20261008,1,0.0001,0.2550842650646586,31,8,1357,282
bilstm64_20261008_best_extended,bilstm64,best_extended,20261008,1,0.001,0.25429608846221496,31,8,1357,282
bilstm64_20261008_best_extended,bilstm64,best_extended,20261008,1,0.01,0.25488845718381603,31,8,1357,282
bilstm64_20261008_best_extended,bilstm64,best_extended,20261008,1,0.1,0.2773642184595652,31,8,1357,282
bilstm64_20261008_best_extended,bilstm64,best_extended,20261008,1,1.0,0.41170631052117806,31,8,1357,282
bilstm64_20261008_best_extended,bilstm64,best_extended,20261008,1,10.0,0.7656665444113484,31,8,1357,282
bilstm64_20261008_best_extended,bilstm64,best_extended,20261008,2,0.0001,0.24404855592123265,31,8,1101,538
bilstm64_20261008_best_extended,bilstm64,best_extended,20261008,2,0.001,0.24269029715106544,31,8,1101,538
bilstm64_20261008_best_extended,bilstm64,best_extended,20261008,2,0.01,0.24209374265598305,31,8,1101,538
bilstm64_20261008_best_extended,bilstm64,best_extended,20261008,2,0.1,0.2657133489587223,31,8,1101,538
bilstm64_20261008_best_extended,bilstm64,best_extended,20261008,2,1.0,0.4406350029750872,31,8,1101,538
bilstm64_20261008_best_extended,bilstm64,best_extended,20261008,2,10.0,0.8984412753712036,31,8,1101,538
bilstm64_20261008_best_extended,bilstm64,best_extended,20261008,3,0.0001,0.22813565887782147,31,8,1295,344
bilstm64_20261008_best_extended,bilstm64,best_extended,20261008,3,0.001,0.22661029571800256,31,8,1295,344
bilstm64_20261008_best_extended,bilstm64,best_extended,20261008,3,0.01,0.22602583033852994,31,8,1295,344
bilstm64_20261008_best_extended,bilstm64,best_extended,20261008,3,0.1,0.2513809376655047,31,8,1295,344
bilstm64_20261008_best_extended,bilstm64,best_extended,20261008,3,1.0,0.42603454876852337,31,8,1295,344
bilstm64_20261008_best_extended,bilstm64,best_extended,20261008,3,10.0,0.8949867458981583,31,8,1295,344
bilstm64_20261008_best_extended,bilstm64,best_extended,20261008,4,0.0001,0.20117462648418788,32,7,1301,338
bilstm64_20261008_best_extended,bilstm64,best_extended,20261008,4,0.001,0.2001407869187232,32,7,1301,338
bilstm64_20261008_best_extended,bilstm64,best_extended,20261008,4,0.01,0.19948271116896793,32,7,1301,338
bilstm64_20261008_best_extended,bilstm64,best_extended,20261008,4,0.1,0.21888675805129693,32,7,1301,338
bilstm64_20261008_best_extended,bilstm64,best_extended,20261008,4,1.0,0.36974119820213003,32,7,1301,338
bilstm64_20261008_best_extended,bilstm64,best_extended,20261008,4,10.0,0.7695655759435219,32,7,1301,338
transformer64_20261006_initial,transformer64,initial,20261006,0,0.0001,0.5551784552744001,31,8,1502,137
transformer64_20261006_initial,transformer64,initial,20261006,0,0.001,0.5550228512267222,31,8,1502,137
transformer64_20261006_initial,transformer64,initial,20261006,0,0.01,0.5536242068755103,31,8,1502,137
transformer64_20261006_initial,transformer64,initial,20261006,0,0.1,0.5496898742648836,31,8,1502,137
transformer64_20261006_initial,transformer64,initial,20261006,0,1.0,0.6280555073290935,31,8,1502,137
transformer64_20261006_initial,transformer64,initial,20261006,0,10.0,0.8264973245439773,31,8,1502,137
transformer64_20261006_initial,transformer64,initial,20261006,1,0.0001,0.6444637220498336,31,8,1357,282
transformer64_20261006_initial,transformer64,initial,20261006,1,0.001,0.6441287858869409,31,8,1357,282
transformer64_20261006_initial,transformer64,initial,20261006,1,0.01,0.641042783048708,31,8,1357,282
transformer64_20261006_initial,transformer64,initial,20261006,1,0.1,0.626512682236864,31,8,1357,282
transformer64_20261006_initial,transformer64,initial,20261006,1,1.0,0.6823565080951769,31,8,1357,282
transformer64_20261006_initial,transformer64,initial,20261006,1,10.0,0.8676212694927461,31,8,1357,282
transformer64_20261006_initial,transformer64,initial,20261006,2,0.0001,0.7292068051065456,31,8,1101,538
transformer64_20261006_initial,transformer64,initial,20261006,2,0.001,0.7288607455358557,31,8,1101,538
transformer64_20261006_initial,transformer64,initial,20261006,2,0.01,0.7256929937181849,31,8,1101,538
transformer64_20261006_initial,transformer64,initial,20261006,2,0.1,0.7120793341681542,31,8,1101,538
transformer64_20261006_initial,transformer64,initial,20261006,2,1.0,0.7934949633974202,31,8,1101,538
transformer64_20261006_initial,transformer64,initial,20261006,2,10.0,1.026971922093424,31,8,1101,538
transformer64_20261006_initial,transformer64,initial,20261006,3,0.0001,0.6569506349104473,31,8,1295,344
transformer64_20261006_initial,transformer64,initial,20261006,3,0.001,0.6568637168360013,31,8,1295,344
transformer64_20261006_initial,transformer64,initial,20261006,3,0.01,0.6561694194155108,31,8,1295,344
transformer64_20261006_initial,transformer64,initial,20261006,3,0.1,0.6595896164504123,31,8,1295,344
transformer64_20261006_initial,transformer64,initial,20261006,3,1.0,0.7785597207054928,31,8,1295,344
transformer64_20261006_initial,transformer64,initial,20261006,3,10.0,1.0283926293138546,31,8,1295,344
transformer64_20261006_initial,transformer64,initial,20261006,4,0.0001,0.6113370035596529,32,7,1301,338
transformer64_20261006_initial,transformer64,initial,20261006,4,0.001,0.611109031461391,32,7,1301,338
transformer64_20261006_initial,transformer64,initial,20261006,4,0.01,0.60905360120892,32,7,1301,338
transformer64_20261006_initial,transformer64,initial,20261006,4,0.1,0.6023274703870117,32,7,1301,338
transformer64_20261006_initial,transformer64,initial,20261006,4,1.0,0.6854666821466586,32,7,1301,338
transformer64_20261006_initial,transformer64,initial,20261006,4,10.0,0.8836851315095593,32,7,1301,338
transformer64_20261006_best_extended,transformer64,best_extended,20261006,0,0.0001,0.17488073662952025,31,8,1502,137
transformer64_20261006_best_extended,transformer64,best_extended,20261006,0,0.001,0.17400807037399973,31,8,1502,137
transformer64_20261006_best_extended,transformer64,best_extended,20261006,0,0.01,0.18097224147843835,31,8,1502,137
transformer64_20261006_best_extended,transformer64,best_extended,20261006,0,0.1,0.21138180869864404,31,8,1502,137
transformer64_20261006_best_extended,transformer64,best_extended,20261006,0,1.0,0.32499284221893515,31,8,1502,137
transformer64_20261006_best_extended,transformer64,best_extended,20261006,0,10.0,0.6761106295317421,31,8,1502,137
transformer64_20261006_best_extended,transformer64,best_extended,20261006,1,0.0001,0.20069288045097494,31,8,1357,282
transformer64_20261006_best_extended,transformer64,best_extended,20261006,1,0.001,0.1981911634936518,31,8,1357,282
transformer64_20261006_best_extended,transformer64,best_extended,20261006,1,0.01,0.20455846380431364,31,8,1357,282
transformer64_20261006_best_extended,transformer64,best_extended,20261006,1,0.1,0.2363100726012107,31,8,1357,282
transformer64_20261006_best_extended,transformer64,best_extended,20261006,1,1.0,0.3545399815633513,31,8,1357,282
transformer64_20261006_best_extended,transformer64,best_extended,20261006,1,10.0,0.7148735859898678,31,8,1357,282
transformer64_20261006_best_extended,transformer64,best_extended,20261006,2,0.0001,0.21273670856070553,31,8,1101,538
transformer64_20261006_best_extended,transformer64,best_extended,20261006,2,0.001,0.21181899887279093,31,8,1101,538
transformer64_20261006_best_extended,transformer64,best_extended,20261006,2,0.01,0.2219060624046849,31,8,1101,538
transformer64_20261006_best_extended,transformer64,best_extended,20261006,2,0.1,0.26148984929042357,31,8,1101,538
transformer64_20261006_best_extended,transformer64,best_extended,20261006,2,1.0,0.402843149203182,31,8,1101,538
transformer64_20261006_best_extended,transformer64,best_extended,20261006,2,10.0,0.8441023640622263,31,8,1101,538
transformer64_20261006_best_extended,transformer64,best_extended,20261006,3,0.0001,0.1862315722205728,31,8,1295,344
transformer64_20261006_best_extended,transformer64,best_extended,20261006,3,0.001,0.18514291312886524,31,8,1295,344
transformer64_20261006_best_extended,transformer64,best_extended,20261006,3,0.01,0.19312280313209507,31,8,1295,344
transformer64_20261006_best_extended,transformer64,best_extended,20261006,3,0.1,0.22843568260906424,31,8,1295,344
transformer64_20261006_best_extended,transformer64,best_extended,20261006,3,1.0,0.3848029421556148,31,8,1295,344
transformer64_20261006_best_extended,transformer64,best_extended,20261006,3,10.0,0.8463177724722518,31,8,1295,344
transformer64_20261006_best_extended,transformer64,best_extended,20261006,4,0.0001,0.18036474672572503,32,7,1301,338
transformer64_20261006_best_extended,transformer64,best_extended,20261006,4,0.001,0.18105630923517352,32,7,1301,338
transformer64_20261006_best_extended,transformer64,best_extended,20261006,4,0.01,0.19190704855431875,32,7,1301,338
transformer64_20261006_best_extended,transformer64,best_extended,20261006,4,0.1,0.22550878354712284,32,7,1301,338
transformer64_20261006_best_extended,transformer64,best_extended,20261006,4,1.0,0.3523946910831099,32,7,1301,338
transformer64_20261006_best_extended,transformer64,best_extended,20261006,4,10.0,0.7306512850637414,32,7,1301,338
transformer64_20261007_initial,transformer64,initial,20261007,0,0.0001,0.5842315270993704,31,8,1502,137
transformer64_20261007_initial,transformer64,initial,20261007,0,0.001,0.5840090577493875,31,8,1502,137
transformer64_20261007_initial,transformer64,initial,20261007,0,0.01,0.5819448488188608,31,8,1502,137
transformer64_20261007_initial,transformer64,initial,20261007,0,0.1,0.5719934302954055,31,8,1502,137
transformer64_20261007_initial,transformer64,initial,20261007,0,1.0,0.6272519691682088,31,8,1502,137
transformer64_20261007_initial,transformer64,initial,20261007,0,10.0,0.8186800162643422,31,8,1502,137
transformer64_20261007_initial,transformer64,initial,20261007,1,0.0001,0.6634845063348794,31,8,1357,282
transformer64_20261007_initial,transformer64,initial,20261007,1,0.001,0.6631994918756837,31,8,1357,282
transformer64_20261007_initial,transformer64,initial,20261007,1,0.01,0.6605421389095871,31,8,1357,282
transformer64_20261007_initial,transformer64,initial,20261007,1,0.1,0.6464833053677446,31,8,1357,282
transformer64_20261007_initial,transformer64,initial,20261007,1,1.0,0.6847487624946909,31,8,1357,282
transformer64_20261007_initial,transformer64,initial,20261007,1,10.0,0.8603383513026923,31,8,1357,282
transformer64_20261007_initial,transformer64,initial,20261007,2,0.0001,0.70834080676097,31,8,1101,538
transformer64_20261007_initial,transformer64,initial,20261007,2,0.001,0.708077888807765,31,8,1101,538
transformer64_20261007_initial,transformer64,initial,20261007,2,0.01,0.7056774989052989,31,8,1101,538
transformer64_20261007_initial,transformer64,initial,20261007,2,0.1,0.6961477965223144,31,8,1101,538
transformer64_20261007_initial,transformer64,initial,20261007,2,1.0,0.7771747993448711,31,8,1101,538
transformer64_20261007_initial,transformer64,initial,20261007,2,10.0,1.0152759271695888,31,8,1101,538
transformer64_20261007_initial,transformer64,initial,20261007,3,0.0001,0.7277117964487524,31,8,1295,344
transformer64_20261007_initial,transformer64,initial,20261007,3,0.001,0.7275355257696355,31,8,1295,344
transformer64_20261007_initial,transformer64,initial,20261007,3,0.01,0.7259596159793336,31,8,1295,344
transformer64_20261007_initial,transformer64,initial,20261007,3,0.1,0.7218510801939994,31,8,1295,344
transformer64_20261007_initial,transformer64,initial,20261007,3,1.0,0.8075187571955837,31,8,1295,344
transformer64_20261007_initial,transformer64,initial,20261007,3,10.0,1.0268855843057012,31,8,1295,344
transformer64_20261007_initial,transformer64,initial,20261007,4,0.0001,0.6195725151883347,32,7,1301,338
transformer64_20261007_initial,transformer64,initial,20261007,4,0.001,0.6193858865727202,32,7,1301,338
transformer64_20261007_initial,transformer64,initial,20261007,4,0.01,0.6176906339751407,32,7,1301,338
transformer64_20261007_initial,transformer64,initial,20261007,4,0.1,0.611479319343949,32,7,1301,338
transformer64_20261007_initial,transformer64,initial,20261007,4,1.0,0.6782368601223963,32,7,1301,338
transformer64_20261007_initial,transformer64,initial,20261007,4,10.0,0.87429929514751,32,7,1301,338
transformer64_20261007_best_extended,transformer64,best_extended,20261007,0,0.0001,0.1859372598464116,31,8,1502,137
transformer64_20261007_best_extended,transformer64,best_extended,20261007,0,0.001,0.1854064044542461,31,8,1502,137
transformer64_20261007_best_extended,transformer64,best_extended,20261007,0,0.01,0.18789196422556548,31,8,1502,137
transformer64_20261007_best_extended,transformer64,best_extended,20261007,0,0.1,0.20384678521422264,31,8,1502,137
transformer64_20261007_best_extended,transformer64,best_extended,20261007,0,1.0,0.3235953557566432,31,8,1502,137
transformer64_20261007_best_extended,transformer64,best_extended,20261007,0,10.0,0.6998506803326048,31,8,1502,137
transformer64_20261007_best_extended,transformer64,best_extended,20261007,1,0.0001,0.20515125624081745,31,8,1357,282
transformer64_20261007_best_extended,transformer64,best_extended,20261007,1,0.001,0.20505687768170838,31,8,1357,282
transformer64_20261007_best_extended,transformer64,best_extended,20261007,1,0.01,0.2095334980855717,31,8,1357,282
transformer64_20261007_best_extended,transformer64,best_extended,20261007,1,0.1,0.22952521628815847,31,8,1357,282
transformer64_20261007_best_extended,transformer64,best_extended,20261007,1,1.0,0.36848158845830936,31,8,1357,282
transformer64_20261007_best_extended,transformer64,best_extended,20261007,1,10.0,0.7525941014548909,31,8,1357,282
transformer64_20261007_best_extended,transformer64,best_extended,20261007,2,0.0001,0.21555030131646066,31,8,1101,538
transformer64_20261007_best_extended,transformer64,best_extended,20261007,2,0.001,0.21518043088592842,31,8,1101,538
transformer64_20261007_best_extended,transformer64,best_extended,20261007,2,0.01,0.2234003521466718,31,8,1101,538
transformer64_20261007_best_extended,transformer64,best_extended,20261007,2,0.1,0.25319639821006235,31,8,1101,538
transformer64_20261007_best_extended,transformer64,best_extended,20261007,2,1.0,0.40756896005102305,31,8,1101,538
transformer64_20261007_best_extended,transformer64,best_extended,20261007,2,10.0,0.8746927747662909,31,8,1101,538
transformer64_20261007_best_extended,transformer64,best_extended,20261007,3,0.0001,0.20056801778350986,31,8,1295,344
transformer64_20261007_best_extended,transformer64,best_extended,20261007,3,0.001,0.19930858352599104,31,8,1295,344
transformer64_20261007_best_extended,transformer64,best_extended,20261007,3,0.01,0.20242411353400555,31,8,1295,344
transformer64_20261007_best_extended,transformer64,best_extended,20261007,3,0.1,0.22256900896866885,31,8,1295,344
transformer64_20261007_best_extended,transformer64,best_extended,20261007,3,1.0,0.38325540042194406,31,8,1295,344
transformer64_20261007_best_extended,transformer64,best_extended,20261007,3,10.0,0.8721844918427948,31,8,1295,344
transformer64_20261007_best_extended,transformer64,best_extended,20261007,4,0.0001,0.18984855492906122,32,7,1301,338
transformer64_20261007_best_extended,transformer64,best_extended,20261007,4,0.001,0.1893223853047058,32,7,1301,338
transformer64_20261007_best_extended,transformer64,best_extended,20261007,4,0.01,0.19414452774014687,32,7,1301,338
transformer64_20261007_best_extended,transformer64,best_extended,20261007,4,0.1,0.2164007192392768,32,7,1301,338
transformer64_20261007_best_extended,transformer64,best_extended,20261007,4,1.0,0.3512096145935817,32,7,1301,338
transformer64_20261007_best_extended,transformer64,best_extended,20261007,4,10.0,0.7527870157138586,32,7,1301,338
transformer64_20261008_initial,transformer64,initial,20261008,0,0.0001,0.6044210429907716,31,8,1502,137
transformer64_20261008_initial,transformer64,initial,20261008,0,0.001,0.6042604796119311,31,8,1502,137
transformer64_20261008_initial,transformer64,initial,20261008,0,0.01,0.6028039838968688,31,8,1502,137
transformer64_20261008_initial,transformer64,initial,20261008,0,0.1,0.5979844367323361,31,8,1502,137
transformer64_20261008_initial,transformer64,initial,20261008,0,1.0,0.6705092798972767,31,8,1502,137
transformer64_20261008_initial,transformer64,initial,20261008,0,10.0,0.8435957686827488,31,8,1502,137
transformer64_20261008_initial,transformer64,initial,20261008,1,0.0001,0.6697734354465004,31,8,1357,282
transformer64_20261008_initial,transformer64,initial,20261008,1,0.001,0.6694767743769039,31,8,1357,282
transformer64_20261008_initial,transformer64,initial,20261008,1,0.01,0.6667352356562988,31,8,1357,282
transformer64_20261008_initial,transformer64,initial,20261008,1,0.1,0.6537130204691177,31,8,1357,282
transformer64_20261008_initial,transformer64,initial,20261008,1,1.0,0.7126504524873208,31,8,1357,282
transformer64_20261008_initial,transformer64,initial,20261008,1,10.0,0.8826447841031391,31,8,1357,282
transformer64_20261008_initial,transformer64,initial,20261008,2,0.0001,0.7962914740654281,31,8,1101,538
transformer64_20261008_initial,transformer64,initial,20261008,2,0.001,0.7959096912252479,31,8,1101,538
transformer64_20261008_initial,transformer64,initial,20261008,2,0.01,0.7923725569352875,31,8,1101,538
transformer64_20261008_initial,transformer64,initial,20261008,2,0.1,0.7749662777415603,31,8,1101,538
transformer64_20261008_initial,transformer64,initial,20261008,2,1.0,0.8407570492725773,31,8,1101,538
transformer64_20261008_initial,transformer64,initial,20261008,2,10.0,1.0437256839434998,31,8,1101,538
transformer64_20261008_initial,transformer64,initial,20261008,3,0.0001,0.7351325246728196,31,8,1295,344
transformer64_20261008_initial,transformer64,initial,20261008,3,0.001,0.7349470177600813,31,8,1295,344
transformer64_20261008_initial,transformer64,initial,20261008,3,0.01,0.7333143764652506,31,8,1295,344
transformer64_20261008_initial,transformer64,initial,20261008,3,0.1,0.7306385848425613,31,8,1295,344
transformer64_20261008_initial,transformer64,initial,20261008,3,1.0,0.836320519170064,31,8,1295,344
transformer64_20261008_initial,transformer64,initial,20261008,3,10.0,1.0470921423025237,31,8,1295,344
transformer64_20261008_initial,transformer64,initial,20261008,4,0.0001,0.6473302963415788,32,7,1301,338
transformer64_20261008_initial,transformer64,initial,20261008,4,0.001,0.6470948396727505,32,7,1301,338
transformer64_20261008_initial,transformer64,initial,20261008,4,0.01,0.6449301013916006,32,7,1301,338
transformer64_20261008_initial,transformer64,initial,20261008,4,0.1,0.6356569445488404,32,7,1301,338
transformer64_20261008_initial,transformer64,initial,20261008,4,1.0,0.7064683223971047,32,7,1301,338
transformer64_20261008_initial,transformer64,initial,20261008,4,10.0,0.8924088077502544,32,7,1301,338
transformer64_20261008_best_extended,transformer64,best_extended,20261008,0,0.0001,0.2164289705168417,31,8,1502,137
transformer64_20261008_best_extended,transformer64,best_extended,20261008,0,0.001,0.21638001641053442,31,8,1502,137
transformer64_20261008_best_extended,transformer64,best_extended,20261008,0,0.01,0.22205360932502766,31,8,1502,137
transformer64_20261008_best_extended,transformer64,best_extended,20261008,0,0.1,0.24230489123121277,31,8,1502,137
transformer64_20261008_best_extended,transformer64,best_extended,20261008,0,1.0,0.3424433875486994,31,8,1502,137
transformer64_20261008_best_extended,transformer64,best_extended,20261008,0,10.0,0.690141534301144,31,8,1502,137
transformer64_20261008_best_extended,transformer64,best_extended,20261008,1,0.0001,0.24809715196279464,31,8,1357,282
transformer64_20261008_best_extended,transformer64,best_extended,20261008,1,0.001,0.24614227959915008,31,8,1357,282
transformer64_20261008_best_extended,transformer64,best_extended,20261008,1,0.01,0.24672421213648876,31,8,1357,282
transformer64_20261008_best_extended,transformer64,best_extended,20261008,1,0.1,0.2642708868250928,31,8,1357,282
transformer64_20261008_best_extended,transformer64,best_extended,20261008,1,1.0,0.38916492967400407,31,8,1357,282
transformer64_20261008_best_extended,transformer64,best_extended,20261008,1,10.0,0.7501664184433756,31,8,1357,282
transformer64_20261008_best_extended,transformer64,best_extended,20261008,2,0.0001,0.23737023589301104,31,8,1101,538
transformer64_20261008_best_extended,transformer64,best_extended,20261008,2,0.001,0.23762044092499024,31,8,1101,538
transformer64_20261008_best_extended,transformer64,best_extended,20261008,2,0.01,0.2461671512258138,31,8,1101,538
transformer64_20261008_best_extended,transformer64,best_extended,20261008,2,0.1,0.276243724191256,31,8,1101,538
transformer64_20261008_best_extended,transformer64,best_extended,20261008,2,1.0,0.43868553760323203,31,8,1101,538
transformer64_20261008_best_extended,transformer64,best_extended,20261008,2,10.0,0.8896505185169878,31,8,1101,538
transformer64_20261008_best_extended,transformer64,best_extended,20261008,3,0.0001,0.213775423527438,31,8,1295,344
transformer64_20261008_best_extended,transformer64,best_extended,20261008,3,0.001,0.2133016969504727,31,8,1295,344
transformer64_20261008_best_extended,transformer64,best_extended,20261008,3,0.01,0.22063408873879445,31,8,1295,344
transformer64_20261008_best_extended,transformer64,best_extended,20261008,3,0.1,0.2534921940062891,31,8,1295,344
transformer64_20261008_best_extended,transformer64,best_extended,20261008,3,1.0,0.4319891625678373,31,8,1295,344
transformer64_20261008_best_extended,transformer64,best_extended,20261008,3,10.0,0.8928150558636375,31,8,1295,344
transformer64_20261008_best_extended,transformer64,best_extended,20261008,4,0.0001,0.20812915140752794,32,7,1301,338
transformer64_20261008_best_extended,transformer64,best_extended,20261008,4,0.001,0.2067791296097224,32,7,1301,338
transformer64_20261008_best_extended,transformer64,best_extended,20261008,4,0.01,0.21078900333655626,32,7,1301,338
transformer64_20261008_best_extended,transformer64,best_extended,20261008,4,0.1,0.23784005897824567,32,7,1301,338
transformer64_20261008_best_extended,transformer64,best_extended,20261008,4,1.0,0.38160562568320244,32,7,1301,338
transformer64_20261008_best_extended,transformer64,best_extended,20261008,4,10.0,0.7668145620829315,32,7,1301,338
