method,arm,stage,seed,split,dynamics_score_percent,macro_score_percent,dynamics_mse,dynamics_flat_mse,dynamics_shape,dynamics_amplitude_percent,works,performances,windows
flat,flat,baseline,-1,validation,0.0,0.0,0.18161904815364865,0.18161904815364865,,0.0,8,93,271
flat,flat,baseline,-1,test,0.0,0.0,0.19758549808068404,0.19758549808068404,,0.0,6,67,403
train_mean,train_mean,baseline,-1,validation,0.012353175048818166,0.027028826923130023,0.18159661243470823,0.18161904815364865,0.014486541010788641,0.5195248314497872,8,93,271
train_mean,train_mean,baseline,-1,test,-0.06693466208387289,-0.07934139029567819,0.1977177512661511,0.19758549808068404,-0.06470061790146821,0.4980918947765472,6,67,403
raw_reference,raw_reference,baseline,-1,validation,100.0,100.0,0.0,0.18161904815364865,1.0,100.0,8,93,271
raw_reference,raw_reference,baseline,-1,test,100.0,100.0,0.0,0.19758549808068404,1.0,100.0,6,67,403
summary14,summary14,baseline,-1,validation,0.14912248552318985,0.23824309304541083,0.18134821331485837,0.18161904815364865,0.053262091241428555,1.6579322695709449,8,93,271
summary14,summary14,baseline,-1,test,-0.1772479079731104,-0.07196873399001916,0.1979357142424903,0.19758549808068404,-0.04978074751797678,1.5415892757267557,6,67,403
pca64,pca64,baseline,-1,validation,84.252070484847,79.2342444628554,0.02860123968932839,0.18161904815364865,0.9247072634658157,81.26232848695494,8,93,271
pca64,pca64,baseline,-1,test,85.59382442395858,80.60703662180626,0.028464513766299288,0.19758549808068404,0.9290844972320232,84.38802792771801,6,67,403
cnn64_20261006_initial,cnn64,initial,20261006,validation,40.75062596462893,37.08320041683077,0.107608149160036,0.18161904815364865,0.641541056940793,57.775494485971066,8,93,271
cnn64_20261006_initial,cnn64,initial,20261006,test,40.55132893059368,38.927949460293775,0.117461952834834,0.19758549808068404,0.640698421524006,57.012096026747905,6,67,403
cnn64_20261006_best_extended,cnn64,best_extended,20261006,validation,67.86610577870911,61.86818912559918,0.05836127281940881,0.18161904815364865,0.8244007895051082,79.31661300775782,8,93,271
cnn64_20261006_best_extended,cnn64,best_extended,20261006,test,70.88469586179598,65.0817158383574,0.05752761869917642,0.19758549808068404,0.8430223727539957,80.01299218352372,6,67,403
cnn64_20261007_initial,cnn64,initial,20261007,validation,33.27892654638938,39.14433246115167,0.12117817852434437,0.18161904815364865,0.5771494816902664,55.947863701750876,8,93,271
cnn64_20261007_initial,cnn64,initial,20261007,test,31.398537846547658,37.81183500012581,0.13554654068653077,0.19758549808068404,0.5608523587499095,53.69778985494907,6,67,403
cnn64_20261007_best_extended,cnn64,best_extended,20261007,validation,78.3956026431173,68.89348262403155,0.039237700838902385,0.18161904815364865,0.8893827159042333,80.54447095065628,8,93,271
cnn64_20261007_best_extended,cnn64,best_extended,20261007,test,78.442570192941,72.03343140312262,0.04259435505767136,0.19758549808068404,0.8857074463760168,87.84978252683628,6,67,403
cnn64_20261008_initial,cnn64,initial,20261008,validation,36.54975216009335,41.75872644255692,0.11523773617796948,0.18161904815364865,0.605353505307444,63.62621576086437,8,93,271
cnn64_20261008_initial,cnn64,initial,20261008,test,34.256457607301215,40.22056910524658,0.12989970569249956,0.19758549808068404,0.5854018805801061,57.39657224090554,6,67,403
cnn64_20261008_best_extended,cnn64,best_extended,20261008,validation,74.68439609061785,64.01184786124665,0.04597795885456772,0.18161904815364865,0.8660624520585567,80.93155582272693,8,93,271
cnn64_20261008_best_extended,cnn64,best_extended,20261008,test,78.02189187297198,69.60291836081448,0.0434255544114996,0.19758549808068404,0.8837175204514018,85.65562019440861,6,67,403
bilstm64_20261006_initial,bilstm64,initial,20261006,validation,61.41488149588141,60.67945972318952,0.07007792495613753,0.18161904815364865,0.7837033936206506,79.01991009500794,8,93,271
bilstm64_20261006_initial,bilstm64,initial,20261006,test,63.814784520351566,63.55062835759886,0.07149673823703213,0.19758549808068404,0.8001517945547325,84.59235011609285,6,67,403
bilstm64_20261006_best_extended,bilstm64,best_extended,20261006,validation,90.99728364345027,78.61776940632464,0.016350647754738445,0.18161904815364865,0.9554713556180882,90.11328336271191,8,93,271
bilstm64_20261006_best_extended,bilstm64,best_extended,20261006,test,92.0964433513817,82.24059519057222,0.015616281770261494,0.19758549808068404,0.9609738832449041,91.09102161301684,6,67,403
bilstm64_20261007_initial,bilstm64,initial,20261007,validation,76.55893217783344,63.227543815335494,0.042573444255670126,0.18161904815364865,0.875542152845802,90.69227142099122,8,93,271
bilstm64_20261007_initial,bilstm64,initial,20261007,test,78.250164568841,69.15519577580247,0.04297452066838459,0.19758549808068404,0.8850431417836685,91.33224121048036,6,67,403
bilstm64_20261007_best_extended,bilstm64,best_extended,20261007,validation,92.0618900370288,80.13879394420275,0.01441711975613823,0.18161904815364865,0.9603435636278823,91.98360355471463,8,93,271
bilstm64_20261007_best_extended,bilstm64,best_extended,20261007,test,92.79875010188222,82.535585556507,0.014228625479230763,0.19758549808068404,0.9646965837996873,91.31990326349576,6,67,403
bilstm64_20261008_initial,bilstm64,initial,20261008,validation,79.40474136155262,61.94226932090523,0.03740491270393024,0.18161904815364865,0.8918480643401631,92.85298888826989,8,93,271
bilstm64_20261008_initial,bilstm64,initial,20261008,test,78.28651535765687,66.7463305825363,0.042902696781246495,0.19758549808068404,0.8848106438942546,88.97827633616528,6,67,403
bilstm64_20261008_best_extended,bilstm64,best_extended,20261008,validation,88.70783647338679,75.37127058777273,0.020508719912988388,0.18161904815364865,0.9426080222212647,90.47726046602544,8,93,271
bilstm64_20261008_best_extended,bilstm64,best_extended,20261008,test,87.30841637654572,77.69400668754743,0.02507672871672865,0.19758549808068404,0.9367101008305727,87.08189084558312,6,67,403
transformer64_20261006_initial,transformer64,initial,20261006,validation,31.538894348213155,34.18160778441956,0.12433840844023904,0.18161904815364865,0.5684516566287794,65.6476326136092,8,93,271
transformer64_20261006_initial,transformer64,initial,20261006,test,40.644713158947624,41.18080978586667,0.11727743914211206,0.19758549808068404,0.6394341814509336,59.01498957368171,6,67,403
transformer64_20261006_best_extended,transformer64,best_extended,20261006,validation,88.11156004911575,79.4449196891228,0.021591671479114057,0.18161904815364865,0.9388935571077861,91.87562512463947,8,93,271
transformer64_20261006_best_extended,transformer64,best_extended,20261006,test,90.1011049450296,81.46367963511283,0.01955878109884747,0.19758549808068404,0.9494687097094382,92.75647998527037,6,67,403
transformer64_20261007_initial,transformer64,initial,20261007,validation,30.86322734641973,35.00226162272978,0.12556554841758455,0.18161904815364865,0.555854549487519,57.43479732315071,8,93,271
transformer64_20261007_initial,transformer64,initial,20261007,test,36.29777878338819,38.78815134170758,0.12586635107930164,0.19758549808068404,0.6053265110982933,54.66545654636823,6,67,403
transformer64_20261007_best_extended,transformer64,best_extended,20261007,validation,87.66687121406295,78.24926202017387,0.0223993111085825,0.18161904815364865,0.9369981567987244,90.09865794439887,8,93,271
transformer64_20261007_best_extended,transformer64,best_extended,20261007,test,89.19782765328281,80.70789223099075,0.021343526034795068,0.19758549808068404,0.94467896155214,92.37012622883478,6,67,403
transformer64_20261008_initial,transformer64,initial,20261008,validation,45.066418659434945,30.60634122637299,0.09976984754744458,0.18161904815364865,0.6716113982787539,65.16693897642331,8,93,271
transformer64_20261008_initial,transformer64,initial,20261008,test,47.61691465549354,34.000672682600396,0.1035013800879729,0.19758549808068404,0.6904706336816818,66.6376040473883,6,67,403
transformer64_20261008_best_extended,transformer64,best_extended,20261008,validation,86.28958596644648,75.56892255047129,0.02490072346566417,0.18161904815364865,0.9301466216157104,88.2429978411761,8,93,271
transformer64_20261008_best_extended,transformer64,best_extended,20261008,test,88.25546650804222,78.51333557016123,0.023205494997337518,0.19758549808068404,0.939490028102125,93.0170810167703,6,67,403
