split,arm,metric,mean_pp,min_pp,max_pp,positive_seeds
validation,cnn64,dynamics_score_percent,36.788933280444205,27.11547981408018,45.11667609672792,3
validation,bilstm64,dynamics_score_percent,18.1294850395328,9.303095111834168,29.582402147568864,3
validation,transformer64,dynamics_score_percent,51.53315895851912,41.223167307011536,56.80364386764322,3
validation,cnn64,macro_score_percent,25.595753430112676,22.25312141868973,29.74915016287988,3
validation,bilstm64,macro_score_percent,16.092853692956623,13.429001266867495,17.938309683135124,3
validation,transformer64,macro_score_percent,44.490964542081876,43.24700039744409,45.26331190470324,3
test,cnn64,dynamics_score_percent,40.38094451442214,30.3333669312023,47.04403234639335,3
test,bilstm64,dynamics_score_percent,17.284048460986735,9.021901018888855,28.28165883103013,3
test,transformer64,dynamics_score_percent,47.664997502841764,40.63855185254868,52.900048869894626,3
test,cnn64,macro_score_percent,29.91923734554278,26.153766378063622,34.22159640299681,3
test,bilstm64,macro_score_percent,14.339344239563006,10.947676105011126,18.68996683297336,3
test,transformer64,macro_score_percent,42.23842454203005,40.282869849246154,44.512662887560836,3
