split,channel,pattern,key,window,beat,target,cnn,visible_mean,linear_interpolation
train,tempo,small,Beethoven/Piano_Sonatas/17-1_no_repeat/Lee02.mid,1008,825,-0.6432501077651978,-0.6329718828201294,-0.4889299273490906,-0.06717850267887115
train,tempo,small,Beethoven/Piano_Sonatas/17-1_no_repeat/Lee02.mid,1008,826,-0.8433070778846741,-0.3460005223751068,-0.4889299273490906,-0.1343570053577423
train,tempo,small,Beethoven/Piano_Sonatas/17-1_no_repeat/Lee02.mid,1008,827,-0.2675914466381073,-0.4241718053817749,-0.4889299273490906,-0.20153552293777466
train,tempo,small,Beethoven/Piano_Sonatas/17-1_no_repeat/Lee02.mid,1008,828,-0.43283554911613464,-0.3089870810508728,-0.4889299273490906,-0.2687140107154846
validation,tempo,small,Beethoven/Piano_Sonatas/4-1/Zhao01.mid,536,597,0.6912093162536621,-0.027975866571068764,0.5006508827209473,0.09818003326654434
validation,tempo,small,Beethoven/Piano_Sonatas/4-1/Zhao01.mid,536,598,0.6981638073921204,0.32553115487098694,0.5006508827209473,0.19636006653308868
validation,tempo,small,Beethoven/Piano_Sonatas/4-1/Zhao01.mid,536,599,0.1476617455482483,0.4921690821647644,0.5006508827209473,0.2945401072502136
validation,tempo,small,Beethoven/Piano_Sonatas/4-1/Zhao01.mid,536,600,-0.1673385351896286,0.7871575355529785,0.5006508827209473,0.39272013306617737
train,tempo,gradual,Chopin/Ballades/1/KimSuyeon04M.mid,2112,430,-0.7113017439842224,-0.03307759761810303,0.1190917044878006,-1.362478494644165
train,tempo,gradual,Chopin/Ballades/1/KimSuyeon04M.mid,2112,431,0.0,0.16171318292617798,0.1190917044878006,-0.916810154914856
train,tempo,gradual,Chopin/Ballades/1/KimSuyeon04M.mid,2112,432,-0.08798086643218994,0.005778089631348848,0.1190917044878006,-0.4711417257785797
train,tempo,gradual,Chopin/Ballades/1/KimSuyeon04M.mid,2112,433,0.0,-0.313868910074234,0.1190917044878006,-0.025473332032561302
validation,tempo,gradual,Beethoven/Piano_Sonatas/31-1/Na06M.mid,268,186,-0.9087287187576294,-0.009006764739751816,0.313802033662796,-1.4194576740264893
validation,tempo,gradual,Beethoven/Piano_Sonatas/31-1/Na06M.mid,268,187,0.0,-0.18106788396835327,0.313802033662796,-1.0645933151245117
validation,tempo,gradual,Beethoven/Piano_Sonatas/31-1/Na06M.mid,268,188,0.021281402558088303,-0.02570224553346634,0.313802033662796,-0.7097288370132446
validation,tempo,gradual,Beethoven/Piano_Sonatas/31-1/Na06M.mid,268,189,0.1280081868171692,-0.1510557234287262,0.313802033662796,-0.3548644185066223
train,tempo,abrupt,Beethoven/Piano_Sonatas/16-1/Woo05M.mid,866,343,2.3570051193237305,2.1316945552825928,1.3074172735214233,1.0171937942504883
train,tempo,abrupt,Beethoven/Piano_Sonatas/16-1/Woo05M.mid,866,344,1.2760043144226074,1.9808998107910156,1.3074172735214233,1.2663341760635376
train,tempo,abrupt,Beethoven/Piano_Sonatas/16-1/Woo05M.mid,866,345,4.272585391998291,1.479547381401062,1.3074172735214233,1.5154746770858765
train,tempo,abrupt,Beethoven/Piano_Sonatas/16-1/Woo05M.mid,866,346,2.7139527797698975,1.81060791015625,1.3074172735214233,1.7646150588989258
validation,tempo,abrupt,Chopin/Etudes_op_10/12/Na_2006_02.mid,627,244,-0.5417749285697937,0.5510980486869812,0.383808970451355,-0.583825945854187
validation,tempo,abrupt,Chopin/Etudes_op_10/12/Na_2006_02.mid,627,245,2.19787859916687,0.6477010250091553,0.383808970451355,-0.27868518233299255
validation,tempo,abrupt,Chopin/Etudes_op_10/12/Na_2006_02.mid,627,246,0.0,0.4150918126106262,0.383808970451355,0.026455556973814964
validation,tempo,abrupt,Chopin/Etudes_op_10/12/Na_2006_02.mid,627,247,-1.3548399209976196,0.7242845296859741,0.383808970451355,0.331596314907074
train,tempo,mixed,Balakirev/Islamey/CHEN10M.mid,324,639,-1.384069800376892,0.07455234974622726,0.09589837491512299,-0.45083513855934143
train,tempo,mixed,Balakirev/Islamey/CHEN10M.mid,324,640,0.038335759192705154,-0.1656675785779953,0.09589837491512299,-0.24081088602542877
train,tempo,mixed,Balakirev/Islamey/CHEN10M.mid,324,641,-0.9966278076171875,0.04022127017378807,0.09589837491512299,-0.030786622315645218
train,tempo,mixed,Balakirev/Islamey/CHEN10M.mid,324,642,0.36120784282684326,0.13700848817825317,0.09589837491512299,0.17923763394355774
validation,tempo,mixed,Chopin/Etudes_op_25/11/WangA02M.mid,920,282,-0.49179309606552124,-0.3833029270172119,-0.40491220355033875,-0.8068011999130249
validation,tempo,mixed,Chopin/Etudes_op_25/11/WangA02M.mid,920,283,-0.9027892351150513,-0.278315931558609,-0.40491220355033875,-0.6602823734283447
validation,tempo,mixed,Chopin/Etudes_op_25/11/WangA02M.mid,920,284,-0.6893017888069153,-0.1752026528120041,-0.40491220355033875,-0.5137635469436646
validation,tempo,mixed,Chopin/Etudes_op_25/11/WangA02M.mid,920,285,0.6988780498504639,-0.015642056241631508,-0.40491220355033875,-0.3672447204589844
train,rubato,small,Chopin/Scherzos/31/HuNY08M.mid,3802,943,-1.0671879053115845,-1.7340478897094727,-0.8566118478775024,-0.9879329800605774
train,rubato,small,Chopin/Scherzos/31/HuNY08M.mid,3802,944,-1.5555429458618164,-1.398160457611084,-0.8566118478775024,-0.9230676889419556
train,rubato,small,Chopin/Scherzos/31/HuNY08M.mid,3802,945,-1.8391774892807007,-0.5496220588684082,-0.8566118478775024,-0.8582024574279785
train,rubato,small,Chopin/Scherzos/31/HuNY08M.mid,3802,946,-0.922156572341919,-0.8228815197944641,-0.8566118478775024,-0.7933371663093567
validation,rubato,small,Beethoven/Piano_Sonatas/31-1/Ahn01.mid,164,47,-0.3371097147464752,-0.188329815864563,-1.2401927709579468,-0.7660015225410461
validation,rubato,small,Beethoven/Piano_Sonatas/31-1/Ahn01.mid,164,48,-0.19731198251247406,-0.5664911866188049,-1.2401927709579468,-0.6572411060333252
validation,rubato,small,Beethoven/Piano_Sonatas/31-1/Ahn01.mid,164,49,-0.33909857273101807,-1.4607572555541992,-1.2401927709579468,-0.5484806895256042
validation,rubato,small,Beethoven/Piano_Sonatas/31-1/Ahn01.mid,164,50,-1.263869047164917,-1.349412441253662,-1.2401927709579468,-0.4397202432155609
train,rubato,gradual,Chopin/Ballades/4/MiyashitaM04M.mid,2436,200,0.11331376433372498,-0.24889154732227325,0.9957773089408875,-0.8173238635063171
train,rubato,gradual,Chopin/Ballades/4/MiyashitaM04M.mid,2436,201,0.4370191693305969,-0.07334678620100021,0.9957773089408875,-0.2945544421672821
train,rubato,gradual,Chopin/Ballades/4/MiyashitaM04M.mid,2436,202,0.28710249066352844,0.051941100507974625,0.9957773089408875,0.22821494936943054
train,rubato,gradual,Chopin/Ballades/4/MiyashitaM04M.mid,2436,203,0.8032321929931641,0.017359914258122444,0.9957773089408875,0.7509843707084656
validation,rubato,gradual,Chopin/Etudes_op_10/12/Gintov02.mid,566,169,-0.9581745862960815,-0.1550379991531372,0.17668183147907257,-2.23331618309021
validation,rubato,gradual,Chopin/Etudes_op_10/12/Gintov02.mid,566,170,-0.6334216594696045,0.011691891588270664,0.17668183147907257,-1.7247302532196045
validation,rubato,gradual,Chopin/Etudes_op_10/12/Gintov02.mid,566,171,-0.31584784388542175,-0.2668234705924988,0.17668183147907257,-1.2161445617675781
validation,rubato,gradual,Chopin/Etudes_op_10/12/Gintov02.mid,566,172,-0.13030199706554413,-0.032769978046417236,0.17668183147907257,-0.7075586915016174
train,rubato,abrupt,Chopin/Scherzos/31/Jussow04.mid,3845,306,-3.4159095287323,-0.4680118262767792,0.15915878117084503,-1.274023175239563
train,rubato,abrupt,Chopin/Scherzos/31/Jussow04.mid,3845,307,0.24365024268627167,-0.780617356300354,0.15915878117084503,-1.6754451990127563
train,rubato,abrupt,Chopin/Scherzos/31/Jussow04.mid,3845,308,-1.5751433372497559,-0.8772727251052856,0.15915878117084503,-2.07686710357666
train,rubato,abrupt,Chopin/Scherzos/31/Jussow04.mid,3845,309,-4.068053722381592,-0.5974329710006714,0.15915878117084503,-2.4782891273498535
validation,rubato,abrupt,Bach/Prelude/bwv_848/Lee01M.mid,44,196,-0.3466777503490448,-0.05909992381930351,0.16627679765224457,-0.043816111981868744
validation,rubato,abrupt,Bach/Prelude/bwv_848/Lee01M.mid,44,197,1.7385486364364624,0.008240289054811,0.16627679765224457,0.288288414478302
validation,rubato,abrupt,Bach/Prelude/bwv_848/Lee01M.mid,44,198,0.48287636041641235,-0.023603299632668495,0.16627679765224457,0.6203929781913757
validation,rubato,abrupt,Bach/Prelude/bwv_848/Lee01M.mid,44,199,-2.506507635116577,0.021940262988209724,0.16627679765224457,0.9524974822998047
train,rubato,mixed,Bach/Fugue/bwv_854/Ozaki01M.mid,61,57,1.8876277208328247,0.3825496733188629,-0.08919568359851837,0.344190776348114
train,rubato,mixed,Bach/Fugue/bwv_854/Ozaki01M.mid,61,58,1.4560818672180176,0.6951376795768738,-0.08919568359851837,0.5774666666984558
train,rubato,mixed,Bach/Fugue/bwv_854/Ozaki01M.mid,61,59,-0.3329007923603058,0.3410288691520691,-0.08919568359851837,0.8107425570487976
train,rubato,mixed,Bach/Fugue/bwv_854/Ozaki01M.mid,61,60,-0.2331102192401886,-0.31856757402420044,-0.08919568359851837,1.0440183877944946
validation,rubato,mixed,Beethoven/Piano_Sonatas/31-1/Goh02.mid,187,135,0.6478252410888672,0.4581749439239502,0.5613874197006226,1.2103785276412964
validation,rubato,mixed,Beethoven/Piano_Sonatas/31-1/Goh02.mid,187,136,0.6977260112762451,0.07397545129060745,0.5613874197006226,0.9872448444366455
validation,rubato,mixed,Beethoven/Piano_Sonatas/31-1/Goh02.mid,187,137,2.512683868408203,0.31619516015052795,0.5613874197006226,0.7641111612319946
validation,rubato,mixed,Beethoven/Piano_Sonatas/31-1/Goh02.mid,187,138,0.9157254695892334,0.4972582459449768,0.5613874197006226,0.5409774780273438
train,dynamics,small,Bach/Fugue/bwv_848/Lou01M.mid,25,81,0.9780002236366272,-0.41677114367485046,-0.5017896294593811,0.273097962141037
train,dynamics,small,Bach/Fugue/bwv_848/Lou01M.mid,25,82,0.24383746087551117,-0.4011489152908325,-0.5017896294593811,0.37656986713409424
train,dynamics,small,Bach/Fugue/bwv_848/Lou01M.mid,25,83,-0.0636097714304924,-0.39027267694473267,-0.5017896294593811,0.4800417423248291
train,dynamics,small,Bach/Fugue/bwv_848/Lou01M.mid,25,84,0.5406830310821533,-0.23131819069385529,-0.5017896294593811,0.5835136771202087
validation,dynamics,small,Beethoven/Piano_Sonatas/31-1/Mikhailoff04.mid,259,202,-0.34627872705459595,0.5176515579223633,-0.0842825323343277,0.3471897840499878
validation,dynamics,small,Beethoven/Piano_Sonatas/31-1/Mikhailoff04.mid,259,203,0.0,0.4266938269138336,-0.0842825323343277,0.44144555926322937
validation,dynamics,small,Beethoven/Piano_Sonatas/31-1/Mikhailoff04.mid,259,204,0.20877094566822052,0.5537316203117371,-0.0842825323343277,0.535701334476471
validation,dynamics,small,Beethoven/Piano_Sonatas/31-1/Mikhailoff04.mid,259,205,-0.11457695811986923,0.49179261922836304,-0.0842825323343277,0.6299570798873901
train,dynamics,gradual,Schubert/Impromptu_op.90_D.899/3/ZhangW07M.mid,5493,303,-0.12380973994731903,-0.29457008838653564,0.12881065905094147,-0.2618309557437897
train,dynamics,gradual,Schubert/Impromptu_op.90_D.899/3/ZhangW07M.mid,5493,304,0.2655918598175049,-0.008093024604022503,0.12881065905094147,0.21919651329517365
train,dynamics,gradual,Schubert/Impromptu_op.90_D.899/3/ZhangW07M.mid,5493,305,0.18172074854373932,0.07621566951274872,0.12881065905094147,0.700223982334137
train,dynamics,gradual,Schubert/Impromptu_op.90_D.899/3/ZhangW07M.mid,5493,306,0.5241944789886475,0.14197081327438354,0.12881065905094147,1.1812514066696167
validation,dynamics,gradual,Bach/Prelude/bwv_848/Denisova06M.mid,34,137,1.2847442626953125,0.5365086793899536,0.4181716740131378,0.5203214883804321
validation,dynamics,gradual,Bach/Prelude/bwv_848/Denisova06M.mid,34,138,1.2526257038116455,0.6343700289726257,0.4181716740131378,1.0406429767608643
validation,dynamics,gradual,Bach/Prelude/bwv_848/Denisova06M.mid,34,139,1.4132187366485596,0.504819393157959,0.4181716740131378,1.5609643459320068
validation,dynamics,gradual,Bach/Prelude/bwv_848/Denisova06M.mid,34,140,1.5416932106018066,0.6897659301757812,0.4181716740131378,2.0812859535217285
train,dynamics,abrupt,Chopin/Sonata_3/4th/HuangSW06M.mid,4555,493,-0.5813414454460144,-0.19624412059783936,-0.13756804168224335,-0.7345837950706482
train,dynamics,abrupt,Chopin/Sonata_3/4th/HuangSW06M.mid,4555,494,1.9999043941497803,-0.1704714298248291,-0.13756804168224335,-0.550937831401825
train,dynamics,abrupt,Chopin/Sonata_3/4th/HuangSW06M.mid,4555,495,0.6308944821357727,-0.14221838116645813,-0.13756804168224335,-0.3672918975353241
train,dynamics,abrupt,Chopin/Sonata_3/4th/HuangSW06M.mid,4555,496,0.1975214183330536,-0.04495581239461899,-0.13756804168224335,-0.18364594876766205
validation,dynamics,abrupt,Bach/Prelude/bwv_848/SunY01M.mid,93,1,0.4496605098247528,0.17265406250953674,0.10800669342279434,-0.03854234144091606
validation,dynamics,abrupt,Bach/Prelude/bwv_848/SunY01M.mid,93,2,-2.11982798576355,-0.012019637040793896,0.10800669342279434,0.30833861231803894
validation,dynamics,abrupt,Bach/Prelude/bwv_848/SunY01M.mid,93,3,0.0,-0.04716010019183159,0.10800669342279434,0.655219554901123
validation,dynamics,abrupt,Bach/Prelude/bwv_848/SunY01M.mid,93,4,-1.2526257038116455,0.26648274064064026,0.10800669342279434,1.0021005868911743
train,dynamics,mixed,Chopin/Etudes_op_25/10/Shybayeva01.mid,3546,193,-1.6358917951583862,-0.3621712625026703,-0.48063263297080994,-1.3210734128952026
train,dynamics,mixed,Chopin/Etudes_op_25/10/Shybayeva01.mid,3546,194,-1.1887480020523071,-0.4313950538635254,-0.48063263297080994,-1.1657546758651733
train,dynamics,mixed,Chopin/Etudes_op_25/10/Shybayeva01.mid,3546,195,0.2900981307029724,-0.32710206508636475,-0.48063263297080994,-1.0104358196258545
train,dynamics,mixed,Chopin/Etudes_op_25/10/Shybayeva01.mid,3546,196,0.0927005335688591,-0.443302720785141,-0.48063263297080994,-0.8551169633865356
validation,dynamics,mixed,Beethoven/Piano_Sonatas/31-1/SINKEV02.mid,282,328,-1.3087714910507202,-0.5290501713752747,-0.08470463007688522,-1.0699876546859741
validation,dynamics,mixed,Beethoven/Piano_Sonatas/31-1/SINKEV02.mid,282,329,-1.4501551389694214,-0.5076584815979004,-0.08470463007688522,-1.2662031650543213
validation,dynamics,mixed,Beethoven/Piano_Sonatas/31-1/SINKEV02.mid,282,330,0.0,-0.47658345103263855,-0.08470463007688522,-1.462418556213379
validation,dynamics,mixed,Beethoven/Piano_Sonatas/31-1/SINKEV02.mid,282,331,-0.4095122516155243,-0.5656901001930237,-0.08470463007688522,-1.658634066581726
train,articulation,small,Chopin/Etudes_op_10/1/Avdeeva02.mid,2654,270,-0.04363641515374184,0.05819711834192276,0.3245788812637329,-0.10436330735683441
train,articulation,small,Chopin/Etudes_op_10/1/Avdeeva02.mid,2654,271,0.9608870148658752,-0.0033970444928854704,0.3245788812637329,-0.007635229732841253
train,articulation,small,Chopin/Etudes_op_10/1/Avdeeva02.mid,2654,272,0.6837689280509949,-0.09854920953512192,0.3245788812637329,0.08909284323453903
train,articulation,small,Chopin/Etudes_op_10/1/Avdeeva02.mid,2654,273,-0.13475893437862396,0.030288539826869965,0.3245788812637329,0.18582092225551605
validation,articulation,small,Beethoven/Piano_Sonatas/4-1/CaiC01.mid,399,427,0.21521146595478058,0.3432672619819641,0.2861226499080658,0.37259039282798767
validation,articulation,small,Beethoven/Piano_Sonatas/4-1/CaiC01.mid,399,428,1.1164990663528442,0.1406850814819336,0.2861226499080658,0.27944278717041016
validation,articulation,small,Beethoven/Piano_Sonatas/4-1/CaiC01.mid,399,429,0.3531610667705536,0.2273624986410141,0.2861226499080658,0.18629519641399384
validation,articulation,small,Beethoven/Piano_Sonatas/4-1/CaiC01.mid,399,430,-0.002745139179751277,0.3131866455078125,0.2861226499080658,0.09314759820699692
train,articulation,gradual,Chopin/Etudes_op_10/8/Benabdallah02.mid,3158,349,-0.04864845797419548,-0.004669967573136091,0.14891010522842407,-0.5604051947593689
train,articulation,gradual,Chopin/Etudes_op_10/8/Benabdallah02.mid,3158,350,0.03569631278514862,0.16674230992794037,0.14891010522842407,-1.0355035066604614
train,articulation,gradual,Chopin/Etudes_op_10/8/Benabdallah02.mid,3158,351,-0.4833819568157196,-0.2038211226463318,0.14891010522842407,-1.5106018781661987
train,articulation,gradual,Chopin/Etudes_op_10/8/Benabdallah02.mid,3158,352,-1.0306388139724731,-0.04533931612968445,0.14891010522842407,-1.9857001304626465
validation,articulation,gradual,Chopin/Etudes_op_25/11/WangV02.mid,931,249,-0.0004729345382656902,-0.12541955709457397,-0.28670409321784973,-0.6261880397796631
validation,articulation,gradual,Chopin/Etudes_op_25/11/WangV02.mid,931,250,0.1959722340106964,-0.10528960824012756,-0.28670409321784973,-0.12074677646160126
validation,articulation,gradual,Chopin/Etudes_op_25/11/WangV02.mid,931,251,0.013099095784127712,-0.07897250354290009,-0.28670409321784973,0.38469451665878296
validation,articulation,gradual,Chopin/Etudes_op_25/11/WangV02.mid,931,252,-0.03559690713882446,-0.26492011547088623,-0.28670409321784973,0.8901357650756836
train,articulation,abrupt,Beethoven/Piano_Sonatas/24-1_no_2_repeat/DeTurck06M.mid,1216,360,2.5819215774536133,0.2532961666584015,0.05179794505238533,-0.8534431457519531
train,articulation,abrupt,Beethoven/Piano_Sonatas/24-1_no_2_repeat/DeTurck06M.mid,1216,361,1.9141615629196167,0.5621287226676941,0.05179794505238533,-0.5976002812385559
train,articulation,abrupt,Beethoven/Piano_Sonatas/24-1_no_2_repeat/DeTurck06M.mid,1216,362,3.061952829360962,0.3649991750717163,0.05179794505238533,-0.3417573571205139
train,articulation,abrupt,Beethoven/Piano_Sonatas/24-1_no_2_repeat/DeTurck06M.mid,1216,363,0.972611665725708,0.2966287434101105,0.05179794505238533,-0.08591445535421371
validation,articulation,abrupt,Chopin/Etudes_op_10/12/KimBenjamin04.mid,595,153,-1.1136530637741089,0.25273117423057556,0.10809875279664993,2.3525583744049072
validation,articulation,abrupt,Chopin/Etudes_op_10/12/KimBenjamin04.mid,595,154,1.5272389650344849,0.3449752926826477,0.10809875279664993,1.9386569261550903
validation,articulation,abrupt,Chopin/Etudes_op_10/12/KimBenjamin04.mid,595,155,1.3051035404205322,0.37124699354171753,0.10809875279664993,1.5247553586959839
validation,articulation,abrupt,Chopin/Etudes_op_10/12/KimBenjamin04.mid,595,156,-1.7616044282913208,0.44608962535858154,0.10809875279664993,1.1108537912368774
train,articulation,mixed,Chopin/Sonata_3/2nd/KimSJ08.mid,4422,506,0.5860471129417419,0.02284705825150013,0.40862950682640076,-0.19911058247089386
train,articulation,mixed,Chopin/Sonata_3/2nd/KimSJ08.mid,4422,507,-0.08634351938962936,0.12130951881408691,0.40862950682640076,-0.3982211649417877
train,articulation,mixed,Chopin/Sonata_3/2nd/KimSJ08.mid,4422,508,1.276718020439148,0.09764644503593445,0.40862950682640076,-0.5973317623138428
train,articulation,mixed,Chopin/Sonata_3/2nd/KimSJ08.mid,4422,509,0.8932384848594666,0.29337283968925476,0.40862950682640076,-0.7964423298835754
validation,articulation,mixed,Chopin/Etudes_op_10/12/WuuE06M.mid,648,265,-0.5988366603851318,-0.3908003866672516,-0.6033647060394287,-0.7055007815361023
validation,articulation,mixed,Chopin/Etudes_op_10/12/WuuE06M.mid,648,266,1.3994332551956177,-0.15380893647670746,-0.6033647060394287,-0.5291255712509155
validation,articulation,mixed,Chopin/Etudes_op_10/12/WuuE06M.mid,648,267,-0.08621881902217865,-0.2696184515953064,-0.6033647060394287,-0.35275039076805115
validation,articulation,mixed,Chopin/Etudes_op_10/12/WuuE06M.mid,648,268,-0.3723640739917755,-0.21781475841999054,-0.6033647060394287,-0.17637519538402557
train,pedal_depth,small,Chopin/Scherzos/31/ChenW04M.mid,3715,1635,0.0423620343208313,0.3194875121116638,0.2183537632226944,0.2294897735118866
train,pedal_depth,small,Chopin/Scherzos/31/ChenW04M.mid,3715,1636,0.0,0.18449969589710236,0.2183537632226944,0.17211733758449554
train,pedal_depth,small,Chopin/Scherzos/31/ChenW04M.mid,3715,1637,0.23995912075042725,0.20668120682239532,0.2183537632226944,0.1147448867559433
train,pedal_depth,small,Chopin/Scherzos/31/ChenW04M.mid,3715,1638,0.16066724061965942,0.17678755521774292,0.2183537632226944,0.05737244337797165
validation,pedal_depth,small,Chopin/Etudes_op_25/11/WangV02.mid,934,341,0.0,-0.09548874199390411,-0.3704929053783417,-0.005760890431702137
validation,pedal_depth,small,Chopin/Etudes_op_25/11/WangV02.mid,934,342,0.0,-0.09059560298919678,-0.3704929053783417,-0.04379171505570412
validation,pedal_depth,small,Chopin/Etudes_op_25/11/WangV02.mid,934,343,-0.14049500226974487,-0.09114588797092438,-0.3704929053783417,-0.08182254433631897
validation,pedal_depth,small,Chopin/Etudes_op_25/11/WangV02.mid,934,344,-0.09701833873987198,0.050831254571676254,-0.3704929053783417,-0.11985336989164352
train,pedal_depth,gradual,Chopin/Etudes_op_10/1/Avdeeva02.mid,2653,261,0.0,-0.21962763369083405,0.008157333359122276,-0.2586524486541748
train,pedal_depth,gradual,Chopin/Etudes_op_10/1/Avdeeva02.mid,2653,262,0.0,-0.1277969479560852,0.008157333359122276,-0.5173048973083496
train,pedal_depth,gradual,Chopin/Etudes_op_10/1/Avdeeva02.mid,2653,263,0.0,-0.11024738103151321,0.008157333359122276,-0.7759573459625244
train,pedal_depth,gradual,Chopin/Etudes_op_10/1/Avdeeva02.mid,2653,264,-0.4545976221561432,-0.10875546932220459,0.008157333359122276,-1.0346097946166992
validation,pedal_depth,gradual,Chopin/Etudes_op_10/12/Bult-ItoS04M.mid,549,290,0.05440310388803482,-0.005052827764302492,-0.2520204484462738,0.12013848125934601
validation,pedal_depth,gradual,Chopin/Etudes_op_10/12/Bult-ItoS04M.mid,549,291,-0.029889820143580437,-0.0655306726694107,-0.2520204484462738,-0.17545261979103088
validation,pedal_depth,gradual,Chopin/Etudes_op_10/12/Bult-ItoS04M.mid,549,292,-0.13029655814170837,0.002732191700488329,-0.2520204484462738,-0.47104373574256897
validation,pedal_depth,gradual,Chopin/Etudes_op_10/12/Bult-ItoS04M.mid,549,293,-0.20456217229366302,0.06011930853128433,-0.2520204484462738,-0.7666348218917847
train,pedal_depth,abrupt,Chopin/Sonata_3/4th/GarritsonL11M.mid,4516,290,-0.5771711468696594,-0.6259840130805969,-0.7738051414489746,-0.6061963438987732
train,pedal_depth,abrupt,Chopin/Sonata_3/4th/GarritsonL11M.mid,4516,291,-0.9945330619812012,-0.5100769996643066,-0.7738051414489746,-0.8181130290031433
train,pedal_depth,abrupt,Chopin/Sonata_3/4th/GarritsonL11M.mid,4516,292,1.2207039594650269,-0.6265619397163391,-0.7738051414489746,-1.0300297737121582
train,pedal_depth,abrupt,Chopin/Sonata_3/4th/GarritsonL11M.mid,4516,293,0.08465796709060669,-0.6179155111312866,-0.7738051414489746,-1.2419464588165283
validation,pedal_depth,abrupt,Beethoven/Piano_Sonatas/31-1/LeungM03M.mid,244,56,-0.5816528797149658,-0.8485536575317383,-0.5677136182785034,-0.6113780736923218
validation,pedal_depth,abrupt,Beethoven/Piano_Sonatas/31-1/LeungM03M.mid,244,57,-2.89880108833313,-1.126394271850586,-0.5677136182785034,-0.8084022402763367
validation,pedal_depth,abrupt,Beethoven/Piano_Sonatas/31-1/LeungM03M.mid,244,58,-2.656745672225952,-1.1314184665679932,-0.5677136182785034,-1.0054264068603516
validation,pedal_depth,abrupt,Beethoven/Piano_Sonatas/31-1/LeungM03M.mid,244,59,-0.9792594909667969,-1.0901435613632202,-0.5677136182785034,-1.2024506330490112
train,pedal_depth,mixed,Chopin/Sonata_3/2nd/HONG08.mid,4349,84,0.0,0.32248279452323914,-0.16638727486133575,-0.10363626480102539
train,pedal_depth,mixed,Chopin/Sonata_3/2nd/HONG08.mid,4349,85,0.0,0.2132626324892044,-0.16638727486133575,-0.013135328888893127
train,pedal_depth,mixed,Chopin/Sonata_3/2nd/HONG08.mid,4349,86,1.0467032194137573,0.3281795084476471,-0.16638727486133575,0.07736560702323914
train,pedal_depth,mixed,Chopin/Sonata_3/2nd/HONG08.mid,4349,87,1.0681865215301514,0.27414971590042114,-0.16638727486133575,0.1678665429353714
validation,pedal_depth,mixed,Beethoven/Piano_Sonatas/31-1/Zuber04M.mid,337,135,0.3862070143222809,0.4879421293735504,-0.03382166102528572,0.5013282299041748
validation,pedal_depth,mixed,Beethoven/Piano_Sonatas/31-1/Zuber04M.mid,337,136,-0.4059787392616272,0.2126110941171646,-0.03382166102528572,0.5926114916801453
validation,pedal_depth,mixed,Beethoven/Piano_Sonatas/31-1/Zuber04M.mid,337,137,-0.12574775516986847,0.2363204061985016,-0.03382166102528572,0.683894693851471
validation,pedal_depth,mixed,Beethoven/Piano_Sonatas/31-1/Zuber04M.mid,337,138,-0.1679285168647766,0.5639610290527344,-0.03382166102528572,0.7751779556274414
train,pedal_down_ratio,small,Bach/Fugue/bwv_848/Denisova06M.mid,0,8,0.0,0.12471380084753036,-0.004267931450158358,0.0
train,pedal_down_ratio,small,Bach/Fugue/bwv_848/Denisova06M.mid,0,9,0.0,-0.006307181436568499,-0.004267931450158358,0.0
train,pedal_down_ratio,small,Bach/Fugue/bwv_848/Denisova06M.mid,0,10,0.0,0.02407226525247097,-0.004267931450158358,0.0
train,pedal_down_ratio,small,Bach/Fugue/bwv_848/Denisova06M.mid,0,11,0.0,0.05983864516019821,-0.004267931450158358,0.0
validation,pedal_down_ratio,small,Bach/Fugue/bwv_860/Nikiforov05M.mid,5,10,0.0,-0.05392317846417427,0.0,0.0
validation,pedal_down_ratio,small,Bach/Fugue/bwv_860/Nikiforov05M.mid,5,11,0.0,-0.018179023638367653,0.0,0.0
validation,pedal_down_ratio,small,Bach/Fugue/bwv_860/Nikiforov05M.mid,5,12,0.0,-0.058929458260536194,0.0,0.0
validation,pedal_down_ratio,small,Bach/Fugue/bwv_860/Nikiforov05M.mid,5,13,0.0,-0.10150062292814255,0.0,0.0
train,pedal_down_ratio,gradual,Liszt/Gran_Etudes_de_Paganini/2_La_campanella/Faliks03.mid,5034,72,-0.09517867118120193,0.061133962124586105,-0.792568027973175,-0.25163647532463074
train,pedal_down_ratio,gradual,Liszt/Gran_Etudes_de_Paganini/2_La_campanella/Faliks03.mid,5034,73,-0.19560571014881134,-0.35672077536582947,-0.792568027973175,-0.5032729506492615
train,pedal_down_ratio,gradual,Liszt/Gran_Etudes_de_Paganini/2_La_campanella/Faliks03.mid,5034,74,-0.22069407999515533,-0.3364578187465668,-0.792568027973175,-0.7549094557762146
train,pedal_down_ratio,gradual,Liszt/Gran_Etudes_de_Paganini/2_La_campanella/Faliks03.mid,5034,75,-0.2870333194732666,-0.3561972677707672,-0.792568027973175,-1.006545901298523
validation,pedal_down_ratio,gradual,Beethoven/Piano_Sonatas/4-1/Chon03M.mid,423,469,0.9453144073486328,-0.12248867750167847,0.2701543867588043,1.2489795684814453
validation,pedal_down_ratio,gradual,Beethoven/Piano_Sonatas/4-1/Chon03M.mid,423,470,0.0,0.07143957167863846,0.2701543867588043,0.936734676361084
validation,pedal_down_ratio,gradual,Beethoven/Piano_Sonatas/4-1/Chon03M.mid,423,471,0.0,0.03737564757466316,0.2701543867588043,0.6244897842407227
validation,pedal_down_ratio,gradual,Beethoven/Piano_Sonatas/4-1/Chon03M.mid,423,472,0.0,0.13254332542419434,0.2701543867588043,0.31224489212036133
train,pedal_down_ratio,abrupt,Balakirev/Islamey/CHEN10M.mid,313,274,0.10890568047761917,-0.2417508214712143,-0.09569557756185532,0.22070379555225372
train,pedal_down_ratio,abrupt,Balakirev/Islamey/CHEN10M.mid,313,275,0.0,-0.15923279523849487,-0.09569557756185532,0.44140759110450745
train,pedal_down_ratio,abrupt,Balakirev/Islamey/CHEN10M.mid,313,276,0.38380271196365356,-0.17516832053661346,-0.09569557756185532,0.6621114015579224
train,pedal_down_ratio,abrupt,Balakirev/Islamey/CHEN10M.mid,313,277,2.9893393516540527,-0.13311128318309784,-0.09569557756185532,0.8828151822090149
validation,pedal_down_ratio,abrupt,Beethoven/Piano_Sonatas/4-1/BENABD01.mid,349,251,0.0,0.05829814448952675,0.08382502943277359,0.18929773569107056
validation,pedal_down_ratio,abrupt,Beethoven/Piano_Sonatas/4-1/BENABD01.mid,349,252,0.6277633309364319,0.18568752706050873,0.08382502943277359,0.456886351108551
validation,pedal_down_ratio,abrupt,Beethoven/Piano_Sonatas/4-1/BENABD01.mid,349,253,2.7899675369262695,0.2962726652622223,0.08382502943277359,0.7244749069213867
validation,pedal_down_ratio,abrupt,Beethoven/Piano_Sonatas/4-1/BENABD01.mid,349,254,0.25666484236717224,0.28414538502693176,0.08382502943277359,0.9920635223388672
train,pedal_down_ratio,mixed,Chopin/Scherzos/31/Jussow04.mid,3877,1636,0.0,-0.049576934427022934,-0.2443627417087555,0.14780959486961365
train,pedal_down_ratio,mixed,Chopin/Scherzos/31/Jussow04.mid,3877,1637,-0.8744382858276367,0.0350525826215744,-0.2443627417087555,0.0658925473690033
train,pedal_down_ratio,mixed,Chopin/Scherzos/31/Jussow04.mid,3877,1638,0.08888118714094162,-0.182179793715477,-0.2443627417087555,-0.01602448895573616
train,pedal_down_ratio,mixed,Chopin/Scherzos/31/Jussow04.mid,3877,1639,0.0,-0.06854970753192902,-0.2443627417087555,-0.09794152528047562
validation,pedal_down_ratio,mixed,Chopin/Etudes_op_25/11/Guzman04.mid,699,195,-0.1285567432641983,0.14617027342319489,0.12261026352643967,0.2763587534427643
validation,pedal_down_ratio,mixed,Chopin/Etudes_op_25/11/Guzman04.mid,699,196,-0.326678603887558,0.07804086059331894,0.12261026352643967,0.3681141436100006
validation,pedal_down_ratio,mixed,Chopin/Etudes_op_25/11/Guzman04.mid,699,197,0.35863977670669556,0.11637648195028305,0.12261026352643967,0.45986950397491455
validation,pedal_down_ratio,mixed,Chopin/Etudes_op_25/11/Guzman04.mid,699,198,-0.2634679675102234,0.05722270905971527,0.12261026352643967,0.5516248941421509
train,pedal_changes,small,Bach/Fugue/bwv_848/Denisova06M.mid,0,8,0.0,-0.05372382700443268,-0.0374954529106617,0.0
train,pedal_changes,small,Bach/Fugue/bwv_848/Denisova06M.mid,0,9,0.0,0.2944670617580414,-0.0374954529106617,0.0
train,pedal_changes,small,Bach/Fugue/bwv_848/Denisova06M.mid,0,10,0.0,0.20679378509521484,-0.0374954529106617,0.0
train,pedal_changes,small,Bach/Fugue/bwv_848/Denisova06M.mid,0,11,0.0,0.5192052721977234,-0.0374954529106617,0.0
validation,pedal_changes,small,Bach/Fugue/bwv_860/Nikiforov05M.mid,5,10,0.0,0.3085538446903229,0.0,0.0
validation,pedal_changes,small,Bach/Fugue/bwv_860/Nikiforov05M.mid,5,11,0.0,0.32817378640174866,0.0,0.0
validation,pedal_changes,small,Bach/Fugue/bwv_860/Nikiforov05M.mid,5,12,0.0,0.06035411357879639,0.0,0.0
validation,pedal_changes,small,Bach/Fugue/bwv_860/Nikiforov05M.mid,5,13,0.0,0.1448405236005783,0.0,0.0
train,pedal_changes,gradual,Chopin/Etudes_op_10/4/Arciglione04.mid,2927,49,0.0,0.31548628211021423,0.2430042028427124,1.043639063835144
train,pedal_changes,gradual,Chopin/Etudes_op_10/4/Arciglione04.mid,2927,50,0.0,0.20009253919124603,0.2430042028427124,0.7827293276786804
train,pedal_changes,gradual,Chopin/Etudes_op_10/4/Arciglione04.mid,2927,51,0.0,0.15640327334403992,0.2430042028427124,0.521819531917572
train,pedal_changes,gradual,Chopin/Etudes_op_10/4/Arciglione04.mid,2927,52,0.0,0.0008140735444612801,0.2430042028427124,0.260909765958786
validation,pedal_changes,gradual,Chopin/Etudes_op_25/11/ChenS02.mid,672,82,0.0,0.15084390342235565,0.12655583024024963,0.9204060435295105
validation,pedal_changes,gradual,Chopin/Etudes_op_25/11/ChenS02.mid,672,83,0.0,0.04133007302880287,0.12655583024024963,0.6903045177459717
validation,pedal_changes,gradual,Chopin/Etudes_op_25/11/ChenS02.mid,672,84,0.0,0.17393088340759277,0.12655583024024963,0.46020302176475525
validation,pedal_changes,gradual,Chopin/Etudes_op_25/11/ChenS02.mid,672,85,0.0,-0.07221493124961853,0.12655583024024963,0.23010151088237762
train,pedal_changes,abrupt,Chopin/Etudes_op_25/10/Shelest01.mid,3535,229,1.1049808263778687,0.1890735626220703,0.4224926829338074,0.8839846849441528
train,pedal_changes,abrupt,Chopin/Etudes_op_25/10/Shelest01.mid,3535,230,0.5524904131889343,0.2417164295911789,0.4224926829338074,0.6629884839057922
train,pedal_changes,abrupt,Chopin/Etudes_op_25/10/Shelest01.mid,3535,231,3.3149423599243164,0.273646742105484,0.4224926829338074,0.4419923424720764
train,pedal_changes,abrupt,Chopin/Etudes_op_25/10/Shelest01.mid,3535,232,0.0,0.09397253394126892,0.4224926829338074,0.2209961712360382
validation,pedal_changes,abrupt,Beethoven/Piano_Sonatas/31-1/AbdelmoulaJS03M.mid,150,237,1.758960247039795,0.43848177790641785,0.4925088882446289,1.9348562955856323
validation,pedal_changes,abrupt,Beethoven/Piano_Sonatas/31-1/AbdelmoulaJS03M.mid,150,238,1.758960247039795,0.5553930401802063,0.4925088882446289,2.1107523441314697
validation,pedal_changes,abrupt,Beethoven/Piano_Sonatas/31-1/AbdelmoulaJS03M.mid,150,239,0.0,0.44512638449668884,0.4925088882446289,2.2866482734680176
validation,pedal_changes,abrupt,Beethoven/Piano_Sonatas/31-1/AbdelmoulaJS03M.mid,150,240,-0.8794801235198975,-0.025020979344844818,0.4925088882446289,2.4625444412231445
train,pedal_changes,mixed,Liszt/Gran_Etudes_de_Paganini/2_La_campanella/Albright04.mid,4989,194,0.8334231376647949,-0.18309830129146576,0.1634162962436676,-0.6667385101318359
train,pedal_changes,mixed,Liszt/Gran_Etudes_de_Paganini/2_La_campanella/Albright04.mid,4989,195,0.0,-0.11395050585269928,0.1634162962436676,-0.500053882598877
train,pedal_changes,mixed,Liszt/Gran_Etudes_de_Paganini/2_La_campanella/Albright04.mid,4989,196,0.8334231376647949,-0.2216387391090393,0.1634162962436676,-0.33336925506591797
train,pedal_changes,mixed,Liszt/Gran_Etudes_de_Paganini/2_La_campanella/Albright04.mid,4989,197,-0.8334231376647949,-0.21969103813171387,0.1634162962436676,-0.16668462753295898
validation,pedal_changes,mixed,Chopin/Etudes_op_25/11/Tang03.mid,907,215,0.0,-0.13213405013084412,-0.48501792550086975,-0.9204060435295105
validation,pedal_changes,mixed,Chopin/Etudes_op_25/11/Tang03.mid,907,216,1.1505075693130493,-0.14613211154937744,-0.48501792550086975,-0.6903045177459717
validation,pedal_changes,mixed,Chopin/Etudes_op_25/11/Tang03.mid,907,217,0.5752537846565247,-0.036269739270210266,-0.48501792550086975,-0.46020302176475525
validation,pedal_changes,mixed,Chopin/Etudes_op_25/11/Tang03.mid,907,218,-1.1505075693130493,0.12733273208141327,-0.48501792550086975,-0.23010151088237762
