channel,key,performance,intervals,raw_valid,relative_valid,standardized_valid,cc64_events,cc64_unique_values,cc64_instruments,no_cc64_events,unit,raw_mean,common_mean,relative_mean,relative_mean_abs,standardized_mean,scale,raw_mean_display
depth,Bach/Fugue/bwv_848/Denisova06M.mid,Denisova06M,216,216,216,216,22,19,1,False,%,0.003175370609966799,0.019364166138363937,-0.016188795528397137,0.016769567966069546,-0.10348786359185341,0.156431826559337,0.3175370609966799
depth,Bach/Fugue/bwv_848/Lee01M.mid,Lee01M,216,216,216,216,697,106,1,False,%,0.16550400318909606,0.019364166138363937,0.14613983705073214,0.1495641861008897,0.9342078288352598,0.156431826559337,16.550400318909606
depth,Bach/Fugue/bwv_848/LeeSH01M.mid,LeeSH01M,216,216,216,216,748,106,1,False,%,0.09501151602642993,0.019364166138363937,0.075647349888066,0.07807746191019843,0.4835803017320891,0.156431826559337,9.501151602642993
depth,Bach/Fugue/bwv_848/Lin04M.mid,Lin04M,216,216,216,216,143,57,1,False,%,0.017020670957000265,0.019364166138363937,-0.0023434951813636686,0.02182989555738365,-0.01498093599562199,0.156431826559337,1.7020670957000266
depth,Bach/Fugue/bwv_848/Lou01M.mid,Lou01M,216,216,216,216,659,106,1,False,%,0.13686849633759626,0.019364166138363937,0.11750433019923232,0.13129283768675878,0.751153603353606,0.156431826559337,13.686849633759627
depth,Bach/Fugue/bwv_848/MiyashitaM01M.mid,MiyashitaM01M,216,216,216,216,485,95,1,False,%,0.3086778119806244,0.019364166138363937,0.2893136458422605,0.2893136458422605,1.849455140974905,0.156431826559337,30.86778119806244
depth,Bach/Fugue/bwv_848/Mizumoto03M.mid,Mizumoto03M,216,216,216,216,124,60,1,False,%,0.015182845738077053,0.019364166138363937,-0.004181320400286884,0.018806112061092523,-0.026729345889858584,0.156431826559337,1.5182845738077053
depth,Bach/Fugue/bwv_848/SunY01M.mid,SunY01M,216,216,216,216,689,105,1,False,%,0.0949673265010774,0.019364166138363937,0.07560316036271349,0.084817965507102,0.48329781749391026,0.156431826559337,9.49673265010774
depth,Bach/Fugue/bwv_848/Zhou01M.mid,Zhou01M,216,216,216,216,102,59,1,False,%,0.006401848657607678,0.019364166138363937,-0.01296231748075626,0.019298899702458468,-0.08286240572559865,0.156431826559337,0.6401848657607678
down_ratio,Bach/Fugue/bwv_848/Denisova06M.mid,Denisova06M,216,216,216,216,22,19,1,False,%,0.004387743972023409,0.004895363753565292,-0.0005076197815418849,0.005287577702059448,-0.003940878002444981,0.128808803831773,0.4387743972023409
down_ratio,Bach/Fugue/bwv_848/Lee01M.mid,Lee01M,216,216,216,216,697,106,1,False,%,0.056129024568863525,0.004895363753565292,0.051233660815298225,0.05189742240111341,0.3977496824068832,0.128808803831773,5.612902456886353
down_ratio,Bach/Fugue/bwv_848/LeeSH01M.mid,LeeSH01M,216,216,216,216,748,106,1,False,%,0.10127684194424008,0.004895363753565292,0.09638147819067479,0.09638147819067479,0.748252257016151,0.128808803831773,10.127684194424008
down_ratio,Bach/Fugue/bwv_848/Lin04M.mid,Lin04M,216,216,216,216,143,57,1,False,%,0.022664221662758596,0.004895363753565292,0.017768857909193303,0.02109976912587834,0.13794754225339909,0.128808803831773,2.2664221662758597
down_ratio,Bach/Fugue/bwv_848/Lou01M.mid,Lou01M,216,216,216,216,659,106,1,False,%,0.029173102641361214,0.004895363753565292,0.02427773888779592,0.033752918032373735,0.1884788785050993,0.128808803831773,2.9173102641361215
down_ratio,Bach/Fugue/bwv_848/MiyashitaM01M.mid,MiyashitaM01M,216,216,216,216,485,95,1,False,%,0.02269236748494097,0.004895363753565292,0.017797003731375678,0.017797003731375678,0.13816605078189326,0.128808803831773,2.269236748494097
down_ratio,Bach/Fugue/bwv_848/Mizumoto03M.mid,Mizumoto03M,216,216,216,216,124,60,1,False,%,0.014298887477524344,0.004895363753565292,0.00940352372395905,0.01219221431580295,0.07300373456025759,0.128808803831773,1.4298887477524345
down_ratio,Bach/Fugue/bwv_848/SunY01M.mid,SunY01M,216,216,216,216,689,105,1,False,%,0.06471336786536146,0.004895363753565292,0.05981800411179617,0.0628245110035536,0.4643937551808938,0.128808803831773,6.4713367865361455
down_ratio,Bach/Fugue/bwv_848/Zhou01M.mid,Zhou01M,216,216,216,216,102,59,1,False,%,0.006760667534060833,0.004895363753565292,0.001865303780495539,0.008649524395868692,0.014481182380450215,0.128808803831773,0.6760667534060832
changes,Bach/Fugue/bwv_848/Denisova06M.mid,Denisova06M,216,216,216,216,22,19,1,False,회/beat,0.009259259259259259,0.027777777777777776,-0.018518518518518517,0.018518518518518517,-0.03541237336118562,0.5229392091188126,0.009259259259259259
changes,Bach/Fugue/bwv_848/Lee01M.mid,Lee01M,216,216,216,216,697,106,1,False,회/beat,0.1712962962962963,0.027777777777777776,0.14351851851851852,0.14351851851851852,0.2744458935491886,0.5229392091188126,0.1712962962962963
changes,Bach/Fugue/bwv_848/LeeSH01M.mid,LeeSH01M,216,216,216,216,748,106,1,False,회/beat,0.49537037037037035,0.027777777777777776,0.4675925925925926,0.4675925925925926,0.894162427369937,0.5229392091188126,0.49537037037037035
changes,Bach/Fugue/bwv_848/Lin04M.mid,Lin04M,216,216,216,216,143,57,1,False,회/beat,0.10185185185185185,0.027777777777777776,0.07407407407407407,0.08333333333333333,0.14164949344474248,0.5229392091188126,0.10185185185185185
changes,Bach/Fugue/bwv_848/Lou01M.mid,Lou01M,216,216,216,216,659,106,1,False,회/beat,0.12962962962962962,0.027777777777777776,0.10185185185185185,0.14814814814814814,0.19476805348652093,0.5229392091188126,0.12962962962962962
changes,Bach/Fugue/bwv_848/MiyashitaM01M.mid,MiyashitaM01M,216,216,216,216,485,95,1,False,회/beat,0.0787037037037037,0.027777777777777776,0.05092592592592592,0.05092592592592592,0.09738402674326047,0.5229392091188126,0.0787037037037037
changes,Bach/Fugue/bwv_848/Mizumoto03M.mid,Mizumoto03M,216,216,216,216,124,60,1,False,회/beat,0.06481481481481481,0.027777777777777776,0.037037037037037035,0.06481481481481481,0.07082474672237124,0.5229392091188126,0.06481481481481481
changes,Bach/Fugue/bwv_848/SunY01M.mid,SunY01M,216,216,216,216,689,105,1,False,회/beat,0.26851851851851855,0.027777777777777776,0.24074074074074073,0.25,0.4603608536954131,0.5229392091188126,0.26851851851851855
changes,Bach/Fugue/bwv_848/Zhou01M.mid,Zhou01M,216,216,216,216,102,59,1,False,회/beat,0.037037037037037035,0.027777777777777776,0.009259259259259259,0.05555555555555555,0.01770618668059281,0.5229392091188126,0.037037037037037035
