channel,piece,max_pair_residual_error,max_pair_scale_error,varying_pairs
dynamics,Bach/Fugue/bwv_848/midi_score.mid,0.0,8.881784197001252e-16,36
dynamics,Bach/Fugue/bwv_854/midi_score.mid,0.0,8.881784197001252e-16,10
dynamics,Bach/Fugue/bwv_857/midi_score.mid,0.0,1.7763568394002505e-15,15
dynamics,Bach/Fugue/bwv_858/midi_score.mid,0.0,8.881784197001252e-16,1
dynamics,Bach/Fugue/bwv_860/midi_score.mid,0.0,8.881784197001252e-16,15
dynamics,Bach/Fugue/bwv_863/midi_score.mid,0.0,1.7763568394002505e-15,3
dynamics,Bach/Fugue/bwv_865/midi_score.mid,0.0,1.7763568394002505e-15,3
dynamics,Bach/Fugue/bwv_867/midi_score.mid,0.0,8.881784197001252e-16,1
dynamics,Bach/Fugue/bwv_870/midi_score.mid,0.0,8.881784197001252e-16,3
dynamics,Bach/Fugue/bwv_873/midi_score.mid,0.0,4.440892098500626e-16,1
dynamics,Bach/Fugue/bwv_874/midi_score.mid,0.0,8.881784197001252e-16,3
dynamics,Bach/Fugue/bwv_875/midi_score.mid,0.0,8.881784197001252e-16,1
dynamics,Bach/Fugue/bwv_876/midi_score.mid,0.0,2.220446049250313e-16,1
dynamics,Bach/Fugue/bwv_880/midi_score.mid,0.0,1.7763568394002505e-15,3
dynamics,Bach/Fugue/bwv_883/midi_score.mid,2.7755575615628914e-17,8.881784197001252e-16,15
dynamics,Bach/Fugue/bwv_885/midi_score.mid,0.0,8.881784197001252e-16,15
dynamics,Bach/Fugue/bwv_889/midi_score.mid,0.0,8.881784197001252e-16,15
dynamics,Bach/Fugue/bwv_892/midi_score.mid,0.0,4.440892098500626e-16,1
dynamics,Bach/Fugue/bwv_893/midi_score.mid,0.0,8.881784197001252e-16,3
dynamics,Bach/Italian_concerto/midi_score.mid,0.0,8.881784197001252e-16,3
dynamics,Bach/Prelude/bwv_848/midi_score.mid,0.0,1.7763568394002505e-15,36
dynamics,Bach/Prelude/bwv_854/midi_score.mid,0.0,8.881784197001252e-16,10
dynamics,Bach/Prelude/bwv_857/midi_score.mid,0.0,8.881784197001252e-16,15
dynamics,Bach/Prelude/bwv_858/midi_score.mid,0.0,4.440892098500626e-16,1
dynamics,Bach/Prelude/bwv_860/midi_score.mid,0.0,1.7763568394002505e-15,15
dynamics,Bach/Prelude/bwv_863/midi_score.mid,0.0,8.881784197001252e-16,3
dynamics,Bach/Prelude/bwv_865/midi_score.mid,0.0,1.7763568394002505e-15,3
dynamics,Bach/Prelude/bwv_867/midi_score.mid,0.0,4.440892098500626e-16,1
dynamics,Bach/Prelude/bwv_870/midi_score.mid,0.0,8.881784197001252e-16,3
dynamics,Bach/Prelude/bwv_873/midi_score.mid,0.0,8.881784197001252e-16,1
dynamics,Bach/Prelude/bwv_874/midi_score.mid,0.0,8.881784197001252e-16,1
dynamics,Bach/Prelude/bwv_875/midi_score.mid,0.0,1.7763568394002505e-15,3
dynamics,Bach/Prelude/bwv_876/midi_score.mid,0.0,8.881784197001252e-16,1
dynamics,Bach/Prelude/bwv_880/midi_score.mid,0.0,8.881784197001252e-16,3
dynamics,Bach/Prelude/bwv_883/midi_score.mid,0.0,8.881784197001252e-16,3
dynamics,Bach/Prelude/bwv_885/midi_score.mid,0.0,8.881784197001252e-16,15
dynamics,Bach/Prelude/bwv_889/midi_score.mid,0.0,8.881784197001252e-16,15
dynamics,Bach/Prelude/bwv_891/midi_score.mid,0.0,4.440892098500626e-16,1
dynamics,Bach/Prelude/bwv_892/midi_score.mid,0.0,8.881784197001252e-16,1
dynamics,Bach/Prelude/bwv_893/midi_score.mid,0.0,1.7763568394002505e-15,3
dynamics,Balakirev/Islamey/midi_score.mid,1.1102230246251565e-16,3.552713678800501e-15,45
dynamics,Beethoven/Piano_Sonatas/11-1/midi_score.mid,0.0,1.7763568394002505e-15,21
dynamics,Beethoven/Piano_Sonatas/12-1/midi_score.mid,0.0,1.7763568394002505e-15,3
dynamics,Beethoven/Piano_Sonatas/15-1/midi_score.mid,0.0,1.7763568394002505e-15,3
dynamics,Beethoven/Piano_Sonatas/16-1/midi_score.mid,2.7755575615628914e-17,1.7763568394002505e-15,21
dynamics,Beethoven/Piano_Sonatas/17-1/midi_score.mid,0.0,1.7763568394002505e-15,3
dynamics,Beethoven/Piano_Sonatas/17-1_no_repeat/midi_score.mid,5.551115123125783e-17,1.7763568394002505e-15,55
dynamics,Beethoven/Piano_Sonatas/18-1/midi_score.mid,5.551115123125783e-17,1.7763568394002505e-15,36
dynamics,Beethoven/Piano_Sonatas/18-2_no_repeat/midi_score.mid,0.0,1.7763568394002505e-15,1
dynamics,Beethoven/Piano_Sonatas/18-4/midi_score.mid,0.0,8.881784197001252e-16,1
dynamics,Beethoven/Piano_Sonatas/2-1/midi_score.mid,0.0,1.7763568394002505e-15,3
dynamics,Beethoven/Piano_Sonatas/21-1/midi_score.mid,0.0,8.881784197001252e-16,1
dynamics,Beethoven/Piano_Sonatas/21-1_no_repeat/midi_score.mid,5.551115123125783e-17,1.7763568394002505e-15,253
dynamics,Beethoven/Piano_Sonatas/21-2/midi_score.mid,0.0,1.7763568394002505e-15,3
dynamics,Beethoven/Piano_Sonatas/21-3/midi_score.mid,0.0,1.7763568394002505e-15,3
dynamics,Beethoven/Piano_Sonatas/22-1/midi_score.mid,0.0,1.7763568394002505e-15,3
dynamics,Beethoven/Piano_Sonatas/23-1/midi_score.mid,5.551115123125783e-17,1.7763568394002505e-15,136
dynamics,Beethoven/Piano_Sonatas/24-1/midi_score.mid,0.0,3.552713678800501e-15,3
dynamics,Beethoven/Piano_Sonatas/24-1_no_2_repeat/midi_score.mid,1.3877787807814457e-17,1.7763568394002505e-15,10
dynamics,Beethoven/Piano_Sonatas/26-1/midi_score.mid,1.3877787807814457e-17,1.7763568394002505e-15,21
dynamics,Beethoven/Piano_Sonatas/26-1_no_repeat/midi_score.mid,0.0,1.7763568394002505e-15,6
dynamics,Beethoven/Piano_Sonatas/26-2/midi_score.mid,0.0,8.881784197001252e-16,10
dynamics,Beethoven/Piano_Sonatas/26-3/midi_score.mid,0.0,4.440892098500626e-16,1
dynamics,Beethoven/Piano_Sonatas/26-3/midi_score.mid::26-3_no_repeat,0.0,4.440892098500626e-16,1
dynamics,Beethoven/Piano_Sonatas/27-1/midi_score.mid,2.7755575615628914e-17,1.7763568394002505e-15,21
dynamics,Beethoven/Piano_Sonatas/28-1/midi_score.mid,0.0,8.881784197001252e-16,10
dynamics,Beethoven/Piano_Sonatas/3-1/midi_score.mid,0.0,1.7763568394002505e-15,28
dynamics,Beethoven/Piano_Sonatas/30-1/midi_score.mid,1.3877787807814457e-17,8.881784197001252e-16,28
dynamics,Beethoven/Piano_Sonatas/31-1/midi_score.mid,0.0,8.881784197001252e-16,210
dynamics,Beethoven/Piano_Sonatas/31-2/midi_score.mid,1.1102230246251565e-16,3.552713678800501e-15,15
dynamics,Beethoven/Piano_Sonatas/31-3_4/midi_score.mid,5.551115123125783e-17,1.7763568394002505e-15,45
dynamics,Beethoven/Piano_Sonatas/32-1/midi_score.mid,2.7755575615628914e-17,1.7763568394002505e-15,10
dynamics,Beethoven/Piano_Sonatas/32-1/midi_score.mid::32-1_no_repeat,2.7755575615628914e-17,1.7763568394002505e-15,6
dynamics,Beethoven/Piano_Sonatas/4-1/midi_score.mid,0.0,1.7763568394002505e-15,36
dynamics,Beethoven/Piano_Sonatas/5-1/midi_score.mid,0.0,1.7763568394002505e-15,3
dynamics,Beethoven/Piano_Sonatas/7-1/midi_score.mid,0.0,1.7763568394002505e-15,36
dynamics,Beethoven/Piano_Sonatas/7-2/midi_score.mid,0.0,8.881784197001252e-16,1
dynamics,Beethoven/Piano_Sonatas/7-3/midi_score.mid,0.0,8.881784197001252e-16,1
dynamics,Beethoven/Piano_Sonatas/7-4/midi_score.mid,0.0,8.881784197001252e-16,1
dynamics,Beethoven/Piano_Sonatas/8-1/midi_score.mid,0.0,8.881784197001252e-16,1
dynamics,Chopin/Ballades/1/midi_score.mid,2.7755575615628914e-17,1.7763568394002505e-15,136
dynamics,Chopin/Ballades/2/midi_score.mid,5.551115123125783e-17,1.7763568394002505e-15,10
dynamics,Chopin/Ballades/3/midi_score.mid,0.0,1.7763568394002505e-15,3
dynamics,Chopin/Ballades/4/midi_score.mid,2.7755575615628914e-17,1.7763568394002505e-15,66
dynamics,Chopin/Barcarolle/midi_score.mid,0.0,8.881784197001252e-16,36
dynamics,Chopin/Berceuse_op_57/midi_score.mid,0.0,8.881784197001252e-16,10
dynamics,Chopin/Etudes_op_10/1/midi_score.mid,0.0,8.881784197001252e-16,276
dynamics,Chopin/Etudes_op_10/10/midi_score.mid,0.0,8.881784197001252e-16,6
dynamics,Chopin/Etudes_op_10/12/midi_score.mid,0.0,1.7763568394002505e-15,78
dynamics,Chopin/Etudes_op_10/2/midi_score.mid,0.0,1.7763568394002505e-15,55
dynamics,Chopin/Etudes_op_10/4/midi_score.mid,0.0,8.881784197001252e-16,231
dynamics,Chopin/Etudes_op_10/5/midi_score.mid,0.0,8.881784197001252e-16,55
dynamics,Chopin/Etudes_op_10/7/midi_score.mid,0.0,8.881784197001252e-16,3
dynamics,Chopin/Etudes_op_10/8/midi_score.mid,0.0,1.7763568394002505e-15,378
dynamics,Chopin/Etudes_op_25/1/midi_score.mid,0.0,8.881784197001252e-16,10
dynamics,Chopin/Etudes_op_25/10/midi_score.mid,0.0,8.881784197001252e-16,66
dynamics,Chopin/Etudes_op_25/11/midi_score.mid,1.1102230246251565e-16,3.552713678800501e-15,276
dynamics,Chopin/Etudes_op_25/12/midi_score.mid,0.0,8.881784197001252e-16,36
dynamics,Chopin/Etudes_op_25/4/midi_score.mid,0.0,4.440892098500626e-16,1
dynamics,Chopin/Etudes_op_25/5/midi_score.mid,0.0,8.881784197001252e-16,1
dynamics,Chopin/Etudes_op_25/8/midi_score.mid,0.0,1.7763568394002505e-15,6
dynamics,Chopin/Polonaises/53/midi_score.mid,0.0,8.881784197001252e-16,1
dynamics,Chopin/Scherzos/20/midi_score.mid,0.0,1.7763568394002505e-15,3
dynamics,Chopin/Scherzos/31/midi_score.mid,1.1102230246251565e-16,1.7763568394002505e-15,66
dynamics,Chopin/Scherzos/39/midi_score.mid,0.0,1.7763568394002505e-15,1
dynamics,Chopin/Sonata_2/1st_no_repeat/midi_score.mid,0.0,1.7763568394002505e-15,6
dynamics,Chopin/Sonata_2/2nd_no_repeat/midi_score.mid,0.0,8.881784197001252e-16,1
dynamics,Chopin/Sonata_2/4th/midi_score.mid,0.0,8.881784197001252e-16,3
dynamics,Chopin/Sonata_3/2nd/midi_score.mid,5.551115123125783e-17,1.7763568394002505e-15,36
dynamics,Chopin/Sonata_3/3rd/midi_score.mid,5.551115123125783e-17,1.7763568394002505e-15,36
dynamics,Chopin/Sonata_3/4th/midi_score.mid,5.551115123125783e-17,1.7763568394002505e-15,36
dynamics,Debussy/Images_Book_1/1_Reflets_dans_lEau/midi_score.mid,0.0,8.881784197001252e-16,1
dynamics,Glinka/The_Lark/midi_score.mid,0.0,8.881784197001252e-16,1
dynamics,Haydn/Keyboard_Sonatas/31-1/midi_score.mid,0.0,8.881784197001252e-16,6
dynamics,Haydn/Keyboard_Sonatas/32-1/midi_score.mid,0.0,8.881784197001252e-16,1
dynamics,Haydn/Keyboard_Sonatas/32-1_no_repeat/midi_score.mid,0.0,1.7763568394002505e-15,3
dynamics,Haydn/Keyboard_Sonatas/39-1/midi_score.mid,0.0,8.881784197001252e-16,1
dynamics,Haydn/Keyboard_Sonatas/46-1/midi_score.mid,0.0,8.881784197001252e-16,10
dynamics,Haydn/Keyboard_Sonatas/48-1/midi_score.mid,0.0,8.881784197001252e-16,1
dynamics,Haydn/Keyboard_Sonatas/48-2/midi_score.mid,0.0,8.881784197001252e-16,1
dynamics,Haydn/Keyboard_Sonatas/49-1/midi_score.mid,0.0,1.7763568394002505e-15,3
dynamics,Haydn/Keyboard_Sonatas/50-1_no_repeat/midi_score.mid,5.551115123125783e-17,1.7763568394002505e-15,153
dynamics,Liszt/Annees_de_pelerinage_2/1_Gondoliera/midi_score.mid,0.0,8.881784197001252e-16,1
dynamics,Liszt/Ballade_2/midi_score.mid,2.7755575615628914e-17,1.7763568394002505e-15,15
dynamics,Liszt/Concert_Etude_S145/1/midi_score.mid,0.0,1.7763568394002505e-15,15
dynamics,Liszt/Concert_Etude_S145/2/midi_score.mid,0.0,8.881784197001252e-16,6
dynamics,Liszt/Gran_Etudes_de_Paganini/2_La_campanella/midi_score.mid,0.0,1.7763568394002505e-15,406
dynamics,Liszt/Gran_Etudes_de_Paganini/6_Theme_and_Variations/midi_score.mid,0.0,1.7763568394002505e-15,3
dynamics,Liszt/Gran_Etudes_de_Paganini/6_Theme_and_Variations_repeat/midi_score.mid,0.0,8.881784197001252e-16,1
dynamics,Liszt/Hungarian_Rhapsodies/6/midi_score.mid,0.0,8.881784197001252e-16,1
dynamics,Liszt/Mephisto_Waltz/midi_score.mid,1.1102230246251565e-16,1.7763568394002505e-15,78
dynamics,Liszt/Sonata/midi_score.mid,2.7755575615628914e-17,1.7763568394002505e-15,10
dynamics,Liszt/Transcendental_Etudes/1/midi_score.mid,0.0,4.440892098500626e-16,1
dynamics,Liszt/Transcendental_Etudes/10/midi_score.mid,0.0,8.881784197001252e-16,120
dynamics,Liszt/Transcendental_Etudes/4/midi_score.mid,5.551115123125783e-17,8.881784197001252e-16,45
dynamics,Liszt/Transcendental_Etudes/5/midi_score.mid,0.0,1.7763568394002505e-15,55
dynamics,Liszt/Transcendental_Etudes/9/midi_score.mid,0.0,1.7763568394002505e-15,3
dynamics,Mozart/Piano_Sonatas/12-1/midi_score.mid,0.0,1.7763568394002505e-15,6
dynamics,Mozart/Piano_Sonatas/12-2/midi_score.mid,0.0,4.440892098500626e-16,1
dynamics,Mozart/Piano_Sonatas/12-3/midi_score.mid,0.0,3.552713678800501e-15,3
dynamics,Mozart/Piano_Sonatas/8-1/midi_score.mid,0.0,1.7763568394002505e-15,10
dynamics,Prokofiev/Toccata/midi_score.mid,0.0,8.881784197001252e-16,28
dynamics,Rachmaninoff/Preludes_op_23/4/midi_score.mid,0.0,1.7763568394002505e-15,3
dynamics,Rachmaninoff/Preludes_op_32/5/midi_score.mid,0.0,8.881784197001252e-16,1
dynamics,Ravel/Gaspard_de_la_Nuit/1_Ondine/midi_score.mid,2.7755575615628914e-17,1.7763568394002505e-15,21
dynamics,Ravel/Miroirs/3_Une_Barque/midi_score.mid,0.0,1.7763568394002505e-15,3
dynamics,Ravel/Miroirs/4_Alborada_del_gracioso/midi_score.mid,0.0,1.7763568394002505e-15,28
dynamics,Ravel/Pavane/midi_score.mid,0.0,1.7763568394002505e-15,1
dynamics,Schubert/Impromptu_op.90_D.899/1/midi_score.mid,2.7755575615628914e-17,1.7763568394002505e-15,6
dynamics,Schubert/Impromptu_op.90_D.899/2/midi_score.mid,0.0,1.7763568394002505e-15,21
dynamics,Schubert/Impromptu_op.90_D.899/3/midi_score.mid,5.551115123125783e-17,8.881784197001252e-16,66
dynamics,Schubert/Impromptu_op.90_D.899/4_no_repeat/midi_score.mid,0.0,1.7763568394002505e-15,6
dynamics,Schubert/Impromptu_op142/1/midi_score.mid,0.0,1.7763568394002505e-15,3
dynamics,Schubert/Impromptu_op142/3/midi_score.mid,0.0,8.881784197001252e-16,15
dynamics,Schubert/Piano_Sonatas/664-1/midi_score.mid,5.551115123125783e-17,1.7763568394002505e-15,6
dynamics,Schubert/Piano_Sonatas/664-2/midi_score.mid,0.0,8.881784197001252e-16,1
dynamics,Schubert/Piano_Sonatas/664-3/midi_score.mid,0.0,8.881784197001252e-16,1
dynamics,Schubert/Piano_Sonatas/894-2/midi_score.mid,0.0,3.552713678800501e-15,3
dynamics,Schubert/Piano_Sonatas/894-2_no_repeat/midi_score.mid,0.0,1.7763568394002505e-15,15
dynamics,Schubert/Wanderer_fantasie/midi_score.mid,0.0,1.7763568394002505e-15,3
dynamics,Schumann/Arabeske/midi_score.mid,0.0,8.881784197001252e-16,1
dynamics,Schumann/Kreisleriana/1/midi_score.mid,0.0,8.881784197001252e-16,1
dynamics,Schumann/Kreisleriana/2/midi_score.mid,0.0,8.881784197001252e-16,1
dynamics,Schumann/Kreisleriana/3/midi_score.mid::3_no_repeat,0.0,8.881784197001252e-16,1
dynamics,Schumann/Kreisleriana/4/midi_score.mid,0.0,8.881784197001252e-16,1
dynamics,Schumann/Kreisleriana/5/midi_score.mid,0.0,8.881784197001252e-16,1
dynamics,Schumann/Kreisleriana/6/midi_score.mid,0.0,1.7763568394002505e-15,3
dynamics,Schumann/Kreisleriana/7/midi_score.mid,0.0,1.7763568394002505e-15,3
dynamics,Schumann/Toccata/midi_score.mid,0.0,8.881784197001252e-16,6
dynamics,Schumann/Toccata_repeat/midi_score.mid,0.0,8.881784197001252e-16,1
dynamics,Scriabin/Etudes_op_8/11/midi_score.mid,0.0,1.7763568394002505e-15,3
dynamics,Scriabin/Sonatas/5/midi_score.mid,2.7755575615628914e-17,8.881784197001252e-16,21
pedal_depth,Bach/Fugue/bwv_848/midi_score.mid,1.1102230246251565e-16,8.881784197001252e-16,36
pedal_depth,Bach/Fugue/bwv_854/midi_score.mid,5.551115123125783e-17,1.7763568394002505e-15,10
pedal_depth,Bach/Fugue/bwv_857/midi_score.mid,1.1102230246251565e-16,4.440892098500626e-16,15
pedal_depth,Bach/Fugue/bwv_858/midi_score.mid,0.0,0.0,1
pedal_depth,Bach/Fugue/bwv_860/midi_score.mid,5.551115123125783e-17,8.881784197001252e-16,15
pedal_depth,Bach/Fugue/bwv_863/midi_score.mid,5.551115123125783e-17,4.440892098500626e-16,3
pedal_depth,Bach/Fugue/bwv_865/midi_score.mid,5.551115123125783e-17,4.440892098500626e-16,3
pedal_depth,Bach/Fugue/bwv_867/midi_score.mid,1.1102230246251565e-16,4.440892098500626e-16,1
pedal_depth,Bach/Fugue/bwv_870/midi_score.mid,0.0,4.440892098500626e-16,3
pedal_depth,Bach/Fugue/bwv_873/midi_score.mid,5.551115123125783e-17,8.881784197001252e-16,1
pedal_depth,Bach/Fugue/bwv_874/midi_score.mid,0.0,8.881784197001252e-16,3
pedal_depth,Bach/Fugue/bwv_875/midi_score.mid,0.0,2.220446049250313e-16,1
pedal_depth,Bach/Fugue/bwv_876/midi_score.mid,5.551115123125783e-17,4.440892098500626e-16,1
pedal_depth,Bach/Fugue/bwv_880/midi_score.mid,0.0,8.881784197001252e-16,3
pedal_depth,Bach/Fugue/bwv_883/midi_score.mid,1.1102230246251565e-16,8.881784197001252e-16,14
pedal_depth,Bach/Fugue/bwv_885/midi_score.mid,1.1102230246251565e-16,8.881784197001252e-16,15
pedal_depth,Bach/Fugue/bwv_889/midi_score.mid,1.1102230246251565e-16,1.7763568394002505e-15,15
pedal_depth,Bach/Fugue/bwv_892/midi_score.mid,2.7755575615628914e-17,4.440892098500626e-16,1
pedal_depth,Bach/Fugue/bwv_893/midi_score.mid,1.1102230246251565e-16,4.440892098500626e-16,3
pedal_depth,Bach/Italian_concerto/midi_score.mid,0.0,4.440892098500626e-16,3
pedal_depth,Bach/Prelude/bwv_848/midi_score.mid,0.0,8.881784197001252e-16,30
pedal_depth,Bach/Prelude/bwv_854/midi_score.mid,1.1102230246251565e-16,8.881784197001252e-16,10
pedal_depth,Bach/Prelude/bwv_857/midi_score.mid,5.551115123125783e-17,4.440892098500626e-16,15
pedal_depth,Bach/Prelude/bwv_858/midi_score.mid,0.0,0.0,1
pedal_depth,Bach/Prelude/bwv_860/midi_score.mid,1.1102230246251565e-16,8.881784197001252e-16,14
pedal_depth,Bach/Prelude/bwv_863/midi_score.mid,5.551115123125783e-17,4.440892098500626e-16,3
pedal_depth,Bach/Prelude/bwv_865/midi_score.mid,0.0,4.440892098500626e-16,3
pedal_depth,Bach/Prelude/bwv_867/midi_score.mid,1.1102230246251565e-16,4.440892098500626e-16,1
pedal_depth,Bach/Prelude/bwv_870/midi_score.mid,2.7755575615628914e-17,4.440892098500626e-16,3
pedal_depth,Bach/Prelude/bwv_873/midi_score.mid,0.0,0.0,1
pedal_depth,Bach/Prelude/bwv_874/midi_score.mid,2.7755575615628914e-17,8.881784197001252e-16,1
pedal_depth,Bach/Prelude/bwv_875/midi_score.mid,5.551115123125783e-17,8.881784197001252e-16,3
pedal_depth,Bach/Prelude/bwv_876/midi_score.mid,5.551115123125783e-17,2.220446049250313e-16,1
pedal_depth,Bach/Prelude/bwv_880/midi_score.mid,1.1102230246251565e-16,4.440892098500626e-16,3
pedal_depth,Bach/Prelude/bwv_883/midi_score.mid,5.551115123125783e-17,4.440892098500626e-16,3
pedal_depth,Bach/Prelude/bwv_885/midi_score.mid,1.1102230246251565e-16,4.440892098500626e-16,15
pedal_depth,Bach/Prelude/bwv_889/midi_score.mid,5.551115123125783e-17,4.440892098500626e-16,15
pedal_depth,Bach/Prelude/bwv_891/midi_score.mid,2.7755575615628914e-17,4.440892098500626e-16,1
pedal_depth,Bach/Prelude/bwv_892/midi_score.mid,0.0,0.0,1
pedal_depth,Bach/Prelude/bwv_893/midi_score.mid,0.0,8.881784197001252e-16,3
pedal_depth,Balakirev/Islamey/midi_score.mid,1.1102230246251565e-16,8.881784197001252e-16,45
pedal_depth,Beethoven/Piano_Sonatas/11-1/midi_score.mid,1.1102230246251565e-16,8.881784197001252e-16,21
pedal_depth,Beethoven/Piano_Sonatas/12-1/midi_score.mid,1.1102230246251565e-16,8.881784197001252e-16,3
pedal_depth,Beethoven/Piano_Sonatas/15-1/midi_score.mid,1.1102230246251565e-16,8.881784197001252e-16,3
pedal_depth,Beethoven/Piano_Sonatas/16-1/midi_score.mid,1.1102230246251565e-16,8.881784197001252e-16,21
pedal_depth,Beethoven/Piano_Sonatas/17-1/midi_score.mid,1.1102230246251565e-16,8.881784197001252e-16,3
pedal_depth,Beethoven/Piano_Sonatas/17-1_no_repeat/midi_score.mid,1.1102230246251565e-16,8.881784197001252e-16,55
pedal_depth,Beethoven/Piano_Sonatas/18-1/midi_score.mid,1.1102230246251565e-16,8.881784197001252e-16,36
pedal_depth,Beethoven/Piano_Sonatas/18-2_no_repeat/midi_score.mid,0.0,8.881784197001252e-16,1
pedal_depth,Beethoven/Piano_Sonatas/18-4/midi_score.mid,1.1102230246251565e-16,4.440892098500626e-16,1
pedal_depth,Beethoven/Piano_Sonatas/2-1/midi_score.mid,1.1102230246251565e-16,8.881784197001252e-16,3
pedal_depth,Beethoven/Piano_Sonatas/21-1/midi_score.mid,1.1102230246251565e-16,8.881784197001252e-16,1
pedal_depth,Beethoven/Piano_Sonatas/21-1_no_repeat/midi_score.mid,1.1102230246251565e-16,8.881784197001252e-16,253
pedal_depth,Beethoven/Piano_Sonatas/21-2/midi_score.mid,0.0,4.440892098500626e-16,3
pedal_depth,Beethoven/Piano_Sonatas/21-3/midi_score.mid,1.1102230246251565e-16,8.881784197001252e-16,3
pedal_depth,Beethoven/Piano_Sonatas/22-1/midi_score.mid,1.1102230246251565e-16,8.881784197001252e-16,3
pedal_depth,Beethoven/Piano_Sonatas/23-1/midi_score.mid,1.1102230246251565e-16,1.3322676295501878e-15,136
pedal_depth,Beethoven/Piano_Sonatas/24-1/midi_score.mid,1.1102230246251565e-16,8.881784197001252e-16,3
pedal_depth,Beethoven/Piano_Sonatas/24-1_no_2_repeat/midi_score.mid,1.1102230246251565e-16,8.881784197001252e-16,10
pedal_depth,Beethoven/Piano_Sonatas/26-1/midi_score.mid,1.1102230246251565e-16,8.881784197001252e-16,21
pedal_depth,Beethoven/Piano_Sonatas/26-1_no_repeat/midi_score.mid,1.1102230246251565e-16,8.881784197001252e-16,6
pedal_depth,Beethoven/Piano_Sonatas/26-2/midi_score.mid,1.1102230246251565e-16,8.881784197001252e-16,10
pedal_depth,Beethoven/Piano_Sonatas/26-3/midi_score.mid,1.1102230246251565e-16,8.881784197001252e-16,1
pedal_depth,Beethoven/Piano_Sonatas/26-3/midi_score.mid::26-3_no_repeat,1.1102230246251565e-16,8.881784197001252e-16,1
pedal_depth,Beethoven/Piano_Sonatas/27-1/midi_score.mid,1.1102230246251565e-16,8.881784197001252e-16,21
pedal_depth,Beethoven/Piano_Sonatas/28-1/midi_score.mid,1.1102230246251565e-16,8.881784197001252e-16,10
pedal_depth,Beethoven/Piano_Sonatas/3-1/midi_score.mid,1.1102230246251565e-16,8.881784197001252e-16,28
pedal_depth,Beethoven/Piano_Sonatas/30-1/midi_score.mid,1.1102230246251565e-16,8.881784197001252e-16,28
pedal_depth,Beethoven/Piano_Sonatas/31-1/midi_score.mid,1.1102230246251565e-16,1.7763568394002505e-15,210
pedal_depth,Beethoven/Piano_Sonatas/31-2/midi_score.mid,1.1102230246251565e-16,8.881784197001252e-16,15
pedal_depth,Beethoven/Piano_Sonatas/31-3_4/midi_score.mid,1.1102230246251565e-16,1.2212453270876722e-15,45
pedal_depth,Beethoven/Piano_Sonatas/32-1/midi_score.mid,1.1102230246251565e-16,8.881784197001252e-16,10
pedal_depth,Beethoven/Piano_Sonatas/32-1/midi_score.mid::32-1_no_repeat,1.1102230246251565e-16,4.440892098500626e-16,6
pedal_depth,Beethoven/Piano_Sonatas/4-1/midi_score.mid,1.1102230246251565e-16,8.881784197001252e-16,36
pedal_depth,Beethoven/Piano_Sonatas/5-1/midi_score.mid,1.1102230246251565e-16,8.881784197001252e-16,3
pedal_depth,Beethoven/Piano_Sonatas/7-1/midi_score.mid,1.1102230246251565e-16,8.881784197001252e-16,36
pedal_depth,Beethoven/Piano_Sonatas/7-2/midi_score.mid,0.0,8.881784197001252e-16,1
pedal_depth,Beethoven/Piano_Sonatas/7-3/midi_score.mid,5.551115123125783e-17,8.881784197001252e-16,1
pedal_depth,Beethoven/Piano_Sonatas/7-4/midi_score.mid,5.551115123125783e-17,4.440892098500626e-16,1
pedal_depth,Beethoven/Piano_Sonatas/8-1/midi_score.mid,1.1102230246251565e-16,8.881784197001252e-16,1
pedal_depth,Chopin/Ballades/1/midi_score.mid,1.1102230246251565e-16,1.7763568394002505e-15,136
pedal_depth,Chopin/Ballades/2/midi_score.mid,1.1102230246251565e-16,8.881784197001252e-16,10
pedal_depth,Chopin/Ballades/3/midi_score.mid,1.1102230246251565e-16,8.881784197001252e-16,3
pedal_depth,Chopin/Ballades/4/midi_score.mid,1.1102230246251565e-16,1.7763568394002505e-15,66
pedal_depth,Chopin/Barcarolle/midi_score.mid,1.1102230246251565e-16,1.7763568394002505e-15,36
pedal_depth,Chopin/Berceuse_op_57/midi_score.mid,0.0,8.881784197001252e-16,10
pedal_depth,Chopin/Etudes_op_10/1/midi_score.mid,1.1102230246251565e-16,1.7763568394002505e-15,276
pedal_depth,Chopin/Etudes_op_10/10/midi_score.mid,1.1102230246251565e-16,8.881784197001252e-16,6
pedal_depth,Chopin/Etudes_op_10/12/midi_score.mid,1.1102230246251565e-16,8.881784197001252e-16,78
pedal_depth,Chopin/Etudes_op_10/2/midi_score.mid,1.1102230246251565e-16,8.881784197001252e-16,55
pedal_depth,Chopin/Etudes_op_10/4/midi_score.mid,1.1102230246251565e-16,8.881784197001252e-16,231
pedal_depth,Chopin/Etudes_op_10/5/midi_score.mid,1.1102230246251565e-16,8.881784197001252e-16,55
pedal_depth,Chopin/Etudes_op_10/7/midi_score.mid,1.1102230246251565e-16,4.440892098500626e-16,3
pedal_depth,Chopin/Etudes_op_10/8/midi_score.mid,1.1102230246251565e-16,9.020562075079397e-16,378
pedal_depth,Chopin/Etudes_op_25/1/midi_score.mid,0.0,1.7763568394002505e-15,10
pedal_depth,Chopin/Etudes_op_25/10/midi_score.mid,1.1102230246251565e-16,1.7763568394002505e-15,66
pedal_depth,Chopin/Etudes_op_25/11/midi_score.mid,1.1102230246251565e-16,9.992007221626409e-16,276
pedal_depth,Chopin/Etudes_op_25/12/midi_score.mid,1.1102230246251565e-16,3.552713678800501e-15,36
pedal_depth,Chopin/Etudes_op_25/4/midi_score.mid,1.1102230246251565e-16,8.881784197001252e-16,1
pedal_depth,Chopin/Etudes_op_25/5/midi_score.mid,1.1102230246251565e-16,8.881784197001252e-16,1
pedal_depth,Chopin/Etudes_op_25/8/midi_score.mid,0.0,8.881784197001252e-16,6
pedal_depth,Chopin/Polonaises/53/midi_score.mid,1.1102230246251565e-16,8.881784197001252e-16,1
pedal_depth,Chopin/Scherzos/20/midi_score.mid,1.1102230246251565e-16,8.881784197001252e-16,3
pedal_depth,Chopin/Scherzos/31/midi_score.mid,1.1102230246251565e-16,1.1102230246251565e-15,66
pedal_depth,Chopin/Scherzos/39/midi_score.mid,1.1102230246251565e-16,8.881784197001252e-16,1
pedal_depth,Chopin/Sonata_2/1st_no_repeat/midi_score.mid,1.1102230246251565e-16,8.881784197001252e-16,6
pedal_depth,Chopin/Sonata_2/2nd_no_repeat/midi_score.mid,1.1102230246251565e-16,8.881784197001252e-16,1
pedal_depth,Chopin/Sonata_2/4th/midi_score.mid,1.1102230246251565e-16,4.440892098500626e-16,3
pedal_depth,Chopin/Sonata_3/2nd/midi_score.mid,1.1102230246251565e-16,8.881784197001252e-16,36
pedal_depth,Chopin/Sonata_3/3rd/midi_score.mid,1.1102230246251565e-16,1.7763568394002505e-15,36
pedal_depth,Chopin/Sonata_3/4th/midi_score.mid,1.1102230246251565e-16,9.992007221626409e-16,36
pedal_depth,Debussy/Images_Book_1/1_Reflets_dans_lEau/midi_score.mid,0.0,4.440892098500626e-16,1
pedal_depth,Glinka/The_Lark/midi_score.mid,0.0,8.881784197001252e-16,1
pedal_depth,Haydn/Keyboard_Sonatas/31-1/midi_score.mid,1.1102230246251565e-16,8.881784197001252e-16,6
pedal_depth,Haydn/Keyboard_Sonatas/32-1/midi_score.mid,1.1102230246251565e-16,8.881784197001252e-16,1
pedal_depth,Haydn/Keyboard_Sonatas/32-1_no_repeat/midi_score.mid,1.1102230246251565e-16,8.881784197001252e-16,3
pedal_depth,Haydn/Keyboard_Sonatas/39-1/midi_score.mid,1.1102230246251565e-16,8.881784197001252e-16,1
pedal_depth,Haydn/Keyboard_Sonatas/46-1/midi_score.mid,1.1102230246251565e-16,8.881784197001252e-16,10
pedal_depth,Haydn/Keyboard_Sonatas/48-1/midi_score.mid,1.1102230246251565e-16,4.440892098500626e-16,1
pedal_depth,Haydn/Keyboard_Sonatas/48-2/midi_score.mid,1.1102230246251565e-16,8.881784197001252e-16,1
pedal_depth,Haydn/Keyboard_Sonatas/49-1/midi_score.mid,1.1102230246251565e-16,8.881784197001252e-16,3
pedal_depth,Haydn/Keyboard_Sonatas/50-1_no_repeat/midi_score.mid,1.1102230246251565e-16,1.3322676295501878e-15,153
pedal_depth,Liszt/Annees_de_pelerinage_2/1_Gondoliera/midi_score.mid,0.0,5.551115123125783e-17,1
pedal_depth,Liszt/Ballade_2/midi_score.mid,1.1102230246251565e-16,1.7763568394002505e-15,15
pedal_depth,Liszt/Concert_Etude_S145/1/midi_score.mid,5.551115123125783e-17,8.881784197001252e-16,15
pedal_depth,Liszt/Concert_Etude_S145/2/midi_score.mid,1.1102230246251565e-16,8.881784197001252e-16,6
pedal_depth,Liszt/Gran_Etudes_de_Paganini/2_La_campanella/midi_score.mid,1.1102230246251565e-16,8.881784197001252e-16,406
pedal_depth,Liszt/Gran_Etudes_de_Paganini/6_Theme_and_Variations/midi_score.mid,1.1102230246251565e-16,8.881784197001252e-16,3
pedal_depth,Liszt/Gran_Etudes_de_Paganini/6_Theme_and_Variations_repeat/midi_score.mid,1.1102230246251565e-16,8.881784197001252e-16,1
pedal_depth,Liszt/Hungarian_Rhapsodies/6/midi_score.mid,1.1102230246251565e-16,8.881784197001252e-16,1
pedal_depth,Liszt/Mephisto_Waltz/midi_score.mid,1.1102230246251565e-16,8.881784197001252e-16,78
pedal_depth,Liszt/Sonata/midi_score.mid,1.1102230246251565e-16,8.881784197001252e-16,10
pedal_depth,Liszt/Transcendental_Etudes/1/midi_score.mid,1.1102230246251565e-16,8.881784197001252e-16,1
pedal_depth,Liszt/Transcendental_Etudes/10/midi_score.mid,1.1102230246251565e-16,8.881784197001252e-16,120
pedal_depth,Liszt/Transcendental_Etudes/4/midi_score.mid,1.1102230246251565e-16,8.881784197001252e-16,45
pedal_depth,Liszt/Transcendental_Etudes/5/midi_score.mid,1.1102230246251565e-16,8.881784197001252e-16,55
pedal_depth,Liszt/Transcendental_Etudes/9/midi_score.mid,1.1102230246251565e-16,8.881784197001252e-16,3
pedal_depth,Mozart/Piano_Sonatas/12-1/midi_score.mid,1.1102230246251565e-16,8.881784197001252e-16,6
pedal_depth,Mozart/Piano_Sonatas/12-2/midi_score.mid,1.1102230246251565e-16,8.881784197001252e-16,1
pedal_depth,Mozart/Piano_Sonatas/12-3/midi_score.mid,1.1102230246251565e-16,8.881784197001252e-16,3
pedal_depth,Mozart/Piano_Sonatas/8-1/midi_score.mid,1.1102230246251565e-16,4.440892098500626e-16,10
pedal_depth,Prokofiev/Toccata/midi_score.mid,1.1102230246251565e-16,8.881784197001252e-16,28
pedal_depth,Rachmaninoff/Preludes_op_23/4/midi_score.mid,0.0,1.7763568394002505e-15,3
pedal_depth,Rachmaninoff/Preludes_op_32/5/midi_score.mid,0.0,4.440892098500626e-16,1
pedal_depth,Ravel/Gaspard_de_la_Nuit/1_Ondine/midi_score.mid,0.0,8.881784197001252e-16,21
pedal_depth,Ravel/Miroirs/3_Une_Barque/midi_score.mid,0.0,1.7763568394002505e-15,3
pedal_depth,Ravel/Miroirs/4_Alborada_del_gracioso/midi_score.mid,1.1102230246251565e-16,8.881784197001252e-16,28
pedal_depth,Ravel/Pavane/midi_score.mid,0.0,8.881784197001252e-16,1
pedal_depth,Schubert/Impromptu_op.90_D.899/1/midi_score.mid,1.1102230246251565e-16,8.881784197001252e-16,6
pedal_depth,Schubert/Impromptu_op.90_D.899/2/midi_score.mid,1.1102230246251565e-16,8.881784197001252e-16,21
pedal_depth,Schubert/Impromptu_op.90_D.899/3/midi_score.mid,1.1102230246251565e-16,8.881784197001252e-16,66
pedal_depth,Schubert/Impromptu_op.90_D.899/4_no_repeat/midi_score.mid,1.1102230246251565e-16,8.881784197001252e-16,6
pedal_depth,Schubert/Impromptu_op142/1/midi_score.mid,1.1102230246251565e-16,8.881784197001252e-16,3
pedal_depth,Schubert/Impromptu_op142/3/midi_score.mid,1.1102230246251565e-16,8.881784197001252e-16,15
pedal_depth,Schubert/Piano_Sonatas/664-1/midi_score.mid,1.1102230246251565e-16,8.881784197001252e-16,6
pedal_depth,Schubert/Piano_Sonatas/664-2/midi_score.mid,0.0,4.440892098500626e-16,1
pedal_depth,Schubert/Piano_Sonatas/664-3/midi_score.mid,1.1102230246251565e-16,8.881784197001252e-16,1
pedal_depth,Schubert/Piano_Sonatas/894-2/midi_score.mid,1.1102230246251565e-16,8.881784197001252e-16,3
pedal_depth,Schubert/Piano_Sonatas/894-2_no_repeat/midi_score.mid,1.1102230246251565e-16,8.881784197001252e-16,15
pedal_depth,Schubert/Wanderer_fantasie/midi_score.mid,1.1102230246251565e-16,8.881784197001252e-16,3
pedal_depth,Schumann/Arabeske/midi_score.mid,1.1102230246251565e-16,8.881784197001252e-16,1
pedal_depth,Schumann/Kreisleriana/1/midi_score.mid,0.0,8.881784197001252e-16,1
pedal_depth,Schumann/Kreisleriana/2/midi_score.mid,1.1102230246251565e-16,8.881784197001252e-16,1
pedal_depth,Schumann/Kreisleriana/3/midi_score.mid::3_no_repeat,1.1102230246251565e-16,8.881784197001252e-16,1
pedal_depth,Schumann/Kreisleriana/4/midi_score.mid,0.0,4.440892098500626e-16,1
pedal_depth,Schumann/Kreisleriana/5/midi_score.mid,1.1102230246251565e-16,8.881784197001252e-16,1
pedal_depth,Schumann/Kreisleriana/6/midi_score.mid,0.0,8.881784197001252e-16,3
pedal_depth,Schumann/Kreisleriana/7/midi_score.mid,1.1102230246251565e-16,8.881784197001252e-16,3
pedal_depth,Schumann/Toccata/midi_score.mid,1.1102230246251565e-16,8.881784197001252e-16,6
pedal_depth,Schumann/Toccata_repeat/midi_score.mid,1.1102230246251565e-16,8.881784197001252e-16,1
pedal_depth,Scriabin/Etudes_op_8/11/midi_score.mid,0.0,8.881784197001252e-16,3
pedal_depth,Scriabin/Sonatas/5/midi_score.mid,1.1102230246251565e-16,8.881784197001252e-16,21
pedal_down_ratio,Bach/Fugue/bwv_848/midi_score.mid,5.551115123125783e-17,8.881784197001252e-16,36
pedal_down_ratio,Bach/Fugue/bwv_854/midi_score.mid,0.0,4.440892098500626e-16,10
pedal_down_ratio,Bach/Fugue/bwv_857/midi_score.mid,1.1102230246251565e-16,5.551115123125783e-16,15
pedal_down_ratio,Bach/Fugue/bwv_858/midi_score.mid,0.0,0.0,1
pedal_down_ratio,Bach/Fugue/bwv_860/midi_score.mid,1.1102230246251565e-16,8.881784197001252e-16,15
pedal_down_ratio,Bach/Fugue/bwv_863/midi_score.mid,1.1102230246251565e-16,4.440892098500626e-16,3
pedal_down_ratio,Bach/Fugue/bwv_865/midi_score.mid,5.551115123125783e-17,8.881784197001252e-16,3
pedal_down_ratio,Bach/Fugue/bwv_867/midi_score.mid,1.1102230246251565e-16,4.440892098500626e-16,1
pedal_down_ratio,Bach/Fugue/bwv_870/midi_score.mid,0.0,0.0,3
pedal_down_ratio,Bach/Fugue/bwv_873/midi_score.mid,0.0,4.440892098500626e-16,1
pedal_down_ratio,Bach/Fugue/bwv_874/midi_score.mid,5.551115123125783e-17,8.881784197001252e-16,3
pedal_down_ratio,Bach/Fugue/bwv_875/midi_score.mid,0.0,4.440892098500626e-16,1
pedal_down_ratio,Bach/Fugue/bwv_876/midi_score.mid,5.551115123125783e-17,4.440892098500626e-16,1
pedal_down_ratio,Bach/Fugue/bwv_880/midi_score.mid,0.0,1.7763568394002505e-15,3
pedal_down_ratio,Bach/Fugue/bwv_883/midi_score.mid,5.551115123125783e-17,4.440892098500626e-16,12
pedal_down_ratio,Bach/Fugue/bwv_885/midi_score.mid,1.1102230246251565e-16,8.881784197001252e-16,15
pedal_down_ratio,Bach/Fugue/bwv_889/midi_score.mid,5.551115123125783e-17,8.881784197001252e-16,15
pedal_down_ratio,Bach/Fugue/bwv_892/midi_score.mid,1.1102230246251565e-16,8.881784197001252e-16,1
pedal_down_ratio,Bach/Fugue/bwv_893/midi_score.mid,0.0,8.881784197001252e-16,3
pedal_down_ratio,Bach/Italian_concerto/midi_score.mid,1.1102230246251565e-16,4.440892098500626e-16,3
pedal_down_ratio,Bach/Prelude/bwv_848/midi_score.mid,0.0,8.881784197001252e-16,26
pedal_down_ratio,Bach/Prelude/bwv_854/midi_score.mid,1.1102230246251565e-16,8.881784197001252e-16,10
pedal_down_ratio,Bach/Prelude/bwv_857/midi_score.mid,1.1102230246251565e-16,4.440892098500626e-16,15
pedal_down_ratio,Bach/Prelude/bwv_858/midi_score.mid,0.0,0.0,1
pedal_down_ratio,Bach/Prelude/bwv_860/midi_score.mid,0.0,4.440892098500626e-16,14
pedal_down_ratio,Bach/Prelude/bwv_863/midi_score.mid,0.0,8.881784197001252e-16,3
pedal_down_ratio,Bach/Prelude/bwv_865/midi_score.mid,0.0,0.0,3
pedal_down_ratio,Bach/Prelude/bwv_867/midi_score.mid,1.1102230246251565e-16,4.440892098500626e-16,1
pedal_down_ratio,Bach/Prelude/bwv_870/midi_score.mid,5.551115123125783e-17,8.881784197001252e-16,3
pedal_down_ratio,Bach/Prelude/bwv_873/midi_score.mid,0.0,0.0,1
pedal_down_ratio,Bach/Prelude/bwv_874/midi_score.mid,5.551115123125783e-17,4.440892098500626e-16,1
pedal_down_ratio,Bach/Prelude/bwv_875/midi_score.mid,0.0,0.0,3
pedal_down_ratio,Bach/Prelude/bwv_876/midi_score.mid,0.0,8.881784197001252e-16,1
pedal_down_ratio,Bach/Prelude/bwv_880/midi_score.mid,1.1102230246251565e-16,4.440892098500626e-16,3
pedal_down_ratio,Bach/Prelude/bwv_883/midi_score.mid,1.1102230246251565e-16,4.440892098500626e-16,3
pedal_down_ratio,Bach/Prelude/bwv_885/midi_score.mid,1.1102230246251565e-16,4.440892098500626e-16,15
pedal_down_ratio,Bach/Prelude/bwv_889/midi_score.mid,0.0,8.881784197001252e-16,12
pedal_down_ratio,Bach/Prelude/bwv_891/midi_score.mid,0.0,2.220446049250313e-16,1
pedal_down_ratio,Bach/Prelude/bwv_892/midi_score.mid,0.0,0.0,1
pedal_down_ratio,Bach/Prelude/bwv_893/midi_score.mid,2.7755575615628914e-17,2.220446049250313e-16,3
pedal_down_ratio,Balakirev/Islamey/midi_score.mid,1.1102230246251565e-16,8.881784197001252e-16,45
pedal_down_ratio,Beethoven/Piano_Sonatas/11-1/midi_score.mid,1.1102230246251565e-16,8.881784197001252e-16,21
pedal_down_ratio,Beethoven/Piano_Sonatas/12-1/midi_score.mid,1.1102230246251565e-16,4.440892098500626e-16,3
pedal_down_ratio,Beethoven/Piano_Sonatas/15-1/midi_score.mid,1.1102230246251565e-16,8.881784197001252e-16,3
pedal_down_ratio,Beethoven/Piano_Sonatas/16-1/midi_score.mid,1.1102230246251565e-16,8.881784197001252e-16,21
pedal_down_ratio,Beethoven/Piano_Sonatas/17-1/midi_score.mid,1.1102230246251565e-16,8.881784197001252e-16,3
pedal_down_ratio,Beethoven/Piano_Sonatas/17-1_no_repeat/midi_score.mid,1.1102230246251565e-16,8.881784197001252e-16,55
pedal_down_ratio,Beethoven/Piano_Sonatas/18-1/midi_score.mid,1.1102230246251565e-16,8.881784197001252e-16,36
pedal_down_ratio,Beethoven/Piano_Sonatas/18-2_no_repeat/midi_score.mid,0.0,1.1102230246251565e-16,1
pedal_down_ratio,Beethoven/Piano_Sonatas/18-4/midi_score.mid,1.1102230246251565e-16,4.440892098500626e-16,1
pedal_down_ratio,Beethoven/Piano_Sonatas/2-1/midi_score.mid,1.1102230246251565e-16,8.881784197001252e-16,3
pedal_down_ratio,Beethoven/Piano_Sonatas/21-1/midi_score.mid,1.1102230246251565e-16,8.881784197001252e-16,1
pedal_down_ratio,Beethoven/Piano_Sonatas/21-1_no_repeat/midi_score.mid,1.1102230246251565e-16,8.881784197001252e-16,253
pedal_down_ratio,Beethoven/Piano_Sonatas/21-2/midi_score.mid,0.0,4.440892098500626e-16,3
pedal_down_ratio,Beethoven/Piano_Sonatas/21-3/midi_score.mid,1.1102230246251565e-16,8.881784197001252e-16,3
pedal_down_ratio,Beethoven/Piano_Sonatas/22-1/midi_score.mid,1.1102230246251565e-16,8.881784197001252e-16,3
pedal_down_ratio,Beethoven/Piano_Sonatas/23-1/midi_score.mid,1.1102230246251565e-16,8.881784197001252e-16,136
pedal_down_ratio,Beethoven/Piano_Sonatas/24-1/midi_score.mid,1.1102230246251565e-16,8.881784197001252e-16,3
pedal_down_ratio,Beethoven/Piano_Sonatas/24-1_no_2_repeat/midi_score.mid,1.1102230246251565e-16,8.881784197001252e-16,10
pedal_down_ratio,Beethoven/Piano_Sonatas/26-1/midi_score.mid,1.1102230246251565e-16,5.551115123125783e-16,21
pedal_down_ratio,Beethoven/Piano_Sonatas/26-1_no_repeat/midi_score.mid,1.1102230246251565e-16,6.661338147750939e-16,6
pedal_down_ratio,Beethoven/Piano_Sonatas/26-2/midi_score.mid,1.1102230246251565e-16,8.881784197001252e-16,10
pedal_down_ratio,Beethoven/Piano_Sonatas/26-3/midi_score.mid,1.1102230246251565e-16,8.881784197001252e-16,1
pedal_down_ratio,Beethoven/Piano_Sonatas/26-3/midi_score.mid::26-3_no_repeat,1.1102230246251565e-16,8.881784197001252e-16,1
pedal_down_ratio,Beethoven/Piano_Sonatas/27-1/midi_score.mid,1.1102230246251565e-16,8.881784197001252e-16,21
pedal_down_ratio,Beethoven/Piano_Sonatas/28-1/midi_score.mid,1.1102230246251565e-16,8.881784197001252e-16,10
pedal_down_ratio,Beethoven/Piano_Sonatas/3-1/midi_score.mid,1.1102230246251565e-16,8.881784197001252e-16,28
pedal_down_ratio,Beethoven/Piano_Sonatas/30-1/midi_score.mid,1.1102230246251565e-16,8.881784197001252e-16,28
pedal_down_ratio,Beethoven/Piano_Sonatas/31-1/midi_score.mid,1.1102230246251565e-16,8.881784197001252e-16,210
pedal_down_ratio,Beethoven/Piano_Sonatas/31-2/midi_score.mid,1.1102230246251565e-16,8.881784197001252e-16,15
pedal_down_ratio,Beethoven/Piano_Sonatas/31-3_4/midi_score.mid,1.1102230246251565e-16,8.951173136040325e-16,45
pedal_down_ratio,Beethoven/Piano_Sonatas/32-1/midi_score.mid,1.1102230246251565e-16,4.996003610813204e-16,10
pedal_down_ratio,Beethoven/Piano_Sonatas/32-1/midi_score.mid::32-1_no_repeat,1.1102230246251565e-16,8.881784197001252e-16,6
pedal_down_ratio,Beethoven/Piano_Sonatas/4-1/midi_score.mid,1.1102230246251565e-16,8.881784197001252e-16,36
pedal_down_ratio,Beethoven/Piano_Sonatas/5-1/midi_score.mid,1.1102230246251565e-16,4.440892098500626e-16,3
pedal_down_ratio,Beethoven/Piano_Sonatas/7-1/midi_score.mid,1.1102230246251565e-16,8.881784197001252e-16,36
pedal_down_ratio,Beethoven/Piano_Sonatas/7-2/midi_score.mid,1.1102230246251565e-16,8.881784197001252e-16,1
pedal_down_ratio,Beethoven/Piano_Sonatas/7-3/midi_score.mid,1.1102230246251565e-16,8.881784197001252e-16,1
pedal_down_ratio,Beethoven/Piano_Sonatas/7-4/midi_score.mid,0.0,4.440892098500626e-16,1
pedal_down_ratio,Beethoven/Piano_Sonatas/8-1/midi_score.mid,1.1102230246251565e-16,8.881784197001252e-16,1
pedal_down_ratio,Chopin/Ballades/1/midi_score.mid,1.1102230246251565e-16,1.7763568394002505e-15,136
pedal_down_ratio,Chopin/Ballades/2/midi_score.mid,1.1102230246251565e-16,8.881784197001252e-16,10
pedal_down_ratio,Chopin/Ballades/3/midi_score.mid,1.1102230246251565e-16,8.881784197001252e-16,3
pedal_down_ratio,Chopin/Ballades/4/midi_score.mid,1.1102230246251565e-16,1.7763568394002505e-15,66
pedal_down_ratio,Chopin/Barcarolle/midi_score.mid,1.1102230246251565e-16,1.7763568394002505e-15,36
pedal_down_ratio,Chopin/Berceuse_op_57/midi_score.mid,0.0,8.881784197001252e-16,10
pedal_down_ratio,Chopin/Etudes_op_10/1/midi_score.mid,1.1102230246251565e-16,1.7763568394002505e-15,276
pedal_down_ratio,Chopin/Etudes_op_10/10/midi_score.mid,5.551115123125783e-17,1.7763568394002505e-15,6
pedal_down_ratio,Chopin/Etudes_op_10/12/midi_score.mid,1.1102230246251565e-16,8.881784197001252e-16,78
pedal_down_ratio,Chopin/Etudes_op_10/2/midi_score.mid,1.1102230246251565e-16,5.551115123125783e-16,55
pedal_down_ratio,Chopin/Etudes_op_10/4/midi_score.mid,1.1102230246251565e-16,8.881784197001252e-16,231
pedal_down_ratio,Chopin/Etudes_op_10/5/midi_score.mid,1.1102230246251565e-16,8.881784197001252e-16,55
pedal_down_ratio,Chopin/Etudes_op_10/7/midi_score.mid,1.1102230246251565e-16,4.440892098500626e-16,3
pedal_down_ratio,Chopin/Etudes_op_10/8/midi_score.mid,1.1102230246251565e-16,8.881784197001252e-16,378
pedal_down_ratio,Chopin/Etudes_op_25/1/midi_score.mid,0.0,3.552713678800501e-15,10
pedal_down_ratio,Chopin/Etudes_op_25/10/midi_score.mid,1.1102230246251565e-16,1.3322676295501878e-15,66
pedal_down_ratio,Chopin/Etudes_op_25/11/midi_score.mid,1.1102230246251565e-16,9.159339953157541e-16,276
pedal_down_ratio,Chopin/Etudes_op_25/12/midi_score.mid,1.1102230246251565e-16,1.7763568394002505e-15,36
pedal_down_ratio,Chopin/Etudes_op_25/4/midi_score.mid,1.1102230246251565e-16,4.440892098500626e-16,1
pedal_down_ratio,Chopin/Etudes_op_25/5/midi_score.mid,1.1102230246251565e-16,8.881784197001252e-16,1
pedal_down_ratio,Chopin/Etudes_op_25/8/midi_score.mid,1.1102230246251565e-16,8.881784197001252e-16,6
pedal_down_ratio,Chopin/Polonaises/53/midi_score.mid,1.1102230246251565e-16,8.881784197001252e-16,1
pedal_down_ratio,Chopin/Scherzos/20/midi_score.mid,1.1102230246251565e-16,4.440892098500626e-16,3
pedal_down_ratio,Chopin/Scherzos/31/midi_score.mid,1.1102230246251565e-16,1.1102230246251565e-15,66
pedal_down_ratio,Chopin/Scherzos/39/midi_score.mid,1.1102230246251565e-16,8.881784197001252e-16,1
pedal_down_ratio,Chopin/Sonata_2/1st_no_repeat/midi_score.mid,1.1102230246251565e-16,1.7763568394002505e-15,6
pedal_down_ratio,Chopin/Sonata_2/2nd_no_repeat/midi_score.mid,1.1102230246251565e-16,8.881784197001252e-16,1
pedal_down_ratio,Chopin/Sonata_2/4th/midi_score.mid,1.1102230246251565e-16,4.440892098500626e-16,3
pedal_down_ratio,Chopin/Sonata_3/2nd/midi_score.mid,1.1102230246251565e-16,8.881784197001252e-16,36
pedal_down_ratio,Chopin/Sonata_3/3rd/midi_score.mid,1.1102230246251565e-16,1.2212453270876722e-15,36
pedal_down_ratio,Chopin/Sonata_3/4th/midi_score.mid,1.1102230246251565e-16,9.992007221626409e-16,36
pedal_down_ratio,Debussy/Images_Book_1/1_Reflets_dans_lEau/midi_score.mid,0.0,8.881784197001252e-16,1
pedal_down_ratio,Glinka/The_Lark/midi_score.mid,1.1102230246251565e-16,8.881784197001252e-16,1
pedal_down_ratio,Haydn/Keyboard_Sonatas/31-1/midi_score.mid,1.1102230246251565e-16,8.881784197001252e-16,6
pedal_down_ratio,Haydn/Keyboard_Sonatas/32-1/midi_score.mid,1.1102230246251565e-16,4.440892098500626e-16,1
pedal_down_ratio,Haydn/Keyboard_Sonatas/32-1_no_repeat/midi_score.mid,1.1102230246251565e-16,4.440892098500626e-16,3
pedal_down_ratio,Haydn/Keyboard_Sonatas/39-1/midi_score.mid,1.1102230246251565e-16,8.881784197001252e-16,1
pedal_down_ratio,Haydn/Keyboard_Sonatas/46-1/midi_score.mid,1.1102230246251565e-16,8.881784197001252e-16,10
pedal_down_ratio,Haydn/Keyboard_Sonatas/48-1/midi_score.mid,1.1102230246251565e-16,8.881784197001252e-16,1
pedal_down_ratio,Haydn/Keyboard_Sonatas/48-2/midi_score.mid,1.1102230246251565e-16,2.220446049250313e-16,1
pedal_down_ratio,Haydn/Keyboard_Sonatas/49-1/midi_score.mid,1.1102230246251565e-16,4.440892098500626e-16,3
pedal_down_ratio,Haydn/Keyboard_Sonatas/50-1_no_repeat/midi_score.mid,1.1102230246251565e-16,8.881784197001252e-16,153
pedal_down_ratio,Liszt/Annees_de_pelerinage_2/1_Gondoliera/midi_score.mid,0.0,1.7763568394002505e-15,1
pedal_down_ratio,Liszt/Ballade_2/midi_score.mid,1.1102230246251565e-16,1.7763568394002505e-15,15
pedal_down_ratio,Liszt/Concert_Etude_S145/1/midi_score.mid,1.1102230246251565e-16,8.881784197001252e-16,15
pedal_down_ratio,Liszt/Concert_Etude_S145/2/midi_score.mid,1.1102230246251565e-16,4.440892098500626e-16,6
pedal_down_ratio,Liszt/Gran_Etudes_de_Paganini/2_La_campanella/midi_score.mid,1.1102230246251565e-16,8.881784197001252e-16,406
pedal_down_ratio,Liszt/Gran_Etudes_de_Paganini/6_Theme_and_Variations/midi_score.mid,1.1102230246251565e-16,8.881784197001252e-16,3
pedal_down_ratio,Liszt/Gran_Etudes_de_Paganini/6_Theme_and_Variations_repeat/midi_score.mid,1.1102230246251565e-16,8.881784197001252e-16,1
pedal_down_ratio,Liszt/Hungarian_Rhapsodies/6/midi_score.mid,1.1102230246251565e-16,8.881784197001252e-16,1
pedal_down_ratio,Liszt/Mephisto_Waltz/midi_score.mid,1.1102230246251565e-16,8.881784197001252e-16,78
pedal_down_ratio,Liszt/Sonata/midi_score.mid,1.1102230246251565e-16,8.881784197001252e-16,10
pedal_down_ratio,Liszt/Transcendental_Etudes/1/midi_score.mid,1.1102230246251565e-16,4.440892098500626e-16,1
pedal_down_ratio,Liszt/Transcendental_Etudes/10/midi_score.mid,1.1102230246251565e-16,8.881784197001252e-16,120
pedal_down_ratio,Liszt/Transcendental_Etudes/4/midi_score.mid,1.1102230246251565e-16,8.881784197001252e-16,45
pedal_down_ratio,Liszt/Transcendental_Etudes/5/midi_score.mid,1.1102230246251565e-16,4.996003610813204e-16,55
pedal_down_ratio,Liszt/Transcendental_Etudes/9/midi_score.mid,1.1102230246251565e-16,8.881784197001252e-16,3
pedal_down_ratio,Mozart/Piano_Sonatas/12-1/midi_score.mid,1.1102230246251565e-16,4.440892098500626e-16,6
pedal_down_ratio,Mozart/Piano_Sonatas/12-2/midi_score.mid,0.0,4.440892098500626e-16,1
pedal_down_ratio,Mozart/Piano_Sonatas/12-3/midi_score.mid,5.551115123125783e-17,8.881784197001252e-16,3
pedal_down_ratio,Mozart/Piano_Sonatas/8-1/midi_score.mid,1.1102230246251565e-16,4.440892098500626e-16,10
pedal_down_ratio,Prokofiev/Toccata/midi_score.mid,1.1102230246251565e-16,6.661338147750939e-16,28
pedal_down_ratio,Rachmaninoff/Preludes_op_23/4/midi_score.mid,0.0,1.7763568394002505e-15,3
pedal_down_ratio,Rachmaninoff/Preludes_op_32/5/midi_score.mid,0.0,8.881784197001252e-16,1
pedal_down_ratio,Ravel/Gaspard_de_la_Nuit/1_Ondine/midi_score.mid,1.1102230246251565e-16,1.7763568394002505e-15,21
pedal_down_ratio,Ravel/Miroirs/3_Une_Barque/midi_score.mid,0.0,8.881784197001252e-16,3
pedal_down_ratio,Ravel/Miroirs/4_Alborada_del_gracioso/midi_score.mid,1.1102230246251565e-16,8.881784197001252e-16,28
pedal_down_ratio,Ravel/Pavane/midi_score.mid,0.0,4.440892098500626e-16,1
pedal_down_ratio,Schubert/Impromptu_op.90_D.899/1/midi_score.mid,1.1102230246251565e-16,8.881784197001252e-16,6
pedal_down_ratio,Schubert/Impromptu_op.90_D.899/2/midi_score.mid,1.1102230246251565e-16,4.440892098500626e-16,21
pedal_down_ratio,Schubert/Impromptu_op.90_D.899/3/midi_score.mid,1.1102230246251565e-16,1.7763568394002505e-15,66
pedal_down_ratio,Schubert/Impromptu_op.90_D.899/4_no_repeat/midi_score.mid,1.1102230246251565e-16,8.881784197001252e-16,6
pedal_down_ratio,Schubert/Impromptu_op142/1/midi_score.mid,1.1102230246251565e-16,8.881784197001252e-16,3
pedal_down_ratio,Schubert/Impromptu_op142/3/midi_score.mid,1.1102230246251565e-16,1.7763568394002505e-15,15
pedal_down_ratio,Schubert/Piano_Sonatas/664-1/midi_score.mid,1.1102230246251565e-16,8.881784197001252e-16,6
pedal_down_ratio,Schubert/Piano_Sonatas/664-2/midi_score.mid,1.1102230246251565e-16,4.440892098500626e-16,1
pedal_down_ratio,Schubert/Piano_Sonatas/664-3/midi_score.mid,1.1102230246251565e-16,8.881784197001252e-16,1
pedal_down_ratio,Schubert/Piano_Sonatas/894-2/midi_score.mid,1.1102230246251565e-16,8.881784197001252e-16,3
pedal_down_ratio,Schubert/Piano_Sonatas/894-2_no_repeat/midi_score.mid,1.1102230246251565e-16,1.7763568394002505e-15,15
pedal_down_ratio,Schubert/Wanderer_fantasie/midi_score.mid,1.1102230246251565e-16,8.881784197001252e-16,3
pedal_down_ratio,Schumann/Arabeske/midi_score.mid,1.1102230246251565e-16,1.7763568394002505e-15,1
pedal_down_ratio,Schumann/Kreisleriana/1/midi_score.mid,0.0,8.881784197001252e-16,1
pedal_down_ratio,Schumann/Kreisleriana/2/midi_score.mid,1.1102230246251565e-16,1.7763568394002505e-15,1
pedal_down_ratio,Schumann/Kreisleriana/3/midi_score.mid::3_no_repeat,0.0,8.881784197001252e-16,1
pedal_down_ratio,Schumann/Kreisleriana/4/midi_score.mid,0.0,4.440892098500626e-16,1
pedal_down_ratio,Schumann/Kreisleriana/5/midi_score.mid,5.551115123125783e-17,8.881784197001252e-16,1
pedal_down_ratio,Schumann/Kreisleriana/6/midi_score.mid,0.0,8.881784197001252e-16,3
pedal_down_ratio,Schumann/Kreisleriana/7/midi_score.mid,1.1102230246251565e-16,4.440892098500626e-16,3
pedal_down_ratio,Schumann/Toccata/midi_score.mid,1.1102230246251565e-16,8.881784197001252e-16,6
pedal_down_ratio,Schumann/Toccata_repeat/midi_score.mid,1.1102230246251565e-16,8.881784197001252e-16,1
pedal_down_ratio,Scriabin/Etudes_op_8/11/midi_score.mid,1.1102230246251565e-16,1.7763568394002505e-15,3
pedal_down_ratio,Scriabin/Sonatas/5/midi_score.mid,1.1102230246251565e-16,8.881784197001252e-16,21
pedal_changes,Bach/Fugue/bwv_848/midi_score.mid,0.0,0.0,36
pedal_changes,Bach/Fugue/bwv_854/midi_score.mid,0.0,0.0,10
pedal_changes,Bach/Fugue/bwv_857/midi_score.mid,0.0,8.881784197001252e-16,15
pedal_changes,Bach/Fugue/bwv_858/midi_score.mid,0.0,0.0,1
pedal_changes,Bach/Fugue/bwv_860/midi_score.mid,0.0,8.881784197001252e-16,15
pedal_changes,Bach/Fugue/bwv_863/midi_score.mid,0.0,0.0,3
pedal_changes,Bach/Fugue/bwv_865/midi_score.mid,0.0,0.0,3
pedal_changes,Bach/Fugue/bwv_867/midi_score.mid,0.0,0.0,1
pedal_changes,Bach/Fugue/bwv_870/midi_score.mid,0.0,0.0,3
pedal_changes,Bach/Fugue/bwv_873/midi_score.mid,0.0,0.0,1
pedal_changes,Bach/Fugue/bwv_874/midi_score.mid,0.0,8.881784197001252e-16,3
pedal_changes,Bach/Fugue/bwv_875/midi_score.mid,0.0,0.0,1
pedal_changes,Bach/Fugue/bwv_876/midi_score.mid,0.0,0.0,1
pedal_changes,Bach/Fugue/bwv_880/midi_score.mid,0.0,0.0,3
pedal_changes,Bach/Fugue/bwv_883/midi_score.mid,0.0,4.440892098500626e-16,12
pedal_changes,Bach/Fugue/bwv_885/midi_score.mid,0.0,8.881784197001252e-16,15
pedal_changes,Bach/Fugue/bwv_889/midi_score.mid,0.0,0.0,15
pedal_changes,Bach/Fugue/bwv_892/midi_score.mid,0.0,0.0,1
pedal_changes,Bach/Fugue/bwv_893/midi_score.mid,0.0,0.0,3
pedal_changes,Bach/Italian_concerto/midi_score.mid,0.0,4.440892098500626e-16,3
pedal_changes,Bach/Prelude/bwv_848/midi_score.mid,0.0,8.881784197001252e-16,26
pedal_changes,Bach/Prelude/bwv_854/midi_score.mid,0.0,0.0,10
pedal_changes,Bach/Prelude/bwv_857/midi_score.mid,0.0,4.440892098500626e-16,15
pedal_changes,Bach/Prelude/bwv_858/midi_score.mid,0.0,0.0,1
pedal_changes,Bach/Prelude/bwv_860/midi_score.mid,0.0,0.0,14
pedal_changes,Bach/Prelude/bwv_863/midi_score.mid,0.0,4.440892098500626e-16,3
pedal_changes,Bach/Prelude/bwv_865/midi_score.mid,0.0,0.0,3
pedal_changes,Bach/Prelude/bwv_867/midi_score.mid,0.0,0.0,1
pedal_changes,Bach/Prelude/bwv_870/midi_score.mid,0.0,4.440892098500626e-16,3
pedal_changes,Bach/Prelude/bwv_873/midi_score.mid,0.0,0.0,1
pedal_changes,Bach/Prelude/bwv_874/midi_score.mid,0.0,0.0,1
pedal_changes,Bach/Prelude/bwv_875/midi_score.mid,0.0,0.0,3
pedal_changes,Bach/Prelude/bwv_876/midi_score.mid,0.0,0.0,1
pedal_changes,Bach/Prelude/bwv_880/midi_score.mid,0.0,0.0,3
pedal_changes,Bach/Prelude/bwv_883/midi_score.mid,0.0,4.440892098500626e-16,3
pedal_changes,Bach/Prelude/bwv_885/midi_score.mid,0.0,4.440892098500626e-16,15
pedal_changes,Bach/Prelude/bwv_889/midi_score.mid,0.0,8.881784197001252e-16,12
pedal_changes,Bach/Prelude/bwv_891/midi_score.mid,0.0,0.0,1
pedal_changes,Bach/Prelude/bwv_892/midi_score.mid,0.0,0.0,1
pedal_changes,Bach/Prelude/bwv_893/midi_score.mid,0.0,8.881784197001252e-16,3
pedal_changes,Balakirev/Islamey/midi_score.mid,0.0,8.881784197001252e-16,45
pedal_changes,Beethoven/Piano_Sonatas/11-1/midi_score.mid,0.0,8.881784197001252e-16,21
pedal_changes,Beethoven/Piano_Sonatas/12-1/midi_score.mid,0.0,8.881784197001252e-16,3
pedal_changes,Beethoven/Piano_Sonatas/15-1/midi_score.mid,0.0,0.0,3
pedal_changes,Beethoven/Piano_Sonatas/16-1/midi_score.mid,0.0,8.881784197001252e-16,21
pedal_changes,Beethoven/Piano_Sonatas/17-1/midi_score.mid,0.0,0.0,3
pedal_changes,Beethoven/Piano_Sonatas/17-1_no_repeat/midi_score.mid,0.0,8.881784197001252e-16,55
pedal_changes,Beethoven/Piano_Sonatas/18-1/midi_score.mid,0.0,0.0,36
pedal_changes,Beethoven/Piano_Sonatas/18-2_no_repeat/midi_score.mid,0.0,0.0,1
pedal_changes,Beethoven/Piano_Sonatas/18-4/midi_score.mid,0.0,0.0,1
pedal_changes,Beethoven/Piano_Sonatas/2-1/midi_score.mid,0.0,0.0,3
pedal_changes,Beethoven/Piano_Sonatas/21-1/midi_score.mid,0.0,0.0,1
pedal_changes,Beethoven/Piano_Sonatas/21-1_no_repeat/midi_score.mid,0.0,1.7763568394002505e-15,253
pedal_changes,Beethoven/Piano_Sonatas/21-2/midi_score.mid,0.0,4.440892098500626e-16,3
pedal_changes,Beethoven/Piano_Sonatas/21-3/midi_score.mid,0.0,8.881784197001252e-16,3
pedal_changes,Beethoven/Piano_Sonatas/22-1/midi_score.mid,0.0,4.440892098500626e-16,3
pedal_changes,Beethoven/Piano_Sonatas/23-1/midi_score.mid,0.0,0.0,136
pedal_changes,Beethoven/Piano_Sonatas/24-1/midi_score.mid,0.0,0.0,3
pedal_changes,Beethoven/Piano_Sonatas/24-1_no_2_repeat/midi_score.mid,0.0,4.440892098500626e-16,10
pedal_changes,Beethoven/Piano_Sonatas/26-1/midi_score.mid,0.0,8.881784197001252e-16,21
pedal_changes,Beethoven/Piano_Sonatas/26-1_no_repeat/midi_score.mid,0.0,8.881784197001252e-16,6
pedal_changes,Beethoven/Piano_Sonatas/26-2/midi_score.mid,0.0,8.881784197001252e-16,10
pedal_changes,Beethoven/Piano_Sonatas/26-3/midi_score.mid,0.0,0.0,1
pedal_changes,Beethoven/Piano_Sonatas/26-3/midi_score.mid::26-3_no_repeat,0.0,0.0,1
pedal_changes,Beethoven/Piano_Sonatas/27-1/midi_score.mid,0.0,0.0,21
pedal_changes,Beethoven/Piano_Sonatas/28-1/midi_score.mid,0.0,8.881784197001252e-16,10
pedal_changes,Beethoven/Piano_Sonatas/3-1/midi_score.mid,0.0,8.881784197001252e-16,28
pedal_changes,Beethoven/Piano_Sonatas/30-1/midi_score.mid,0.0,1.7763568394002505e-15,28
pedal_changes,Beethoven/Piano_Sonatas/31-1/midi_score.mid,0.0,4.440892098500626e-16,210
pedal_changes,Beethoven/Piano_Sonatas/31-2/midi_score.mid,0.0,4.440892098500626e-16,15
pedal_changes,Beethoven/Piano_Sonatas/31-3_4/midi_score.mid,0.0,8.881784197001252e-16,45
pedal_changes,Beethoven/Piano_Sonatas/32-1/midi_score.mid,0.0,8.881784197001252e-16,10
pedal_changes,Beethoven/Piano_Sonatas/32-1/midi_score.mid::32-1_no_repeat,0.0,8.881784197001252e-16,6
pedal_changes,Beethoven/Piano_Sonatas/4-1/midi_score.mid,0.0,0.0,36
pedal_changes,Beethoven/Piano_Sonatas/5-1/midi_score.mid,0.0,0.0,3
pedal_changes,Beethoven/Piano_Sonatas/7-1/midi_score.mid,0.0,8.881784197001252e-16,36
pedal_changes,Beethoven/Piano_Sonatas/7-2/midi_score.mid,0.0,0.0,1
pedal_changes,Beethoven/Piano_Sonatas/7-3/midi_score.mid,0.0,0.0,1
pedal_changes,Beethoven/Piano_Sonatas/7-4/midi_score.mid,0.0,0.0,1
pedal_changes,Beethoven/Piano_Sonatas/8-1/midi_score.mid,0.0,0.0,1
pedal_changes,Chopin/Ballades/1/midi_score.mid,0.0,8.881784197001252e-16,136
pedal_changes,Chopin/Ballades/2/midi_score.mid,0.0,8.881784197001252e-16,10
pedal_changes,Chopin/Ballades/3/midi_score.mid,0.0,8.881784197001252e-16,3
pedal_changes,Chopin/Ballades/4/midi_score.mid,0.0,1.7763568394002505e-15,66
pedal_changes,Chopin/Barcarolle/midi_score.mid,0.0,8.881784197001252e-16,36
pedal_changes,Chopin/Berceuse_op_57/midi_score.mid,0.0,4.440892098500626e-16,10
pedal_changes,Chopin/Etudes_op_10/1/midi_score.mid,0.0,0.0,276
pedal_changes,Chopin/Etudes_op_10/10/midi_score.mid,0.0,4.440892098500626e-16,6
pedal_changes,Chopin/Etudes_op_10/12/midi_score.mid,0.0,8.881784197001252e-16,78
pedal_changes,Chopin/Etudes_op_10/2/midi_score.mid,0.0,4.440892098500626e-16,55
pedal_changes,Chopin/Etudes_op_10/4/midi_score.mid,0.0,8.881784197001252e-16,231
pedal_changes,Chopin/Etudes_op_10/5/midi_score.mid,0.0,4.440892098500626e-16,55
pedal_changes,Chopin/Etudes_op_10/7/midi_score.mid,0.0,4.440892098500626e-16,3
pedal_changes,Chopin/Etudes_op_10/8/midi_score.mid,0.0,8.881784197001252e-16,378
pedal_changes,Chopin/Etudes_op_25/1/midi_score.mid,0.0,2.220446049250313e-16,10
pedal_changes,Chopin/Etudes_op_25/10/midi_score.mid,0.0,8.881784197001252e-16,66
pedal_changes,Chopin/Etudes_op_25/11/midi_score.mid,0.0,8.881784197001252e-16,276
pedal_changes,Chopin/Etudes_op_25/12/midi_score.mid,0.0,4.440892098500626e-16,36
pedal_changes,Chopin/Etudes_op_25/4/midi_score.mid,0.0,0.0,1
pedal_changes,Chopin/Etudes_op_25/5/midi_score.mid,0.0,0.0,1
pedal_changes,Chopin/Etudes_op_25/8/midi_score.mid,0.0,0.0,6
pedal_changes,Chopin/Polonaises/53/midi_score.mid,0.0,0.0,1
pedal_changes,Chopin/Scherzos/20/midi_score.mid,0.0,0.0,3
pedal_changes,Chopin/Scherzos/31/midi_score.mid,0.0,0.0,66
pedal_changes,Chopin/Scherzos/39/midi_score.mid,0.0,0.0,1
pedal_changes,Chopin/Sonata_2/1st_no_repeat/midi_score.mid,0.0,4.440892098500626e-16,6
pedal_changes,Chopin/Sonata_2/2nd_no_repeat/midi_score.mid,0.0,0.0,1
pedal_changes,Chopin/Sonata_2/4th/midi_score.mid,0.0,0.0,3
pedal_changes,Chopin/Sonata_3/2nd/midi_score.mid,0.0,4.440892098500626e-16,36
pedal_changes,Chopin/Sonata_3/3rd/midi_score.mid,0.0,4.440892098500626e-16,36
pedal_changes,Chopin/Sonata_3/4th/midi_score.mid,0.0,8.881784197001252e-16,36
pedal_changes,Debussy/Images_Book_1/1_Reflets_dans_lEau/midi_score.mid,0.0,0.0,1
pedal_changes,Glinka/The_Lark/midi_score.mid,0.0,0.0,1
pedal_changes,Haydn/Keyboard_Sonatas/31-1/midi_score.mid,0.0,4.440892098500626e-16,6
pedal_changes,Haydn/Keyboard_Sonatas/32-1/midi_score.mid,0.0,0.0,1
pedal_changes,Haydn/Keyboard_Sonatas/32-1_no_repeat/midi_score.mid,0.0,4.440892098500626e-16,3
pedal_changes,Haydn/Keyboard_Sonatas/39-1/midi_score.mid,0.0,0.0,1
pedal_changes,Haydn/Keyboard_Sonatas/46-1/midi_score.mid,0.0,8.881784197001252e-16,10
pedal_changes,Haydn/Keyboard_Sonatas/48-1/midi_score.mid,0.0,0.0,1
pedal_changes,Haydn/Keyboard_Sonatas/48-2/midi_score.mid,0.0,0.0,1
pedal_changes,Haydn/Keyboard_Sonatas/49-1/midi_score.mid,0.0,0.0,3
pedal_changes,Haydn/Keyboard_Sonatas/50-1_no_repeat/midi_score.mid,0.0,8.881784197001252e-16,153
pedal_changes,Liszt/Annees_de_pelerinage_2/1_Gondoliera/midi_score.mid,0.0,0.0,1
pedal_changes,Liszt/Ballade_2/midi_score.mid,0.0,1.7763568394002505e-15,15
pedal_changes,Liszt/Concert_Etude_S145/1/midi_score.mid,0.0,4.440892098500626e-16,15
pedal_changes,Liszt/Concert_Etude_S145/2/midi_score.mid,0.0,8.881784197001252e-16,6
pedal_changes,Liszt/Gran_Etudes_de_Paganini/2_La_campanella/midi_score.mid,0.0,1.7763568394002505e-15,406
pedal_changes,Liszt/Gran_Etudes_de_Paganini/6_Theme_and_Variations/midi_score.mid,0.0,4.440892098500626e-16,3
pedal_changes,Liszt/Gran_Etudes_de_Paganini/6_Theme_and_Variations_repeat/midi_score.mid,0.0,0.0,1
pedal_changes,Liszt/Hungarian_Rhapsodies/6/midi_score.mid,0.0,0.0,1
pedal_changes,Liszt/Mephisto_Waltz/midi_score.mid,0.0,3.552713678800501e-15,78
pedal_changes,Liszt/Sonata/midi_score.mid,0.0,1.7763568394002505e-15,10
pedal_changes,Liszt/Transcendental_Etudes/1/midi_score.mid,0.0,0.0,1
pedal_changes,Liszt/Transcendental_Etudes/10/midi_score.mid,0.0,8.881784197001252e-16,120
pedal_changes,Liszt/Transcendental_Etudes/4/midi_score.mid,0.0,1.7763568394002505e-15,45
pedal_changes,Liszt/Transcendental_Etudes/5/midi_score.mid,0.0,8.881784197001252e-16,55
pedal_changes,Liszt/Transcendental_Etudes/9/midi_score.mid,0.0,4.440892098500626e-16,3
pedal_changes,Mozart/Piano_Sonatas/12-1/midi_score.mid,0.0,8.881784197001252e-16,6
pedal_changes,Mozart/Piano_Sonatas/12-2/midi_score.mid,0.0,0.0,1
pedal_changes,Mozart/Piano_Sonatas/12-3/midi_score.mid,0.0,0.0,3
pedal_changes,Mozart/Piano_Sonatas/8-1/midi_score.mid,0.0,4.440892098500626e-16,10
pedal_changes,Prokofiev/Toccata/midi_score.mid,0.0,8.881784197001252e-16,28
pedal_changes,Rachmaninoff/Preludes_op_23/4/midi_score.mid,0.0,0.0,3
pedal_changes,Rachmaninoff/Preludes_op_32/5/midi_score.mid,0.0,0.0,1
pedal_changes,Ravel/Gaspard_de_la_Nuit/1_Ondine/midi_score.mid,0.0,8.881784197001252e-16,21
pedal_changes,Ravel/Miroirs/3_Une_Barque/midi_score.mid,0.0,1.7763568394002505e-15,3
pedal_changes,Ravel/Miroirs/4_Alborada_del_gracioso/midi_score.mid,0.0,8.881784197001252e-16,28
pedal_changes,Ravel/Pavane/midi_score.mid,0.0,0.0,1
pedal_changes,Schubert/Impromptu_op.90_D.899/1/midi_score.mid,0.0,2.220446049250313e-16,6
pedal_changes,Schubert/Impromptu_op.90_D.899/2/midi_score.mid,0.0,4.440892098500626e-16,21
pedal_changes,Schubert/Impromptu_op.90_D.899/3/midi_score.mid,0.0,4.440892098500626e-16,66
pedal_changes,Schubert/Impromptu_op.90_D.899/4_no_repeat/midi_score.mid,0.0,8.881784197001252e-16,6
pedal_changes,Schubert/Impromptu_op142/1/midi_score.mid,0.0,8.881784197001252e-16,3
pedal_changes,Schubert/Impromptu_op142/3/midi_score.mid,0.0,8.881784197001252e-16,15
pedal_changes,Schubert/Piano_Sonatas/664-1/midi_score.mid,0.0,8.881784197001252e-16,6
pedal_changes,Schubert/Piano_Sonatas/664-2/midi_score.mid,0.0,0.0,1
pedal_changes,Schubert/Piano_Sonatas/664-3/midi_score.mid,0.0,0.0,1
pedal_changes,Schubert/Piano_Sonatas/894-2/midi_score.mid,0.0,0.0,3
pedal_changes,Schubert/Piano_Sonatas/894-2_no_repeat/midi_score.mid,0.0,4.440892098500626e-16,15
pedal_changes,Schubert/Wanderer_fantasie/midi_score.mid,0.0,8.881784197001252e-16,3
pedal_changes,Schumann/Arabeske/midi_score.mid,0.0,0.0,1
pedal_changes,Schumann/Kreisleriana/1/midi_score.mid,0.0,0.0,1
pedal_changes,Schumann/Kreisleriana/2/midi_score.mid,0.0,0.0,1
pedal_changes,Schumann/Kreisleriana/3/midi_score.mid::3_no_repeat,0.0,0.0,1
pedal_changes,Schumann/Kreisleriana/4/midi_score.mid,0.0,0.0,1
pedal_changes,Schumann/Kreisleriana/5/midi_score.mid,0.0,0.0,1
pedal_changes,Schumann/Kreisleriana/6/midi_score.mid,0.0,0.0,3
pedal_changes,Schumann/Kreisleriana/7/midi_score.mid,0.0,0.0,3
pedal_changes,Schumann/Toccata/midi_score.mid,0.0,8.881784197001252e-16,6
pedal_changes,Schumann/Toccata_repeat/midi_score.mid,0.0,0.0,1
pedal_changes,Scriabin/Etudes_op_8/11/midi_score.mid,0.0,0.0,3
pedal_changes,Scriabin/Sonatas/5/midi_score.mid,0.0,1.7763568394002505e-15,21
articulation,Bach/Fugue/bwv_848/midi_score.mid,4.440892098500626e-16,1.7763568394002505e-15,36
articulation,Bach/Fugue/bwv_854/midi_score.mid,2.220446049250313e-16,8.881784197001252e-16,10
articulation,Bach/Fugue/bwv_857/midi_score.mid,8.881784197001252e-16,3.552713678800501e-15,15
articulation,Bach/Fugue/bwv_858/midi_score.mid,2.220446049250313e-16,1.7763568394002505e-15,1
articulation,Bach/Fugue/bwv_860/midi_score.mid,4.440892098500626e-16,1.7763568394002505e-15,15
articulation,Bach/Fugue/bwv_863/midi_score.mid,2.220446049250313e-16,3.552713678800501e-15,3
articulation,Bach/Fugue/bwv_865/midi_score.mid,4.440892098500626e-16,1.7763568394002505e-15,3
articulation,Bach/Fugue/bwv_867/midi_score.mid,4.440892098500626e-16,8.881784197001252e-16,1
articulation,Bach/Fugue/bwv_870/midi_score.mid,2.220446049250313e-16,8.881784197001252e-16,3
articulation,Bach/Fugue/bwv_873/midi_score.mid,4.440892098500626e-16,1.7763568394002505e-15,1
articulation,Bach/Fugue/bwv_874/midi_score.mid,2.220446049250313e-16,1.7763568394002505e-15,3
articulation,Bach/Fugue/bwv_875/midi_score.mid,1.1102230246251565e-16,8.881784197001252e-16,1
articulation,Bach/Fugue/bwv_876/midi_score.mid,4.440892098500626e-16,3.552713678800501e-15,1
articulation,Bach/Fugue/bwv_880/midi_score.mid,4.440892098500626e-16,8.881784197001252e-16,3
articulation,Bach/Fugue/bwv_883/midi_score.mid,4.440892098500626e-16,8.881784197001252e-16,15
articulation,Bach/Fugue/bwv_885/midi_score.mid,4.440892098500626e-16,8.881784197001252e-16,15
articulation,Bach/Fugue/bwv_889/midi_score.mid,4.440892098500626e-16,1.7763568394002505e-15,15
articulation,Bach/Fugue/bwv_892/midi_score.mid,1.1102230246251565e-16,8.881784197001252e-16,1
articulation,Bach/Fugue/bwv_893/midi_score.mid,4.440892098500626e-16,8.881784197001252e-16,3
articulation,Bach/Italian_concerto/midi_score.mid,2.220446049250313e-16,1.7763568394002505e-15,3
articulation,Bach/Prelude/bwv_848/midi_score.mid,4.440892098500626e-16,1.7763568394002505e-15,36
articulation,Bach/Prelude/bwv_854/midi_score.mid,4.440892098500626e-16,1.7763568394002505e-15,10
articulation,Bach/Prelude/bwv_857/midi_score.mid,2.220446049250313e-16,1.7763568394002505e-15,15
articulation,Bach/Prelude/bwv_858/midi_score.mid,4.440892098500626e-16,8.881784197001252e-16,1
articulation,Bach/Prelude/bwv_860/midi_score.mid,2.220446049250313e-16,1.7763568394002505e-15,15
articulation,Bach/Prelude/bwv_863/midi_score.mid,5.551115123125783e-17,8.881784197001252e-16,3
articulation,Bach/Prelude/bwv_865/midi_score.mid,2.220446049250313e-16,1.7763568394002505e-15,3
articulation,Bach/Prelude/bwv_867/midi_score.mid,2.220446049250313e-16,4.440892098500626e-16,1
articulation,Bach/Prelude/bwv_870/midi_score.mid,2.220446049250313e-16,1.7763568394002505e-15,3
articulation,Bach/Prelude/bwv_873/midi_score.mid,1.1102230246251565e-16,8.881784197001252e-16,1
articulation,Bach/Prelude/bwv_874/midi_score.mid,2.220446049250313e-16,8.881784197001252e-16,1
articulation,Bach/Prelude/bwv_875/midi_score.mid,2.220446049250313e-16,1.7763568394002505e-15,3
articulation,Bach/Prelude/bwv_876/midi_score.mid,2.220446049250313e-16,8.881784197001252e-16,1
articulation,Bach/Prelude/bwv_880/midi_score.mid,1.1102230246251565e-16,1.7763568394002505e-15,3
articulation,Bach/Prelude/bwv_883/midi_score.mid,1.1102230246251565e-16,1.7763568394002505e-15,3
articulation,Bach/Prelude/bwv_885/midi_score.mid,2.220446049250313e-16,8.881784197001252e-16,15
articulation,Bach/Prelude/bwv_889/midi_score.mid,1.1102230246251565e-16,8.881784197001252e-16,15
articulation,Bach/Prelude/bwv_891/midi_score.mid,5.551115123125783e-17,8.881784197001252e-16,1
articulation,Bach/Prelude/bwv_892/midi_score.mid,2.220446049250313e-16,8.881784197001252e-16,1
articulation,Bach/Prelude/bwv_893/midi_score.mid,2.220446049250313e-16,3.552713678800501e-15,3
articulation,Balakirev/Islamey/midi_score.mid,8.881784197001252e-16,3.552713678800501e-15,45
articulation,Beethoven/Piano_Sonatas/11-1/midi_score.mid,8.881784197001252e-16,3.552713678800501e-15,15
articulation,Beethoven/Piano_Sonatas/12-1/midi_score.mid,4.440892098500626e-16,3.552713678800501e-15,3
articulation,Beethoven/Piano_Sonatas/15-1/midi_score.mid,8.881784197001252e-16,7.105427357601002e-15,3
articulation,Beethoven/Piano_Sonatas/16-1/midi_score.mid,4.440892098500626e-16,3.552713678800501e-15,21
articulation,Beethoven/Piano_Sonatas/17-1/midi_score.mid,4.440892098500626e-16,3.552713678800501e-15,3
articulation,Beethoven/Piano_Sonatas/17-1_no_repeat/midi_score.mid,8.881784197001252e-16,3.552713678800501e-15,55
articulation,Beethoven/Piano_Sonatas/18-1/midi_score.mid,4.440892098500626e-16,1.7763568394002505e-15,15
articulation,Beethoven/Piano_Sonatas/18-2_no_repeat/midi_score.mid,4.440892098500626e-16,8.881784197001252e-16,1
articulation,Beethoven/Piano_Sonatas/18-4/midi_score.mid,4.440892098500626e-16,1.7763568394002505e-15,1
articulation,Beethoven/Piano_Sonatas/2-1/midi_score.mid,2.220446049250313e-16,3.552713678800501e-15,3
articulation,Beethoven/Piano_Sonatas/21-1/midi_score.mid,4.440892098500626e-16,1.7763568394002505e-15,1
articulation,Beethoven/Piano_Sonatas/21-1_no_repeat/midi_score.mid,8.881784197001252e-16,3.552713678800501e-15,253
articulation,Beethoven/Piano_Sonatas/21-2/midi_score.mid,2.220446049250313e-16,1.7763568394002505e-15,3
articulation,Beethoven/Piano_Sonatas/21-3/midi_score.mid,4.440892098500626e-16,3.552713678800501e-15,3
articulation,Beethoven/Piano_Sonatas/22-1/midi_score.mid,4.440892098500626e-16,3.552713678800501e-15,3
articulation,Beethoven/Piano_Sonatas/24-1/midi_score.mid,4.440892098500626e-16,1.7763568394002505e-15,3
articulation,Beethoven/Piano_Sonatas/24-1_no_2_repeat/midi_score.mid,4.440892098500626e-16,1.7763568394002505e-15,10
articulation,Beethoven/Piano_Sonatas/26-1/midi_score.mid,4.440892098500626e-16,1.7763568394002505e-15,21
articulation,Beethoven/Piano_Sonatas/26-1_no_repeat/midi_score.mid,4.440892098500626e-16,1.7763568394002505e-15,6
articulation,Beethoven/Piano_Sonatas/26-2/midi_score.mid,4.440892098500626e-16,1.7763568394002505e-15,10
articulation,Beethoven/Piano_Sonatas/26-3/midi_score.mid,4.440892098500626e-16,1.7763568394002505e-15,1
articulation,Beethoven/Piano_Sonatas/27-1/midi_score.mid,1.7763568394002505e-15,7.105427357601002e-15,21
articulation,Beethoven/Piano_Sonatas/28-1/midi_score.mid,4.440892098500626e-16,1.7763568394002505e-15,10
articulation,Beethoven/Piano_Sonatas/31-1/midi_score.mid,8.881784197001252e-16,3.552713678800501e-15,210
articulation,Beethoven/Piano_Sonatas/31-2/midi_score.mid,4.440892098500626e-16,1.7763568394002505e-15,15
articulation,Beethoven/Piano_Sonatas/32-1/midi_score.mid,8.881784197001252e-16,3.552713678800501e-15,10
articulation,Beethoven/Piano_Sonatas/4-1/midi_score.mid,8.881784197001252e-16,3.552713678800501e-15,36
articulation,Beethoven/Piano_Sonatas/5-1/midi_score.mid,4.440892098500626e-16,1.7763568394002505e-15,3
articulation,Beethoven/Piano_Sonatas/7-1/midi_score.mid,4.440892098500626e-16,1.7763568394002505e-15,36
articulation,Beethoven/Piano_Sonatas/7-2/midi_score.mid,1.1102230246251565e-16,8.881784197001252e-16,1
articulation,Beethoven/Piano_Sonatas/7-4/midi_score.mid,1.1102230246251565e-16,8.881784197001252e-16,1
articulation,Beethoven/Piano_Sonatas/8-1/midi_score.mid,4.440892098500626e-16,1.7763568394002505e-15,1
articulation,Chopin/Ballades/1/midi_score.mid,8.881784197001252e-16,3.552713678800501e-15,136
articulation,Chopin/Ballades/3/midi_score.mid,2.220446049250313e-16,1.7763568394002505e-15,3
articulation,Chopin/Ballades/4/midi_score.mid,8.881784197001252e-16,3.552713678800501e-15,66
articulation,Chopin/Barcarolle/midi_score.mid,8.881784197001252e-16,3.552713678800501e-15,36
articulation,Chopin/Etudes_op_10/1/midi_score.mid,4.440892098500626e-16,1.7763568394002505e-15,276
articulation,Chopin/Etudes_op_10/10/midi_score.mid,2.220446049250313e-16,8.881784197001252e-16,6
articulation,Chopin/Etudes_op_10/12/midi_score.mid,4.440892098500626e-16,1.7763568394002505e-15,78
articulation,Chopin/Etudes_op_10/2/midi_score.mid,4.440892098500626e-16,1.7763568394002505e-15,55
articulation,Chopin/Etudes_op_10/4/midi_score.mid,4.440892098500626e-16,1.7763568394002505e-15,231
articulation,Chopin/Etudes_op_10/5/midi_score.mid,4.440892098500626e-16,1.7763568394002505e-15,55
articulation,Chopin/Etudes_op_10/7/midi_score.mid,2.220446049250313e-16,1.7763568394002505e-15,3
articulation,Chopin/Etudes_op_10/8/midi_score.mid,4.440892098500626e-16,1.7763568394002505e-15,378
articulation,Chopin/Etudes_op_25/1/midi_score.mid,8.881784197001252e-16,3.552713678800501e-15,10
articulation,Chopin/Etudes_op_25/10/midi_score.mid,8.881784197001252e-16,3.552713678800501e-15,66
articulation,Chopin/Etudes_op_25/11/midi_score.mid,8.881784197001252e-16,3.552713678800501e-15,276
articulation,Chopin/Etudes_op_25/12/midi_score.mid,8.881784197001252e-16,3.552713678800501e-15,36
articulation,Chopin/Etudes_op_25/4/midi_score.mid,0.0,8.881784197001252e-16,1
articulation,Chopin/Etudes_op_25/8/midi_score.mid,2.220446049250313e-16,8.881784197001252e-16,6
articulation,Chopin/Scherzos/20/midi_score.mid,8.881784197001252e-16,3.552713678800501e-15,3
articulation,Chopin/Scherzos/31/midi_score.mid,1.7763568394002505e-15,7.105427357601002e-15,66
articulation,Chopin/Scherzos/39/midi_score.mid,4.440892098500626e-16,1.7763568394002505e-15,1
articulation,Chopin/Sonata_2/1st_no_repeat/midi_score.mid,8.881784197001252e-16,3.552713678800501e-15,6
articulation,Chopin/Sonata_2/2nd_no_repeat/midi_score.mid,4.440892098500626e-16,1.7763568394002505e-15,1
articulation,Chopin/Sonata_3/2nd/midi_score.mid,8.881784197001252e-16,3.552713678800501e-15,36
articulation,Chopin/Sonata_3/3rd/midi_score.mid,8.881784197001252e-16,1.7763568394002505e-15,36
articulation,Chopin/Sonata_3/4th/midi_score.mid,4.440892098500626e-16,1.7763568394002505e-15,36
articulation,Debussy/Images_Book_1/1_Reflets_dans_lEau/midi_score.mid,4.440892098500626e-16,8.881784197001252e-16,1
articulation,Haydn/Keyboard_Sonatas/31-1/midi_score.mid,4.440892098500626e-16,1.7763568394002505e-15,6
articulation,Haydn/Keyboard_Sonatas/32-1/midi_score.mid,4.440892098500626e-16,1.7763568394002505e-15,1
articulation,Haydn/Keyboard_Sonatas/32-1_no_repeat/midi_score.mid,4.440892098500626e-16,1.7763568394002505e-15,3
articulation,Haydn/Keyboard_Sonatas/48-1/midi_score.mid,4.440892098500626e-16,1.7763568394002505e-15,1
articulation,Haydn/Keyboard_Sonatas/48-2/midi_score.mid,4.440892098500626e-16,8.881784197001252e-16,1
articulation,Haydn/Keyboard_Sonatas/50-1_no_repeat/midi_score.mid,4.440892098500626e-16,3.552713678800501e-15,153
articulation,Liszt/Ballade_2/midi_score.mid,8.881784197001252e-16,3.552713678800501e-15,15
articulation,Liszt/Gran_Etudes_de_Paganini/2_La_campanella/midi_score.mid,8.881784197001252e-16,1.7763568394002505e-15,406
articulation,Liszt/Gran_Etudes_de_Paganini/6_Theme_and_Variations/midi_score.mid,4.440892098500626e-16,1.7763568394002505e-15,3
articulation,Liszt/Gran_Etudes_de_Paganini/6_Theme_and_Variations_repeat/midi_score.mid,2.220446049250313e-16,8.881784197001252e-16,1
articulation,Liszt/Transcendental_Etudes/10/midi_score.mid,8.881784197001252e-16,3.552713678800501e-15,120
articulation,Liszt/Transcendental_Etudes/5/midi_score.mid,8.881784197001252e-16,3.552713678800501e-15,55
articulation,Mozart/Piano_Sonatas/12-1/midi_score.mid,4.440892098500626e-16,1.7763568394002505e-15,6
articulation,Mozart/Piano_Sonatas/12-2/midi_score.mid,4.440892098500626e-16,1.7763568394002505e-15,1
articulation,Mozart/Piano_Sonatas/12-3/midi_score.mid,4.440892098500626e-16,1.7763568394002505e-15,1
articulation,Mozart/Piano_Sonatas/8-1/midi_score.mid,4.440892098500626e-16,3.552713678800501e-15,10
articulation,Rachmaninoff/Preludes_op_23/4/midi_score.mid,4.440892098500626e-16,1.7763568394002505e-15,3
articulation,Ravel/Pavane/midi_score.mid,8.881784197001252e-16,1.7763568394002505e-15,1
articulation,Schubert/Impromptu_op.90_D.899/1/midi_score.mid,8.881784197001252e-16,1.7763568394002505e-15,6
articulation,Schubert/Impromptu_op.90_D.899/3/midi_score.mid,4.440892098500626e-16,1.7763568394002505e-15,66
articulation,Schubert/Impromptu_op142/1/midi_score.mid,4.440892098500626e-16,3.552713678800501e-15,3
articulation,Schubert/Piano_Sonatas/664-2/midi_score.mid,2.220446049250313e-16,8.881784197001252e-16,1
articulation,Schubert/Piano_Sonatas/894-2/midi_score.mid,4.440892098500626e-16,1.7763568394002505e-15,3
articulation,Schubert/Piano_Sonatas/894-2_no_repeat/midi_score.mid,8.881784197001252e-16,1.7763568394002505e-15,15
articulation,Schumann/Arabeske/midi_score.mid,4.440892098500626e-16,8.881784197001252e-16,1
articulation,Schumann/Kreisleriana/1/midi_score.mid,4.440892098500626e-16,1.7763568394002505e-15,1
articulation,Schumann/Kreisleriana/2/midi_score.mid,4.440892098500626e-16,1.7763568394002505e-15,1
articulation,Schumann/Kreisleriana/4/midi_score.mid,2.220446049250313e-16,1.7763568394002505e-15,1
articulation,Schumann/Kreisleriana/5/midi_score.mid,4.440892098500626e-16,1.7763568394002505e-15,1
articulation,Schumann/Kreisleriana/6/midi_score.mid,2.220446049250313e-16,1.7763568394002505e-15,3
articulation,Schumann/Kreisleriana/7/midi_score.mid,4.440892098500626e-16,1.7763568394002505e-15,3
articulation,Schumann/Toccata/midi_score.mid,2.220446049250313e-16,3.552713678800501e-15,6
articulation,Schumann/Toccata_repeat/midi_score.mid,2.220446049250313e-16,1.7763568394002505e-15,1
articulation,Scriabin/Etudes_op_8/11/midi_score.mid,4.440892098500626e-16,1.7763568394002505e-15,3
articulation,Scriabin/Sonatas/5/midi_score.mid,8.881784197001252e-16,3.552713678800501e-15,21
