channel,piece,performances,reason
articulation,Bach/Fugue/bwv_846/midi_score.mid,1,single_performance
articulation,Bach/Fugue/bwv_856/midi_score.mid,1,single_performance
articulation,Bach/Fugue/bwv_862/midi_score.mid,1,single_performance
articulation,Bach/Fugue/bwv_864/midi_score.mid,1,single_performance
articulation,Bach/Fugue/bwv_866/midi_score.mid,1,single_performance
articulation,Bach/Fugue/bwv_868/midi_score.mid,1,single_performance
articulation,Bach/Fugue/bwv_884/midi_score.mid,1,single_performance
articulation,Bach/Fugue/bwv_887/midi_score.mid,1,single_performance
articulation,Bach/Fugue/bwv_888/midi_score.mid,1,single_performance
articulation,Bach/Fugue/bwv_891/midi_score.mid,1,single_performance
articulation,Bach/Prelude/bwv_846/midi_score.mid,1,single_performance
articulation,Bach/Prelude/bwv_856/midi_score.mid,1,single_performance
articulation,Bach/Prelude/bwv_862/midi_score.mid,1,single_performance
articulation,Bach/Prelude/bwv_864/midi_score.mid,1,single_performance
articulation,Bach/Prelude/bwv_866/midi_score.mid,1,single_performance
articulation,Bach/Prelude/bwv_868/midi_score.mid,1,single_performance
articulation,Bach/Prelude/bwv_884/midi_score.mid,1,single_performance
articulation,Bach/Prelude/bwv_887/midi_score.mid,1,single_performance
articulation,Bach/Prelude/bwv_888/midi_score.mid,1,single_performance
articulation,Beethoven/Piano_Sonatas/1-1/midi_score.mid,1,single_performance
articulation,Beethoven/Piano_Sonatas/10-1/midi_score.mid,1,single_performance
articulation,Beethoven/Piano_Sonatas/11-2/midi_score.mid,1,single_performance
articulation,Beethoven/Piano_Sonatas/13-4/midi_score.mid,1,single_performance
articulation,Beethoven/Piano_Sonatas/15-4/midi_score.mid,1,single_performance
articulation,Beethoven/Piano_Sonatas/16-2/midi_score.mid,1,single_performance
articulation,Beethoven/Piano_Sonatas/17-2/midi_score.mid,1,single_performance
articulation,Beethoven/Piano_Sonatas/17-3/midi_score.mid,1,single_performance
articulation,Beethoven/Piano_Sonatas/18-2/midi_score.mid,1,single_performance
articulation,Beethoven/Piano_Sonatas/18-2/midi_score.mid::18-2_no_repeat,1,single_performance
articulation,Beethoven/Piano_Sonatas/18-3/midi_score.mid,1,single_performance
articulation,Beethoven/Piano_Sonatas/24-1_no_repeat/midi_score.mid,1,single_performance
articulation,Beethoven/Piano_Sonatas/27-2/midi_score.mid,1,single_performance
articulation,Beethoven/Piano_Sonatas/29-2/midi_score.mid,1,single_performance
articulation,Beethoven/Piano_Sonatas/29-3/midi_score.mid,1,single_performance
articulation,Beethoven/Piano_Sonatas/29-4/midi_score.mid,1,single_performance
articulation,Beethoven/Piano_Sonatas/3-2/midi_score.mid,1,single_performance
articulation,Beethoven/Piano_Sonatas/31-2/midi_score.mid::31-2_no_repeat,1,single_performance
articulation,Beethoven/Piano_Sonatas/8-2/midi_score.mid,1,single_performance
articulation,Beethoven/Piano_Sonatas/8-3/midi_score.mid,1,single_performance
articulation,Beethoven/Piano_Sonatas/9-2_no_trio/midi_score.mid,1,single_performance
articulation,Beethoven/Piano_Sonatas/9-3/midi_score.mid,1,single_performance
articulation,Brahms/Six_Pieces_op_118/2/midi_score.mid,1,single_performance
articulation,Chopin/Etudes_op_10/3/midi_score.mid,1,single_performance
articulation,Chopin/Etudes_op_25/2/midi_score.mid,1,single_performance
articulation,Chopin/Sonata_2/2nd/midi_score.mid,1,single_performance
articulation,Chopin/Sonata_2/3rd/midi_score.mid,1,single_performance
articulation,Chopin/Sonata_2/3rd_no_repeat/midi_score.mid,1,single_performance
articulation,Liszt/Transcendental_Etudes/3/midi_score.mid,1,single_performance
articulation,Mozart/Piano_Sonatas/11-3/midi_score.mid,1,single_performance
articulation,Rachmaninoff/Preludes_op_23/6/midi_score.mid,1,single_performance
articulation,Schubert/Moment_Musical_no_1/midi_score.mid,1,single_performance
articulation,Schubert/Moment_musical_no_3/midi_score.mid,1,single_performance
articulation,Schumann/Kreisleriana/1_no_first_repeat/midi_score.mid,1,single_performance
dynamics,Bach/Fugue/bwv_846/midi_score.mid,1,single_performance
dynamics,Bach/Fugue/bwv_856/midi_score.mid,1,single_performance
dynamics,Bach/Fugue/bwv_862/midi_score.mid,1,single_performance
dynamics,Bach/Fugue/bwv_864/midi_score.mid,1,single_performance
dynamics,Bach/Fugue/bwv_866/midi_score.mid,1,single_performance
dynamics,Bach/Fugue/bwv_868/midi_score.mid,1,single_performance
dynamics,Bach/Fugue/bwv_884/midi_score.mid,1,single_performance
dynamics,Bach/Fugue/bwv_887/midi_score.mid,1,single_performance
dynamics,Bach/Fugue/bwv_888/midi_score.mid,1,single_performance
dynamics,Bach/Fugue/bwv_891/midi_score.mid,1,single_performance
dynamics,Bach/Prelude/bwv_846/midi_score.mid,1,single_performance
dynamics,Bach/Prelude/bwv_856/midi_score.mid,1,single_performance
dynamics,Bach/Prelude/bwv_862/midi_score.mid,1,single_performance
dynamics,Bach/Prelude/bwv_864/midi_score.mid,1,single_performance
dynamics,Bach/Prelude/bwv_866/midi_score.mid,1,single_performance
dynamics,Bach/Prelude/bwv_868/midi_score.mid,1,single_performance
dynamics,Bach/Prelude/bwv_884/midi_score.mid,1,single_performance
dynamics,Bach/Prelude/bwv_887/midi_score.mid,1,single_performance
dynamics,Bach/Prelude/bwv_888/midi_score.mid,1,single_performance
dynamics,Beethoven/Piano_Sonatas/1-1/midi_score.mid,1,single_performance
dynamics,Beethoven/Piano_Sonatas/10-1/midi_score.mid,1,single_performance
dynamics,Beethoven/Piano_Sonatas/11-2/midi_score.mid,1,single_performance
dynamics,Beethoven/Piano_Sonatas/11-3/midi_score.mid,1,single_performance
dynamics,Beethoven/Piano_Sonatas/13-4/midi_score.mid,1,single_performance
dynamics,Beethoven/Piano_Sonatas/14-3/midi_score.mid,1,single_performance
dynamics,Beethoven/Piano_Sonatas/15-4/midi_score.mid,1,single_performance
dynamics,Beethoven/Piano_Sonatas/16-2/midi_score.mid,1,single_performance
dynamics,Beethoven/Piano_Sonatas/17-2/midi_score.mid,1,single_performance
dynamics,Beethoven/Piano_Sonatas/17-3/midi_score.mid,1,single_performance
dynamics,Beethoven/Piano_Sonatas/18-2/midi_score.mid,1,single_performance
dynamics,Beethoven/Piano_Sonatas/18-2/midi_score.mid::18-2_no_repeat,1,single_performance
dynamics,Beethoven/Piano_Sonatas/18-3/midi_score.mid,1,single_performance
dynamics,Beethoven/Piano_Sonatas/22-2/midi_score.mid,1,single_performance
dynamics,Beethoven/Piano_Sonatas/24-1_no_repeat/midi_score.mid,1,single_performance
dynamics,Beethoven/Piano_Sonatas/27-2/midi_score.mid,1,single_performance
dynamics,Beethoven/Piano_Sonatas/28-2/midi_score.mid,1,single_performance
dynamics,Beethoven/Piano_Sonatas/29-2/midi_score.mid,1,single_performance
dynamics,Beethoven/Piano_Sonatas/29-3/midi_score.mid,1,single_performance
dynamics,Beethoven/Piano_Sonatas/29-4/midi_score.mid,1,single_performance
dynamics,Beethoven/Piano_Sonatas/3-2/midi_score.mid,1,single_performance
dynamics,Beethoven/Piano_Sonatas/31-2/midi_score.mid::31-2_no_repeat,1,single_performance
dynamics,Beethoven/Piano_Sonatas/8-2/midi_score.mid,1,single_performance
dynamics,Beethoven/Piano_Sonatas/8-3/midi_score.mid,1,single_performance
dynamics,Beethoven/Piano_Sonatas/9-1/midi_score.mid,1,single_performance
dynamics,Beethoven/Piano_Sonatas/9-2_no_trio/midi_score.mid,1,single_performance
dynamics,Beethoven/Piano_Sonatas/9-3/midi_score.mid,1,single_performance
dynamics,Brahms/Six_Pieces_op_118/2/midi_score.mid,1,single_performance
dynamics,Chopin/Etudes_op_10/3/midi_score.mid,1,single_performance
dynamics,Chopin/Etudes_op_25/2/midi_score.mid,1,single_performance
dynamics,Chopin/Sonata_2/2nd/midi_score.mid,1,single_performance
dynamics,Chopin/Sonata_2/3rd/midi_score.mid,1,single_performance
dynamics,Chopin/Sonata_2/3rd_no_repeat/midi_score.mid,1,single_performance
dynamics,Debussy/Pour_le_Piano/1/midi_score.mid,1,single_performance
dynamics,Haydn/Keyboard_Sonatas/39-2/midi_score.mid,1,single_performance
dynamics,Haydn/Keyboard_Sonatas/39-3/midi_score.mid,1,single_performance
dynamics,Haydn/Keyboard_Sonatas/6-1/midi_score.mid,1,single_performance
dynamics,Liszt/Hungarian_Rhapsodies/6/midi_score.mid::6_no_repeat,1,single_performance
dynamics,Liszt/Transcendental_Etudes/11/midi_score.mid,1,single_performance
dynamics,Liszt/Transcendental_Etudes/3/midi_score.mid,1,single_performance
dynamics,Mozart/Fantasie_475/midi_score.mid,1,single_performance
dynamics,Mozart/Piano_Sonatas/11-3/midi_score.mid,1,single_performance
dynamics,Rachmaninoff/Preludes_op_23/6/midi_score.mid,1,single_performance
dynamics,Rachmaninoff/Preludes_op_32/10/midi_score.mid,1,single_performance
dynamics,Schubert/Impromptu_op.90_D.899/4/midi_score.mid,1,single_performance
dynamics,Schubert/Moment_Musical_no_1/midi_score.mid,1,single_performance
dynamics,Schubert/Moment_musical_no_3/midi_score.mid,1,single_performance
dynamics,Schumann/Kreisleriana/1_no_first_repeat/midi_score.mid,1,single_performance
dynamics,Schumann/Kreisleriana/3/midi_score.mid,1,single_performance
pedal_changes,Bach/Fugue/bwv_846/midi_score.mid,1,single_performance
pedal_changes,Bach/Fugue/bwv_856/midi_score.mid,1,single_performance
pedal_changes,Bach/Fugue/bwv_862/midi_score.mid,1,single_performance
pedal_changes,Bach/Fugue/bwv_864/midi_score.mid,1,single_performance
pedal_changes,Bach/Fugue/bwv_866/midi_score.mid,1,single_performance
pedal_changes,Bach/Fugue/bwv_868/midi_score.mid,1,single_performance
pedal_changes,Bach/Fugue/bwv_884/midi_score.mid,1,single_performance
pedal_changes,Bach/Fugue/bwv_887/midi_score.mid,1,single_performance
pedal_changes,Bach/Fugue/bwv_888/midi_score.mid,1,single_performance
pedal_changes,Bach/Fugue/bwv_891/midi_score.mid,1,single_performance
pedal_changes,Bach/Prelude/bwv_846/midi_score.mid,1,single_performance
pedal_changes,Bach/Prelude/bwv_856/midi_score.mid,1,single_performance
pedal_changes,Bach/Prelude/bwv_862/midi_score.mid,1,single_performance
pedal_changes,Bach/Prelude/bwv_864/midi_score.mid,1,single_performance
pedal_changes,Bach/Prelude/bwv_866/midi_score.mid,1,single_performance
pedal_changes,Bach/Prelude/bwv_868/midi_score.mid,1,single_performance
pedal_changes,Bach/Prelude/bwv_884/midi_score.mid,1,single_performance
pedal_changes,Bach/Prelude/bwv_887/midi_score.mid,1,single_performance
pedal_changes,Bach/Prelude/bwv_888/midi_score.mid,1,single_performance
pedal_changes,Beethoven/Piano_Sonatas/1-1/midi_score.mid,1,single_performance
pedal_changes,Beethoven/Piano_Sonatas/10-1/midi_score.mid,1,single_performance
pedal_changes,Beethoven/Piano_Sonatas/11-2/midi_score.mid,1,single_performance
pedal_changes,Beethoven/Piano_Sonatas/11-3/midi_score.mid,1,single_performance
pedal_changes,Beethoven/Piano_Sonatas/13-4/midi_score.mid,1,single_performance
pedal_changes,Beethoven/Piano_Sonatas/14-3/midi_score.mid,1,single_performance
pedal_changes,Beethoven/Piano_Sonatas/15-4/midi_score.mid,1,single_performance
pedal_changes,Beethoven/Piano_Sonatas/16-2/midi_score.mid,1,single_performance
pedal_changes,Beethoven/Piano_Sonatas/17-2/midi_score.mid,1,single_performance
pedal_changes,Beethoven/Piano_Sonatas/17-3/midi_score.mid,1,single_performance
pedal_changes,Beethoven/Piano_Sonatas/18-2/midi_score.mid,1,single_performance
pedal_changes,Beethoven/Piano_Sonatas/18-2/midi_score.mid::18-2_no_repeat,1,single_performance
pedal_changes,Beethoven/Piano_Sonatas/18-3/midi_score.mid,1,single_performance
pedal_changes,Beethoven/Piano_Sonatas/22-2/midi_score.mid,1,single_performance
pedal_changes,Beethoven/Piano_Sonatas/24-1_no_repeat/midi_score.mid,1,single_performance
pedal_changes,Beethoven/Piano_Sonatas/27-2/midi_score.mid,1,single_performance
pedal_changes,Beethoven/Piano_Sonatas/28-2/midi_score.mid,1,single_performance
pedal_changes,Beethoven/Piano_Sonatas/29-2/midi_score.mid,1,single_performance
pedal_changes,Beethoven/Piano_Sonatas/29-3/midi_score.mid,1,single_performance
pedal_changes,Beethoven/Piano_Sonatas/29-4/midi_score.mid,1,single_performance
pedal_changes,Beethoven/Piano_Sonatas/3-2/midi_score.mid,1,single_performance
pedal_changes,Beethoven/Piano_Sonatas/31-2/midi_score.mid::31-2_no_repeat,1,single_performance
pedal_changes,Beethoven/Piano_Sonatas/8-2/midi_score.mid,1,single_performance
pedal_changes,Beethoven/Piano_Sonatas/8-3/midi_score.mid,1,single_performance
pedal_changes,Beethoven/Piano_Sonatas/9-1/midi_score.mid,1,single_performance
pedal_changes,Beethoven/Piano_Sonatas/9-2_no_trio/midi_score.mid,1,single_performance
pedal_changes,Beethoven/Piano_Sonatas/9-3/midi_score.mid,1,single_performance
pedal_changes,Brahms/Six_Pieces_op_118/2/midi_score.mid,1,single_performance
pedal_changes,Chopin/Etudes_op_10/3/midi_score.mid,1,single_performance
pedal_changes,Chopin/Etudes_op_25/2/midi_score.mid,1,single_performance
pedal_changes,Chopin/Sonata_2/2nd/midi_score.mid,1,single_performance
pedal_changes,Chopin/Sonata_2/3rd/midi_score.mid,1,single_performance
pedal_changes,Chopin/Sonata_2/3rd_no_repeat/midi_score.mid,1,single_performance
pedal_changes,Debussy/Pour_le_Piano/1/midi_score.mid,1,single_performance
pedal_changes,Haydn/Keyboard_Sonatas/39-2/midi_score.mid,1,single_performance
pedal_changes,Haydn/Keyboard_Sonatas/39-3/midi_score.mid,1,single_performance
pedal_changes,Haydn/Keyboard_Sonatas/6-1/midi_score.mid,1,single_performance
pedal_changes,Liszt/Hungarian_Rhapsodies/6/midi_score.mid::6_no_repeat,1,single_performance
pedal_changes,Liszt/Transcendental_Etudes/11/midi_score.mid,1,single_performance
pedal_changes,Liszt/Transcendental_Etudes/3/midi_score.mid,1,single_performance
pedal_changes,Mozart/Fantasie_475/midi_score.mid,1,single_performance
pedal_changes,Mozart/Piano_Sonatas/11-3/midi_score.mid,1,single_performance
pedal_changes,Rachmaninoff/Preludes_op_23/6/midi_score.mid,1,single_performance
pedal_changes,Rachmaninoff/Preludes_op_32/10/midi_score.mid,1,single_performance
pedal_changes,Schubert/Impromptu_op.90_D.899/4/midi_score.mid,1,single_performance
pedal_changes,Schubert/Moment_Musical_no_1/midi_score.mid,1,single_performance
pedal_changes,Schubert/Moment_musical_no_3/midi_score.mid,1,single_performance
pedal_changes,Schumann/Kreisleriana/1_no_first_repeat/midi_score.mid,1,single_performance
pedal_changes,Schumann/Kreisleriana/3/midi_score.mid,1,single_performance
pedal_depth,Bach/Fugue/bwv_846/midi_score.mid,1,single_performance
pedal_depth,Bach/Fugue/bwv_856/midi_score.mid,1,single_performance
pedal_depth,Bach/Fugue/bwv_862/midi_score.mid,1,single_performance
pedal_depth,Bach/Fugue/bwv_864/midi_score.mid,1,single_performance
pedal_depth,Bach/Fugue/bwv_866/midi_score.mid,1,single_performance
pedal_depth,Bach/Fugue/bwv_868/midi_score.mid,1,single_performance
pedal_depth,Bach/Fugue/bwv_884/midi_score.mid,1,single_performance
pedal_depth,Bach/Fugue/bwv_887/midi_score.mid,1,single_performance
pedal_depth,Bach/Fugue/bwv_888/midi_score.mid,1,single_performance
pedal_depth,Bach/Fugue/bwv_891/midi_score.mid,1,single_performance
pedal_depth,Bach/Prelude/bwv_846/midi_score.mid,1,single_performance
pedal_depth,Bach/Prelude/bwv_856/midi_score.mid,1,single_performance
pedal_depth,Bach/Prelude/bwv_862/midi_score.mid,1,single_performance
pedal_depth,Bach/Prelude/bwv_864/midi_score.mid,1,single_performance
pedal_depth,Bach/Prelude/bwv_866/midi_score.mid,1,single_performance
pedal_depth,Bach/Prelude/bwv_868/midi_score.mid,1,single_performance
pedal_depth,Bach/Prelude/bwv_884/midi_score.mid,1,single_performance
pedal_depth,Bach/Prelude/bwv_887/midi_score.mid,1,single_performance
pedal_depth,Bach/Prelude/bwv_888/midi_score.mid,1,single_performance
pedal_depth,Beethoven/Piano_Sonatas/1-1/midi_score.mid,1,single_performance
pedal_depth,Beethoven/Piano_Sonatas/10-1/midi_score.mid,1,single_performance
pedal_depth,Beethoven/Piano_Sonatas/11-2/midi_score.mid,1,single_performance
pedal_depth,Beethoven/Piano_Sonatas/11-3/midi_score.mid,1,single_performance
pedal_depth,Beethoven/Piano_Sonatas/13-4/midi_score.mid,1,single_performance
pedal_depth,Beethoven/Piano_Sonatas/14-3/midi_score.mid,1,single_performance
pedal_depth,Beethoven/Piano_Sonatas/15-4/midi_score.mid,1,single_performance
pedal_depth,Beethoven/Piano_Sonatas/16-2/midi_score.mid,1,single_performance
pedal_depth,Beethoven/Piano_Sonatas/17-2/midi_score.mid,1,single_performance
pedal_depth,Beethoven/Piano_Sonatas/17-3/midi_score.mid,1,single_performance
pedal_depth,Beethoven/Piano_Sonatas/18-2/midi_score.mid,1,single_performance
pedal_depth,Beethoven/Piano_Sonatas/18-2/midi_score.mid::18-2_no_repeat,1,single_performance
pedal_depth,Beethoven/Piano_Sonatas/18-3/midi_score.mid,1,single_performance
pedal_depth,Beethoven/Piano_Sonatas/22-2/midi_score.mid,1,single_performance
pedal_depth,Beethoven/Piano_Sonatas/24-1_no_repeat/midi_score.mid,1,single_performance
pedal_depth,Beethoven/Piano_Sonatas/27-2/midi_score.mid,1,single_performance
pedal_depth,Beethoven/Piano_Sonatas/28-2/midi_score.mid,1,single_performance
pedal_depth,Beethoven/Piano_Sonatas/29-2/midi_score.mid,1,single_performance
pedal_depth,Beethoven/Piano_Sonatas/29-3/midi_score.mid,1,single_performance
pedal_depth,Beethoven/Piano_Sonatas/29-4/midi_score.mid,1,single_performance
pedal_depth,Beethoven/Piano_Sonatas/3-2/midi_score.mid,1,single_performance
pedal_depth,Beethoven/Piano_Sonatas/31-2/midi_score.mid::31-2_no_repeat,1,single_performance
pedal_depth,Beethoven/Piano_Sonatas/8-2/midi_score.mid,1,single_performance
pedal_depth,Beethoven/Piano_Sonatas/8-3/midi_score.mid,1,single_performance
pedal_depth,Beethoven/Piano_Sonatas/9-1/midi_score.mid,1,single_performance
pedal_depth,Beethoven/Piano_Sonatas/9-2_no_trio/midi_score.mid,1,single_performance
pedal_depth,Beethoven/Piano_Sonatas/9-3/midi_score.mid,1,single_performance
pedal_depth,Brahms/Six_Pieces_op_118/2/midi_score.mid,1,single_performance
pedal_depth,Chopin/Etudes_op_10/3/midi_score.mid,1,single_performance
pedal_depth,Chopin/Etudes_op_25/2/midi_score.mid,1,single_performance
pedal_depth,Chopin/Sonata_2/2nd/midi_score.mid,1,single_performance
pedal_depth,Chopin/Sonata_2/3rd/midi_score.mid,1,single_performance
pedal_depth,Chopin/Sonata_2/3rd_no_repeat/midi_score.mid,1,single_performance
pedal_depth,Debussy/Pour_le_Piano/1/midi_score.mid,1,single_performance
pedal_depth,Haydn/Keyboard_Sonatas/39-2/midi_score.mid,1,single_performance
pedal_depth,Haydn/Keyboard_Sonatas/39-3/midi_score.mid,1,single_performance
pedal_depth,Haydn/Keyboard_Sonatas/6-1/midi_score.mid,1,single_performance
pedal_depth,Liszt/Hungarian_Rhapsodies/6/midi_score.mid::6_no_repeat,1,single_performance
pedal_depth,Liszt/Transcendental_Etudes/11/midi_score.mid,1,single_performance
pedal_depth,Liszt/Transcendental_Etudes/3/midi_score.mid,1,single_performance
pedal_depth,Mozart/Fantasie_475/midi_score.mid,1,single_performance
pedal_depth,Mozart/Piano_Sonatas/11-3/midi_score.mid,1,single_performance
pedal_depth,Rachmaninoff/Preludes_op_23/6/midi_score.mid,1,single_performance
pedal_depth,Rachmaninoff/Preludes_op_32/10/midi_score.mid,1,single_performance
pedal_depth,Schubert/Impromptu_op.90_D.899/4/midi_score.mid,1,single_performance
pedal_depth,Schubert/Moment_Musical_no_1/midi_score.mid,1,single_performance
pedal_depth,Schubert/Moment_musical_no_3/midi_score.mid,1,single_performance
pedal_depth,Schumann/Kreisleriana/1_no_first_repeat/midi_score.mid,1,single_performance
pedal_depth,Schumann/Kreisleriana/3/midi_score.mid,1,single_performance
pedal_down_ratio,Bach/Fugue/bwv_846/midi_score.mid,1,single_performance
pedal_down_ratio,Bach/Fugue/bwv_856/midi_score.mid,1,single_performance
pedal_down_ratio,Bach/Fugue/bwv_862/midi_score.mid,1,single_performance
pedal_down_ratio,Bach/Fugue/bwv_864/midi_score.mid,1,single_performance
pedal_down_ratio,Bach/Fugue/bwv_866/midi_score.mid,1,single_performance
pedal_down_ratio,Bach/Fugue/bwv_868/midi_score.mid,1,single_performance
pedal_down_ratio,Bach/Fugue/bwv_884/midi_score.mid,1,single_performance
pedal_down_ratio,Bach/Fugue/bwv_887/midi_score.mid,1,single_performance
pedal_down_ratio,Bach/Fugue/bwv_888/midi_score.mid,1,single_performance
pedal_down_ratio,Bach/Fugue/bwv_891/midi_score.mid,1,single_performance
pedal_down_ratio,Bach/Prelude/bwv_846/midi_score.mid,1,single_performance
pedal_down_ratio,Bach/Prelude/bwv_856/midi_score.mid,1,single_performance
pedal_down_ratio,Bach/Prelude/bwv_862/midi_score.mid,1,single_performance
pedal_down_ratio,Bach/Prelude/bwv_864/midi_score.mid,1,single_performance
pedal_down_ratio,Bach/Prelude/bwv_866/midi_score.mid,1,single_performance
pedal_down_ratio,Bach/Prelude/bwv_868/midi_score.mid,1,single_performance
pedal_down_ratio,Bach/Prelude/bwv_884/midi_score.mid,1,single_performance
pedal_down_ratio,Bach/Prelude/bwv_887/midi_score.mid,1,single_performance
pedal_down_ratio,Bach/Prelude/bwv_888/midi_score.mid,1,single_performance
pedal_down_ratio,Beethoven/Piano_Sonatas/1-1/midi_score.mid,1,single_performance
pedal_down_ratio,Beethoven/Piano_Sonatas/10-1/midi_score.mid,1,single_performance
pedal_down_ratio,Beethoven/Piano_Sonatas/11-2/midi_score.mid,1,single_performance
pedal_down_ratio,Beethoven/Piano_Sonatas/11-3/midi_score.mid,1,single_performance
pedal_down_ratio,Beethoven/Piano_Sonatas/13-4/midi_score.mid,1,single_performance
pedal_down_ratio,Beethoven/Piano_Sonatas/14-3/midi_score.mid,1,single_performance
pedal_down_ratio,Beethoven/Piano_Sonatas/15-4/midi_score.mid,1,single_performance
pedal_down_ratio,Beethoven/Piano_Sonatas/16-2/midi_score.mid,1,single_performance
pedal_down_ratio,Beethoven/Piano_Sonatas/17-2/midi_score.mid,1,single_performance
pedal_down_ratio,Beethoven/Piano_Sonatas/17-3/midi_score.mid,1,single_performance
pedal_down_ratio,Beethoven/Piano_Sonatas/18-2/midi_score.mid,1,single_performance
pedal_down_ratio,Beethoven/Piano_Sonatas/18-2/midi_score.mid::18-2_no_repeat,1,single_performance
pedal_down_ratio,Beethoven/Piano_Sonatas/18-3/midi_score.mid,1,single_performance
pedal_down_ratio,Beethoven/Piano_Sonatas/22-2/midi_score.mid,1,single_performance
pedal_down_ratio,Beethoven/Piano_Sonatas/24-1_no_repeat/midi_score.mid,1,single_performance
pedal_down_ratio,Beethoven/Piano_Sonatas/27-2/midi_score.mid,1,single_performance
pedal_down_ratio,Beethoven/Piano_Sonatas/28-2/midi_score.mid,1,single_performance
pedal_down_ratio,Beethoven/Piano_Sonatas/29-2/midi_score.mid,1,single_performance
pedal_down_ratio,Beethoven/Piano_Sonatas/29-3/midi_score.mid,1,single_performance
pedal_down_ratio,Beethoven/Piano_Sonatas/29-4/midi_score.mid,1,single_performance
pedal_down_ratio,Beethoven/Piano_Sonatas/3-2/midi_score.mid,1,single_performance
pedal_down_ratio,Beethoven/Piano_Sonatas/31-2/midi_score.mid::31-2_no_repeat,1,single_performance
pedal_down_ratio,Beethoven/Piano_Sonatas/8-2/midi_score.mid,1,single_performance
pedal_down_ratio,Beethoven/Piano_Sonatas/8-3/midi_score.mid,1,single_performance
pedal_down_ratio,Beethoven/Piano_Sonatas/9-1/midi_score.mid,1,single_performance
pedal_down_ratio,Beethoven/Piano_Sonatas/9-2_no_trio/midi_score.mid,1,single_performance
pedal_down_ratio,Beethoven/Piano_Sonatas/9-3/midi_score.mid,1,single_performance
pedal_down_ratio,Brahms/Six_Pieces_op_118/2/midi_score.mid,1,single_performance
pedal_down_ratio,Chopin/Etudes_op_10/3/midi_score.mid,1,single_performance
pedal_down_ratio,Chopin/Etudes_op_25/2/midi_score.mid,1,single_performance
pedal_down_ratio,Chopin/Sonata_2/2nd/midi_score.mid,1,single_performance
pedal_down_ratio,Chopin/Sonata_2/3rd/midi_score.mid,1,single_performance
pedal_down_ratio,Chopin/Sonata_2/3rd_no_repeat/midi_score.mid,1,single_performance
pedal_down_ratio,Debussy/Pour_le_Piano/1/midi_score.mid,1,single_performance
pedal_down_ratio,Haydn/Keyboard_Sonatas/39-2/midi_score.mid,1,single_performance
pedal_down_ratio,Haydn/Keyboard_Sonatas/39-3/midi_score.mid,1,single_performance
pedal_down_ratio,Haydn/Keyboard_Sonatas/6-1/midi_score.mid,1,single_performance
pedal_down_ratio,Liszt/Hungarian_Rhapsodies/6/midi_score.mid::6_no_repeat,1,single_performance
pedal_down_ratio,Liszt/Transcendental_Etudes/11/midi_score.mid,1,single_performance
pedal_down_ratio,Liszt/Transcendental_Etudes/3/midi_score.mid,1,single_performance
pedal_down_ratio,Mozart/Fantasie_475/midi_score.mid,1,single_performance
pedal_down_ratio,Mozart/Piano_Sonatas/11-3/midi_score.mid,1,single_performance
pedal_down_ratio,Rachmaninoff/Preludes_op_23/6/midi_score.mid,1,single_performance
pedal_down_ratio,Rachmaninoff/Preludes_op_32/10/midi_score.mid,1,single_performance
pedal_down_ratio,Schubert/Impromptu_op.90_D.899/4/midi_score.mid,1,single_performance
pedal_down_ratio,Schubert/Moment_Musical_no_1/midi_score.mid,1,single_performance
pedal_down_ratio,Schubert/Moment_musical_no_3/midi_score.mid,1,single_performance
pedal_down_ratio,Schumann/Kreisleriana/1_no_first_repeat/midi_score.mid,1,single_performance
pedal_down_ratio,Schumann/Kreisleriana/3/midi_score.mid,1,single_performance
