model,seed,split,condition,mse,shape_correlation,shape_amplitude_ratio,slope_mse,direction_percent,epoch
zero,-1,validation,baseline,1.5697278337578386,,0.0,2.014847010488007,0.0,
visible_mean,-1,validation,baseline,1.38031094087772,,0.0,2.014847010488007,0.0,
linear_interpolation,-1,validation,baseline,1.7468971918830718,0.2311246949805173,0.7335159259137154,2.060576166417489,47.14427097024439,
cnn64,20261006,validation,initial,1.5751968397557685,-0.0004901399624645068,0.06517352699213577,2.023690614606861,50.27527898658738,0.0
cnn64,20261006,validation,best20,1.3029368542875914,0.20060534865590957,0.24910410856914694,2.0277688500560513,51.19993023749001,18.0
cnn64,20261006,validation,epoch20,1.3076888480479412,0.20249365136659908,0.26479281172956753,2.0329337625993413,51.73590591858476,20.0
cnn64,20261006,validation,best_extended,1.3029368542875914,0.20060534865590957,0.24910410856914694,2.0277688500560513,51.19993023749001,18.0
cnn64,20261006,validation,final,1.3101641872393848,0.20387267732007675,0.26845197804286414,2.039707280391473,51.57925495449164,28.0
cnn64,20261007,validation,initial,1.576310325467454,-0.0023302053031499124,0.07109992830314019,2.025782748477799,50.445231170121104,0.0
cnn64,20261007,validation,best20,1.310559024269079,0.19621606620481138,0.24904656841975042,2.031597363375827,51.66406836822396,16.0
cnn64,20261007,validation,epoch20,1.312935712090551,0.19577464899181665,0.2532274922880118,2.0369988147313522,51.42106892928315,20.0
cnn64,20261007,validation,best_extended,1.3090505524155793,0.19961544456635652,0.261498764721873,2.0399574511072873,51.459221284568386,21.0
cnn64,20261007,validation,final,1.309904296366974,0.20298871477344713,0.27766578451909285,2.0430837646977937,51.388560431827344,31.0
cnn64,20261008,validation,initial,1.5764881214946405,-0.011031647758749952,0.06729604078143994,2.029433110420375,49.675223903218566,0.0
cnn64,20261008,validation,best20,1.308465539002352,0.19930670828235758,0.2659941771887401,2.0392130423480785,51.78520935126363,20.0
cnn64,20261008,validation,epoch20,1.308465539002352,0.19930670828235758,0.2659941771887401,2.0392130423480785,51.78520935126363,20.0
cnn64,20261008,validation,best_extended,1.308465539002352,0.19930670828235758,0.2659941771887401,2.0392130423480785,51.78520935126363,20.0
cnn64,20261008,validation,final,1.3138550618288636,0.1941762831929833,0.2614820961476101,2.0475677143792086,51.09522098877652,30.0
bilstm64,20261006,validation,initial,1.5730008984830914,-0.0020969289199418636,0.05043664689912296,2.0214535555859783,50.17448617102484,0.0
bilstm64,20261006,validation,best20,1.286622539788797,0.22246630661531014,0.2542205954563927,2.029089136170978,51.11269798052668,20.0
bilstm64,20261006,validation,epoch20,1.286622539788797,0.22246630661531014,0.2542205954563927,2.029089136170978,51.11269798052668,20.0
bilstm64,20261006,validation,best_extended,1.2821228387098227,0.2276479905586517,0.2678805456393377,2.0269356570129915,50.98682985904993,23.0
bilstm64,20261006,validation,final,1.2873438563764508,0.22393290793157652,0.26291756429720436,2.0261544099598643,51.22941914773243,33.0
bilstm64,20261007,validation,initial,1.5740583962487746,-0.004781450904506961,0.052022869830682536,2.0223909608053128,49.959543943721656,0.0
bilstm64,20261007,validation,best20,1.2872544015175489,0.21818690554409068,0.23065994535905943,2.027249156971395,51.113351616367325,18.0
bilstm64,20261007,validation,epoch20,1.2886699538574269,0.22108499148669908,0.2403838253739054,2.0277501174738233,50.83349584847421,20.0
bilstm64,20261007,validation,best_extended,1.2849350189025697,0.22152671198298876,0.2554777271780072,2.0325619336471377,50.60867422861825,21.0
bilstm64,20261007,validation,final,1.2885759174348883,0.22160797708662816,0.27261841919912466,2.0338030398205738,50.991852259839014,31.0
bilstm64,20261008,validation,initial,1.5747363913865904,-0.013154934629666094,0.05220881831456593,2.024124105341019,49.86942613576584,0.0
bilstm64,20261008,validation,best20,1.2888871843234246,0.21491778538422315,0.25393317960464923,2.036077784451429,50.31279755127289,18.0
bilstm64,20261008,validation,epoch20,1.2900257258044856,0.2179601120815101,0.25480219063405635,2.0345998124699802,50.38419664200795,20.0
bilstm64,20261008,validation,best_extended,1.2836680047347269,0.22320901677633578,0.24120288628166636,2.0280292218754767,50.859191013533376,31.0
bilstm64,20261008,validation,final,1.2993458071073838,0.21533218344875588,0.27714667752383776,2.039260114722276,51.068521157269416,41.0
transformer64,20261006,validation,initial,1.581336769319579,-0.003658963606393876,0.09945010378757498,2.0409376117314233,50.128211053717905,0.0
transformer64,20261006,validation,best20,1.3269765193881113,0.16771974767379358,0.21511737100169587,2.0287420088071624,51.204791320380515,20.0
transformer64,20261006,validation,epoch20,1.3269765193881113,0.16771974767379358,0.21511737100169587,2.0287420088071624,51.204791320380515,20.0
transformer64,20261006,validation,best_extended,1.3075094653205366,0.19524594128030826,0.2279676416544587,2.0232481033046823,51.20607910634732,34.0
transformer64,20261006,validation,final,1.3112211688093578,0.19724199595718178,0.253082207869656,2.0260504067671796,51.21736447078979,44.0
transformer64,20261007,validation,initial,1.581765313694686,-0.005301406454591744,0.09427117244693137,2.0383185512414577,49.99284272094347,0.0
transformer64,20261007,validation,best20,1.322582712701069,0.17758027329505668,0.20178652635500854,2.0242249199527254,50.81447659410407,20.0
transformer64,20261007,validation,epoch20,1.322582712701069,0.17758027329505668,0.20178652635500854,2.0242249199527254,50.81447659410407,20.0
transformer64,20261007,validation,best_extended,1.3016984193651493,0.20215540024119968,0.26307326376696605,2.0329530057547833,51.25936966292625,48.0
transformer64,20261007,validation,final,1.3061680846467716,0.20420252893427474,0.2644289302489284,2.029572412985124,51.39990458436728,58.0
transformer64,20261008,validation,initial,1.584590522667929,-0.0066872071349567425,0.10173232900414383,2.0444673047463935,49.78642848834895,0.0
transformer64,20261008,validation,best20,1.3346791231824244,0.14584123011568453,0.1828706818980712,2.030801904831638,50.09542340466838,20.0
transformer64,20261008,validation,epoch20,1.3346791231824244,0.14584123011568453,0.1828706818980712,2.030801904831638,50.09542340466838,20.0
transformer64,20261008,validation,best_extended,1.2963449404915788,0.20449091693533744,0.2347233285998926,2.0263966583322937,51.02295481150618,63.0
transformer64,20261008,validation,final,1.3037119246070534,0.2004833297188547,0.24829730715753792,2.028193976421925,50.99333002159428,73.0
bilstm128,20261006,validation,initial,1.5725492366762153,0.0010913007866141366,0.049627755664092485,2.0205651807696148,50.46153033590333,0.0
bilstm128,20261006,validation,best20,1.2871718825035732,0.2185149894346579,0.24083306173363678,2.0268082180826417,50.99582528917541,15.0
bilstm128,20261006,validation,epoch20,1.290377686854198,0.21810164583743843,0.2519223032341068,2.0315865247631377,50.90221763767627,20.0
bilstm128,20261006,validation,best_extended,1.286679246232081,0.2218431281505846,0.2688694227990063,2.02916295774913,51.135729721755794,23.0
bilstm128,20261006,validation,final,1.2938007208598121,0.21873529520668766,0.2684088227666295,2.026856679762224,51.42280097784212,33.0
bilstm128,20261007,validation,initial,1.5732729175488682,-0.0024415291081555214,0.04849284521936558,2.020808987512622,49.762819658141,0.0
bilstm128,20261007,validation,best20,1.288186022213806,0.21848670039723417,0.23535440405287084,2.028736796840299,50.889022536027376,18.0
bilstm128,20261007,validation,epoch20,1.2892219592190934,0.22146066346459584,0.23771986168645629,2.0279502539506193,51.04559692506287,20.0
bilstm128,20261007,validation,best_extended,1.2846504092538142,0.22551037467109286,0.25700766685574994,2.03394140225081,51.19187070163466,30.0
bilstm128,20261007,validation,final,1.3056022518150923,0.21091591650002703,0.2787456629906111,2.04069193059497,51.434647015080586,40.0
bilstm128,20261008,validation,initial,1.5744719351678658,-0.014296982001783165,0.049612121976988,2.0237824043313184,49.70254526339581,0.0
bilstm128,20261008,validation,best20,1.2896733689341588,0.21824957491337843,0.25778012356548263,2.0329335052815,50.90565951046139,18.0
bilstm128,20261008,validation,epoch20,1.2921343026986762,0.2196618997650825,0.2528420077397348,2.0337725356740086,51.15719380090748,20.0
bilstm128,20261008,validation,best_extended,1.2867069616693245,0.222413047152414,0.24446421825608677,2.0289081795309674,51.04201460031355,23.0
bilstm128,20261008,validation,final,1.2925921343112532,0.22271982401038218,0.2671884758242101,2.0331466315046844,51.666577954933146,33.0
bilstm256,20261006,validation,initial,1.5724463475312396,0.0007999950583995758,0.048281124750081436,2.0208121460711985,50.29095621665021,0.0
bilstm256,20261006,validation,best20,1.2930531367947116,0.21354571066788947,0.23329659529187738,2.029285044844685,50.927007634136444,15.0
bilstm256,20261006,validation,epoch20,1.2949754211710582,0.2145379071732117,0.25245542565305495,2.033676033046823,51.03422019984995,20.0
bilstm256,20261006,validation,best_extended,1.2885740611867897,0.22044941942218768,0.24399738663714016,2.0260574075098825,51.192465888005785,24.0
bilstm256,20261006,validation,final,1.2919366428253265,0.21981340219108053,0.25964996600741325,2.0287914816360293,51.238153941411156,34.0
bilstm256,20261007,validation,initial,1.573953136452037,-0.006194612489116216,0.049360735307877435,2.0218846775287367,49.867867258633844,0.0
bilstm256,20261007,validation,best20,1.2875339914010042,0.21934964047787817,0.23606944154519566,2.0245341790907365,51.39048411112303,18.0
bilstm256,20261007,validation,epoch20,1.2918129329466521,0.22108269098169803,0.23785430170473418,2.0252113171282726,51.14084447795238,20.0
bilstm256,20261007,validation,best_extended,1.2870579112932465,0.22160985183549337,0.256413422185135,2.028855719590881,51.13649521086832,21.0
bilstm256,20261007,validation,final,1.2923796709360587,0.21968136912225683,0.26578175952604205,2.029008503673104,51.55455482977415,31.0
bilstm256,20261008,validation,initial,1.573837994129072,-0.012556952101573685,0.04826704841826894,2.022851133855057,49.74367221267623,0.0
bilstm256,20261008,validation,best20,1.2899131110983426,0.215124534402845,0.25608791744142484,2.0353044151622126,50.69810988825398,18.0
bilstm256,20261008,validation,epoch20,1.29424661637549,0.21736090375687392,0.25694257467056036,2.0358984771157593,50.98071402290302,20.0
bilstm256,20261008,validation,best_extended,1.2870778195949077,0.22040462105001132,0.23875121657494436,2.0283797811217292,51.18473985793421,23.0
bilstm256,20261008,validation,final,1.294390838952539,0.21982972657620148,0.27051606060245986,2.0349193869627724,51.359295691341096,33.0
