a,b,shared_beats,before_log2_distance,after_log2_distance,before_percent_ratio_gap,after_percent_ratio_gap,max_beat_error
Bach/Fugue/bwv_848/Denisova06M.mid,Bach/Fugue/bwv_848/Lee01M.mid,216,0.03882506487140043,0.03882506487140043,2.727686855720248,2.727686855720248,2.7755575615628914e-17
Bach/Fugue/bwv_848/Denisova06M.mid,Bach/Fugue/bwv_848/LeeSH01M.mid,216,0.0405803978504733,0.0405803978504733,2.8527521223377486,2.8527521223377486,5.551115123125783e-17
Bach/Fugue/bwv_848/Denisova06M.mid,Bach/Fugue/bwv_848/Lin04M.mid,216,0.04294393216219809,0.04294393216219809,3.021391536701836,3.021391536701836,1.3877787807814457e-17
Bach/Fugue/bwv_848/Denisova06M.mid,Bach/Fugue/bwv_848/Lou01M.mid,216,0.050385230480507165,0.050385230480507165,3.554139866360479,3.554139866360479,1.3877787807814457e-17
Bach/Fugue/bwv_848/Denisova06M.mid,Bach/Fugue/bwv_848/MiyashitaM01M.mid,216,0.0450579421303795,0.0450579421303795,3.1724615031031744,3.1724615031031744,3.469446951953614e-18
Bach/Fugue/bwv_848/Denisova06M.mid,Bach/Fugue/bwv_848/Mizumoto03M.mid,216,0.0393017184940381,0.0393017184940381,2.761632778091158,2.761632778091158,2.7755575615628914e-17
Bach/Fugue/bwv_848/Denisova06M.mid,Bach/Fugue/bwv_848/SunY01M.mid,216,0.043800773003237974,0.043800773003237974,3.0825958465854018,3.0825958465854018,1.3877787807814457e-17
Bach/Fugue/bwv_848/Denisova06M.mid,Bach/Fugue/bwv_848/Zhou01M.mid,216,0.03646259417789521,0.03646259417789521,2.559603828514338,2.559603828514338,1.3877787807814457e-17
Bach/Fugue/bwv_848/Lee01M.mid,Bach/Fugue/bwv_848/LeeSH01M.mid,216,0.036901272127170925,0.036901272127170925,2.590793703171927,2.590793703171927,2.7755575615628914e-17
Bach/Fugue/bwv_848/Lee01M.mid,Bach/Fugue/bwv_848/Lin04M.mid,216,0.04073087647676755,0.04073087647676755,2.8634806183829387,2.8634806183829387,1.3877787807814457e-17
Bach/Fugue/bwv_848/Lee01M.mid,Bach/Fugue/bwv_848/Lou01M.mid,216,0.049881759649967244,0.049881759649967244,3.518007911161921,3.518007911161921,2.7755575615628914e-17
Bach/Fugue/bwv_848/Lee01M.mid,Bach/Fugue/bwv_848/MiyashitaM01M.mid,216,0.03924048547006401,0.03924048547006401,2.7572713075022803,2.7572713075022803,1.3877787807814457e-17
Bach/Fugue/bwv_848/Lee01M.mid,Bach/Fugue/bwv_848/Mizumoto03M.mid,216,0.04073406655028111,0.04073406655028111,2.863708069381609,2.863708069381609,6.938893903907228e-18
Bach/Fugue/bwv_848/Lee01M.mid,Bach/Fugue/bwv_848/SunY01M.mid,216,0.036116643568478365,0.036116643568478365,2.5350135285854303,2.5350135285854303,6.938893903907228e-18
Bach/Fugue/bwv_848/Lee01M.mid,Bach/Fugue/bwv_848/Zhou01M.mid,216,0.032314569824831885,0.032314569824831885,2.265148849173182,2.265148849173182,1.3877787807814457e-17
Bach/Fugue/bwv_848/LeeSH01M.mid,Bach/Fugue/bwv_848/Lin04M.mid,216,0.033569800390056984,0.033569800390056984,2.354164335004202,2.354164335004202,5.551115123125783e-17
Bach/Fugue/bwv_848/LeeSH01M.mid,Bach/Fugue/bwv_848/Lou01M.mid,216,0.047176037420356684,0.047176037420356684,3.3240455829316584,3.3240455829316584,1.3877787807814457e-17
Bach/Fugue/bwv_848/LeeSH01M.mid,Bach/Fugue/bwv_848/MiyashitaM01M.mid,216,0.033522996215909234,0.033522996215909234,2.350843796506073,2.350843796506073,2.7755575615628914e-17
Bach/Fugue/bwv_848/LeeSH01M.mid,Bach/Fugue/bwv_848/Mizumoto03M.mid,216,0.04072188177276638,0.04072188177276638,2.86283930220021,2.86283930220021,2.7755575615628914e-17
Bach/Fugue/bwv_848/LeeSH01M.mid,Bach/Fugue/bwv_848/SunY01M.mid,216,0.026965371519445405,0.026965371519445405,1.8866740838090115,1.8866740838090115,2.7755575615628914e-17
Bach/Fugue/bwv_848/LeeSH01M.mid,Bach/Fugue/bwv_848/Zhou01M.mid,216,0.030807758382936215,0.030807758382936215,2.1583945811185212,2.1583945811185212,2.7755575615628914e-17
Bach/Fugue/bwv_848/Lin04M.mid,Bach/Fugue/bwv_848/Lou01M.mid,216,0.05447824352018862,0.05447824352018862,3.8483463643213174,3.8483463643213174,2.7755575615628914e-17
Bach/Fugue/bwv_848/Lin04M.mid,Bach/Fugue/bwv_848/MiyashitaM01M.mid,216,0.042337964006768355,0.042337964006768355,2.9781290508206526,2.9781290508206526,0.0
Bach/Fugue/bwv_848/Lin04M.mid,Bach/Fugue/bwv_848/Mizumoto03M.mid,216,0.03777574474587072,0.03777574474587072,2.652996755214128,2.652996755214128,2.7755575615628914e-17
Bach/Fugue/bwv_848/Lin04M.mid,Bach/Fugue/bwv_848/SunY01M.mid,216,0.03691623821296964,0.03691623821296964,2.591857954826664,2.591857954826664,0.0
Bach/Fugue/bwv_848/Lin04M.mid,Bach/Fugue/bwv_848/Zhou01M.mid,216,0.0449810634937169,0.0449810634937169,3.166963773766176,3.166963773766176,6.938893903907228e-18
Bach/Fugue/bwv_848/Lou01M.mid,Bach/Fugue/bwv_848/MiyashitaM01M.mid,216,0.04876686845322894,0.04876686845322894,3.4380417853015945,3.4380417853015945,1.3877787807814457e-17
Bach/Fugue/bwv_848/Lou01M.mid,Bach/Fugue/bwv_848/Mizumoto03M.mid,216,0.044341450259059875,0.044341450259059875,3.1212352392036147,3.1212352392036147,6.938893903907228e-18
Bach/Fugue/bwv_848/Lou01M.mid,Bach/Fugue/bwv_848/SunY01M.mid,216,0.048105421762856065,0.048105421762856065,3.3906283912409325,3.3906283912409325,2.7755575615628914e-17
Bach/Fugue/bwv_848/Lou01M.mid,Bach/Fugue/bwv_848/Zhou01M.mid,216,0.04268873537638604,0.04268873537638604,3.0031698043795663,3.0031698043795663,0.0
Bach/Fugue/bwv_848/MiyashitaM01M.mid,Bach/Fugue/bwv_848/Mizumoto03M.mid,216,0.042737548185363475,0.042737548185363475,3.0066549200609067,3.0066549200609067,0.0
Bach/Fugue/bwv_848/MiyashitaM01M.mid,Bach/Fugue/bwv_848/SunY01M.mid,216,0.03419257415068994,0.03419257415068994,2.3983574917084836,2.3983574917084836,6.938893903907228e-18
Bach/Fugue/bwv_848/MiyashitaM01M.mid,Bach/Fugue/bwv_848/Zhou01M.mid,216,0.03271938617674994,0.03271938617674994,2.2938482014436703,2.2938482014436703,6.938893903907228e-18
Bach/Fugue/bwv_848/Mizumoto03M.mid,Bach/Fugue/bwv_848/SunY01M.mid,216,0.037350008066232704,0.037350008066232704,2.6227085120096727,2.6227085120096727,0.0
Bach/Fugue/bwv_848/Mizumoto03M.mid,Bach/Fugue/bwv_848/Zhou01M.mid,216,0.04016543477944533,0.04016543477944533,2.8231727897585497,2.8231727897585497,0.0
Bach/Fugue/bwv_848/SunY01M.mid,Bach/Fugue/bwv_848/Zhou01M.mid,216,0.03135691064541431,0.03135691064541431,2.197287895660672,2.197287895660672,0.0
