key,display_interval,start_seconds,end_seconds,note_on_count,mean_velocity,valid_matched_note_count,articulation_log2,pedal_depth,pedal_down_ratio,pedal_changes
Bach/Fugue/bwv_848/MiyashitaM01M.mid,107,65.514062,66.113541,7,76.85714285714286,7,-0.5201113563713233,0.34897418076927766,0.0,0
Bach/Fugue/bwv_848/MiyashitaM01M.mid,108,66.113541,66.713889,7,71.14285714285714,7,-0.7340183101157917,0.34944873268342513,0.0,0
Bach/Fugue/bwv_848/MiyashitaM01M.mid,109,66.713889,67.322917,7,64.57142857142857,7,-1.1726393861393458,0.3464566929133858,0.0,0
Bach/Fugue/bwv_848/MiyashitaM01M.mid,110,67.322917,67.929688,7,56.857142857142854,7,-1.0325339641483968,0.3464566929133858,0.0,0
Bach/Fugue/bwv_848/Lou01M.mid,107,61.852865,62.415365,6,63.5,8,-0.5318113667297155,0.2755905511811024,0.0,0
Bach/Fugue/bwv_848/Lou01M.mid,108,62.415365,62.958333,8,54.75,8,-1.424415779016848,0.27287146768431425,0.0,0
Bach/Fugue/bwv_848/Lou01M.mid,109,62.958333,63.55859399999999,6,55.5,6,-0.3025607636424299,0.26771653543307083,0.0,0
Bach/Fugue/bwv_848/Lou01M.mid,110,63.55859399999999,64.13150999999999,7,59.857142857142854,7,-0.0054134961861379794,0.2677165354330709,0.0,0
Bach/Fugue/bwv_848/SunY01M.mid,107,59.78698000000001,60.342188,7,58.714285714285715,7,-0.5203904994250969,0.0,0.0,0
Bach/Fugue/bwv_848/SunY01M.mid,108,60.342188,60.91631999999999,8,55.125,8,-0.5806859916953211,0.0,0.0,0
Bach/Fugue/bwv_848/SunY01M.mid,109,60.91631999999999,61.470312,6,64.0,6,-0.6158743779201667,0.0,0.0,0
Bach/Fugue/bwv_848/SunY01M.mid,110,61.470312,62.01823,7,73.42857142857143,7,0.018456904707544,0.0,0.0,0
