key,time_seconds,value,instrument_idx
Bach/Fugue/bwv_848/MiyashitaM01M.mid,13.408333333333333,8,0
Bach/Fugue/bwv_848/MiyashitaM01M.mid,13.446875,9,0
Bach/Fugue/bwv_848/MiyashitaM01M.mid,13.469791666666666,10,0
Bach/Fugue/bwv_848/MiyashitaM01M.mid,13.488541666666666,12,0
Bach/Fugue/bwv_848/MiyashitaM01M.mid,13.50625,14,0
Bach/Fugue/bwv_848/MiyashitaM01M.mid,13.530208333333333,16,0
Bach/Fugue/bwv_848/MiyashitaM01M.mid,13.545833333333333,18,0
Bach/Fugue/bwv_848/MiyashitaM01M.mid,13.565624999999999,20,0
Bach/Fugue/bwv_848/MiyashitaM01M.mid,13.586458333333333,22,0
Bach/Fugue/bwv_848/MiyashitaM01M.mid,13.607291666666667,24,0
Bach/Fugue/bwv_848/MiyashitaM01M.mid,13.626041666666666,25,0
Bach/Fugue/bwv_848/MiyashitaM01M.mid,13.646875,26,0
Bach/Fugue/bwv_848/MiyashitaM01M.mid,13.665625,27,0
Bach/Fugue/bwv_848/MiyashitaM01M.mid,13.689583333333333,28,0
Bach/Fugue/bwv_848/MiyashitaM01M.mid,13.707291666666666,29,0
Bach/Fugue/bwv_848/MiyashitaM01M.mid,13.728125,30,0
Bach/Fugue/bwv_848/MiyashitaM01M.mid,13.927083333333334,31,0
Bach/Fugue/bwv_848/MiyashitaM01M.mid,14.307291666666666,30,0
Bach/Fugue/bwv_848/MiyashitaM01M.mid,14.36875,29,0
Bach/Fugue/bwv_848/MiyashitaM01M.mid,14.445833333333333,28,0
Bach/Fugue/bwv_848/MiyashitaM01M.mid,15.145833333333334,27,0
Bach/Fugue/bwv_848/MiyashitaM01M.mid,15.467708333333333,28,0
Bach/Fugue/bwv_848/MiyashitaM01M.mid,15.628124999999999,29,0
Bach/Fugue/bwv_848/MiyashitaM01M.mid,15.667708333333334,30,0
Bach/Fugue/bwv_848/MiyashitaM01M.mid,15.706249999999999,31,0
Bach/Fugue/bwv_848/MiyashitaM01M.mid,15.746875,32,0
Bach/Fugue/bwv_848/MiyashitaM01M.mid,16.086458333333333,33,0
Bach/Fugue/bwv_848/MiyashitaM01M.mid,16.10625,34,0
Bach/Fugue/bwv_848/MiyashitaM01M.mid,16.128125,35,0
Bach/Fugue/bwv_848/MiyashitaM01M.mid,16.146875,36,0
Bach/Fugue/bwv_848/MiyashitaM01M.mid,16.167708333333334,37,0
Bach/Fugue/bwv_848/MiyashitaM01M.mid,16.1875,38,0
Bach/Fugue/bwv_848/MiyashitaM01M.mid,16.40625,37,0
Bach/Fugue/bwv_848/MiyashitaM01M.mid,16.485416666666666,36,0
Bach/Fugue/bwv_848/MiyashitaM01M.mid,16.847916666666666,35,0
Bach/Fugue/bwv_848/MiyashitaM01M.mid,16.948958333333334,34,0
Bach/Fugue/bwv_848/MiyashitaM01M.mid,17.00625,33,0
Bach/Fugue/bwv_848/MiyashitaM01M.mid,17.827083333333334,34,0
Bach/Fugue/bwv_848/MiyashitaM01M.mid,18.086458333333333,35,0
Bach/Fugue/bwv_848/MiyashitaM01M.mid,19.605208333333334,34,0
Bach/Fugue/bwv_848/MiyashitaM01M.mid,20.20625,35,0
Bach/Fugue/bwv_848/MiyashitaM01M.mid,20.4875,36,0
Bach/Fugue/bwv_848/MiyashitaM01M.mid,20.5875,37,0
Bach/Fugue/bwv_848/MiyashitaM01M.mid,20.80625,38,0
Bach/Fugue/bwv_848/MiyashitaM01M.mid,21.0875,37,0
Bach/Fugue/bwv_848/MiyashitaM01M.mid,21.688541666666666,36,0
Bach/Fugue/bwv_848/MiyashitaM01M.mid,21.928125,37,0
Bach/Fugue/bwv_848/MiyashitaM01M.mid,22.108333333333334,36,0
Bach/Fugue/bwv_848/MiyashitaM01M.mid,22.20625,37,0
Bach/Fugue/bwv_848/MiyashitaM01M.mid,22.288541666666667,36,0
Bach/Fugue/bwv_848/MiyashitaM01M.mid,23.6875,37,0
Bach/Fugue/bwv_848/MiyashitaM01M.mid,24.26770833333333,36,0
Bach/Fugue/bwv_848/MiyashitaM01M.mid,24.8875,35,0
Bach/Fugue/bwv_848/MiyashitaM01M.mid,25.728125,36,0
Bach/Fugue/bwv_848/MiyashitaM01M.mid,26.80625,37,0
Bach/Fugue/bwv_848/MiyashitaM01M.mid,26.946875,38,0
Bach/Fugue/bwv_848/MiyashitaM01M.mid,27.007291666666667,39,0
Bach/Fugue/bwv_848/MiyashitaM01M.mid,27.026041666666668,40,0
Bach/Fugue/bwv_848/MiyashitaM01M.mid,27.05,42,0
Bach/Fugue/bwv_848/MiyashitaM01M.mid,27.066666666666666,44,0
Bach/Fugue/bwv_848/MiyashitaM01M.mid,27.086458333333333,45,0
Bach/Fugue/bwv_848/MiyashitaM01M.mid,27.107291666666665,47,0
Bach/Fugue/bwv_848/MiyashitaM01M.mid,27.125,48,0
Bach/Fugue/bwv_848/MiyashitaM01M.mid,27.144791666666666,50,0
Bach/Fugue/bwv_848/MiyashitaM01M.mid,27.165625,52,0
Bach/Fugue/bwv_848/MiyashitaM01M.mid,27.1875,55,0
Bach/Fugue/bwv_848/MiyashitaM01M.mid,27.20625,56,0
Bach/Fugue/bwv_848/MiyashitaM01M.mid,27.286458333333332,55,0
Bach/Fugue/bwv_848/MiyashitaM01M.mid,27.366666666666667,54,0
Bach/Fugue/bwv_848/MiyashitaM01M.mid,27.426041666666666,53,0
Bach/Fugue/bwv_848/MiyashitaM01M.mid,27.62708333333333,54,0
Bach/Fugue/bwv_848/MiyashitaM01M.mid,27.648958333333333,56,0
Bach/Fugue/bwv_848/MiyashitaM01M.mid,27.66875,61,0
Bach/Fugue/bwv_848/MiyashitaM01M.mid,27.685416666666665,64,0
Bach/Fugue/bwv_848/MiyashitaM01M.mid,27.707291666666666,65,0
Bach/Fugue/bwv_848/MiyashitaM01M.mid,27.727083333333333,67,0
Bach/Fugue/bwv_848/MiyashitaM01M.mid,27.747916666666665,68,0
Bach/Fugue/bwv_848/MiyashitaM01M.mid,27.766666666666666,69,0
Bach/Fugue/bwv_848/MiyashitaM01M.mid,27.907291666666666,68,0
Bach/Fugue/bwv_848/MiyashitaM01M.mid,27.927083333333332,67,0
Bach/Fugue/bwv_848/MiyashitaM01M.mid,27.945833333333333,66,0
Bach/Fugue/bwv_848/MiyashitaM01M.mid,27.966666666666665,63,0
Bach/Fugue/bwv_848/MiyashitaM01M.mid,27.9875,57,0
Bach/Fugue/bwv_848/MiyashitaM01M.mid,28.009375,51,0
Bach/Fugue/bwv_848/MiyashitaM01M.mid,28.026041666666668,48,0
Bach/Fugue/bwv_848/MiyashitaM01M.mid,28.185416666666665,49,0
Bach/Fugue/bwv_848/MiyashitaM01M.mid,28.228125,50,0
Bach/Fugue/bwv_848/MiyashitaM01M.mid,28.568749999999998,51,0
Bach/Fugue/bwv_848/MiyashitaM01M.mid,28.66875,52,0
Bach/Fugue/bwv_848/MiyashitaM01M.mid,28.988541666666666,51,0
Bach/Fugue/bwv_848/MiyashitaM01M.mid,29.245833333333334,50,0
Bach/Fugue/bwv_848/MiyashitaM01M.mid,29.823958333333334,49,0
Bach/Fugue/bwv_848/MiyashitaM01M.mid,30.063541666666666,50,0
Bach/Fugue/bwv_848/MiyashitaM01M.mid,30.104166666666668,49,0
Bach/Fugue/bwv_848/MiyashitaM01M.mid,30.14375,48,0
Bach/Fugue/bwv_848/MiyashitaM01M.mid,30.165625,47,0
Bach/Fugue/bwv_848/MiyashitaM01M.mid,30.644791666666666,48,0
Bach/Fugue/bwv_848/MiyashitaM01M.mid,31.162499999999998,49,0
Bach/Fugue/bwv_848/MiyashitaM01M.mid,31.28125,50,0
Bach/Fugue/bwv_848/MiyashitaM01M.mid,31.364583333333332,49,0
Bach/Fugue/bwv_848/MiyashitaM01M.mid,31.442708333333332,48,0
Bach/Fugue/bwv_848/MiyashitaM01M.mid,31.644791666666666,47,0
Bach/Fugue/bwv_848/MiyashitaM01M.mid,31.941666666666666,45,0
Bach/Fugue/bwv_848/MiyashitaM01M.mid,31.961458333333333,44,0
Bach/Fugue/bwv_848/MiyashitaM01M.mid,31.985416666666666,43,0
Bach/Fugue/bwv_848/MiyashitaM01M.mid,32.003125,42,0
Bach/Fugue/bwv_848/MiyashitaM01M.mid,32.0625,41,0
Bach/Fugue/bwv_848/MiyashitaM01M.mid,32.182291666666664,42,0
Bach/Fugue/bwv_848/MiyashitaM01M.mid,35.985416666666666,43,0
Bach/Fugue/bwv_848/MiyashitaM01M.mid,36.98229166666667,44,0
Bach/Fugue/bwv_848/MiyashitaM01M.mid,37.284375,45,0
Bach/Fugue/bwv_848/MiyashitaM01M.mid,37.342708333333334,46,0
Bach/Fugue/bwv_848/MiyashitaM01M.mid,37.44583333333333,47,0
Bach/Fugue/bwv_848/MiyashitaM01M.mid,37.903125,48,0
Bach/Fugue/bwv_848/MiyashitaM01M.mid,37.940625,49,0
Bach/Fugue/bwv_848/MiyashitaM01M.mid,37.96145833333333,50,0
Bach/Fugue/bwv_848/MiyashitaM01M.mid,38.003125,51,0
Bach/Fugue/bwv_848/MiyashitaM01M.mid,38.021875,55,0
Bach/Fugue/bwv_848/MiyashitaM01M.mid,38.040625,59,0
Bach/Fugue/bwv_848/MiyashitaM01M.mid,38.0625,63,0
Bach/Fugue/bwv_848/MiyashitaM01M.mid,38.084375,66,0
Bach/Fugue/bwv_848/MiyashitaM01M.mid,38.103125,71,0
Bach/Fugue/bwv_848/MiyashitaM01M.mid,38.12291666666667,80,0
Bach/Fugue/bwv_848/MiyashitaM01M.mid,38.145833333333336,86,0
Bach/Fugue/bwv_848/MiyashitaM01M.mid,38.16354166666667,87,0
Bach/Fugue/bwv_848/MiyashitaM01M.mid,38.184375,88,0
Bach/Fugue/bwv_848/MiyashitaM01M.mid,38.2625,87,0
Bach/Fugue/bwv_848/MiyashitaM01M.mid,38.38645833333333,86,0
Bach/Fugue/bwv_848/MiyashitaM01M.mid,38.463541666666664,84,0
Bach/Fugue/bwv_848/MiyashitaM01M.mid,38.48125,78,0
Bach/Fugue/bwv_848/MiyashitaM01M.mid,38.50416666666666,67,0
Bach/Fugue/bwv_848/MiyashitaM01M.mid,38.52395833333333,56,0
Bach/Fugue/bwv_848/MiyashitaM01M.mid,38.54375,37,0
Bach/Fugue/bwv_848/MiyashitaM01M.mid,38.563541666666666,25,0
Bach/Fugue/bwv_848/MiyashitaM01M.mid,38.623958333333334,26,0
Bach/Fugue/bwv_848/MiyashitaM01M.mid,38.64375,27,0
Bach/Fugue/bwv_848/MiyashitaM01M.mid,38.842708333333334,28,0
Bach/Fugue/bwv_848/MiyashitaM01M.mid,38.963541666666664,29,0
Bach/Fugue/bwv_848/MiyashitaM01M.mid,39.003125,30,0
Bach/Fugue/bwv_848/MiyashitaM01M.mid,39.385416666666664,31,0
Bach/Fugue/bwv_848/MiyashitaM01M.mid,39.48229166666667,32,0
Bach/Fugue/bwv_848/MiyashitaM01M.mid,39.521875,33,0
Bach/Fugue/bwv_848/MiyashitaM01M.mid,39.583333333333336,34,0
Bach/Fugue/bwv_848/MiyashitaM01M.mid,39.68125,35,0
Bach/Fugue/bwv_848/MiyashitaM01M.mid,39.74166666666667,36,0
Bach/Fugue/bwv_848/MiyashitaM01M.mid,39.782291666666666,37,0
Bach/Fugue/bwv_848/MiyashitaM01M.mid,39.822916666666664,38,0
Bach/Fugue/bwv_848/MiyashitaM01M.mid,39.860416666666666,39,0
Bach/Fugue/bwv_848/MiyashitaM01M.mid,39.94375,40,0
Bach/Fugue/bwv_848/MiyashitaM01M.mid,40.2625,41,0
Bach/Fugue/bwv_848/MiyashitaM01M.mid,40.282291666666666,42,0
Bach/Fugue/bwv_848/MiyashitaM01M.mid,40.325,43,0
Bach/Fugue/bwv_848/MiyashitaM01M.mid,40.34375,48,0
Bach/Fugue/bwv_848/MiyashitaM01M.mid,40.36145833333333,54,0
Bach/Fugue/bwv_848/MiyashitaM01M.mid,40.38229166666667,57,0
Bach/Fugue/bwv_848/MiyashitaM01M.mid,40.403125,60,0
Bach/Fugue/bwv_848/MiyashitaM01M.mid,40.425,62,0
Bach/Fugue/bwv_848/MiyashitaM01M.mid,40.44166666666666,64,0
Bach/Fugue/bwv_848/MiyashitaM01M.mid,40.463541666666664,66,0
Bach/Fugue/bwv_848/MiyashitaM01M.mid,40.48229166666667,70,0
Bach/Fugue/bwv_848/MiyashitaM01M.mid,40.50416666666666,75,0
Bach/Fugue/bwv_848/MiyashitaM01M.mid,40.52291666666667,79,0
Bach/Fugue/bwv_848/MiyashitaM01M.mid,40.54270833333333,80,0
Bach/Fugue/bwv_848/MiyashitaM01M.mid,40.60208333333333,79,0
Bach/Fugue/bwv_848/MiyashitaM01M.mid,40.641666666666666,78,0
Bach/Fugue/bwv_848/MiyashitaM01M.mid,40.682291666666664,77,0
Bach/Fugue/bwv_848/MiyashitaM01M.mid,40.721875,76,0
Bach/Fugue/bwv_848/MiyashitaM01M.mid,40.78541666666666,75,0
Bach/Fugue/bwv_848/MiyashitaM01M.mid,40.802083333333336,74,0
Bach/Fugue/bwv_848/MiyashitaM01M.mid,40.822916666666664,67,0
Bach/Fugue/bwv_848/MiyashitaM01M.mid,40.846875,60,0
Bach/Fugue/bwv_848/MiyashitaM01M.mid,40.865625,50,0
Bach/Fugue/bwv_848/MiyashitaM01M.mid,40.88333333333333,40,0
Bach/Fugue/bwv_848/MiyashitaM01M.mid,40.905208333333334,37,0
Bach/Fugue/bwv_848/MiyashitaM01M.mid,40.942708333333336,38,0
Bach/Fugue/bwv_848/MiyashitaM01M.mid,41.02291666666667,39,0
Bach/Fugue/bwv_848/MiyashitaM01M.mid,41.303125,40,0
Bach/Fugue/bwv_848/MiyashitaM01M.mid,41.422916666666666,41,0
Bach/Fugue/bwv_848/MiyashitaM01M.mid,41.621875,42,0
Bach/Fugue/bwv_848/MiyashitaM01M.mid,41.88229166666667,43,0
Bach/Fugue/bwv_848/MiyashitaM01M.mid,42.28541666666666,44,0
Bach/Fugue/bwv_848/MiyashitaM01M.mid,42.802083333333336,45,0
Bach/Fugue/bwv_848/MiyashitaM01M.mid,42.88229166666667,46,0
Bach/Fugue/bwv_848/MiyashitaM01M.mid,42.9625,47,0
Bach/Fugue/bwv_848/MiyashitaM01M.mid,43.02291666666667,48,0
Bach/Fugue/bwv_848/MiyashitaM01M.mid,43.08229166666666,49,0
Bach/Fugue/bwv_848/MiyashitaM01M.mid,43.6625,48,0
Bach/Fugue/bwv_848/MiyashitaM01M.mid,43.88229166666667,47,0
Bach/Fugue/bwv_848/MiyashitaM01M.mid,43.94166666666666,46,0
Bach/Fugue/bwv_848/MiyashitaM01M.mid,44.02291666666667,47,0
Bach/Fugue/bwv_848/MiyashitaM01M.mid,44.202083333333334,46,0
Bach/Fugue/bwv_848/MiyashitaM01M.mid,44.24270833333333,45,0
Bach/Fugue/bwv_848/MiyashitaM01M.mid,44.264583333333334,44,0
Bach/Fugue/bwv_848/MiyashitaM01M.mid,44.60104166666667,43,0
Bach/Fugue/bwv_848/MiyashitaM01M.mid,44.621875,44,0
Bach/Fugue/bwv_848/MiyashitaM01M.mid,44.702083333333334,45,0
Bach/Fugue/bwv_848/MiyashitaM01M.mid,44.760416666666664,44,0
Bach/Fugue/bwv_848/MiyashitaM01M.mid,45.140625,43,0
Bach/Fugue/bwv_848/MiyashitaM01M.mid,45.28333333333333,42,0
Bach/Fugue/bwv_848/MiyashitaM01M.mid,45.485416666666666,43,0
Bach/Fugue/bwv_848/MiyashitaM01M.mid,45.9625,44,0
Bach/Fugue/bwv_848/MiyashitaM01M.mid,46.18333333333333,45,0
Bach/Fugue/bwv_848/MiyashitaM01M.mid,46.5625,44,0
Bach/Fugue/bwv_848/MiyashitaM01M.mid,46.90208333333333,43,0
Bach/Fugue/bwv_848/MiyashitaM01M.mid,47.321875,44,0
Bach/Fugue/bwv_848/MiyashitaM01M.mid,49.42395833333333,45,0
Bach/Fugue/bwv_848/MiyashitaM01M.mid,50.14270833333333,46,0
Bach/Fugue/bwv_848/MiyashitaM01M.mid,50.264583333333334,45,0
Bach/Fugue/bwv_848/MiyashitaM01M.mid,50.96458333333333,44,0
Bach/Fugue/bwv_848/MiyashitaM01M.mid,51.12291666666667,45,0
Bach/Fugue/bwv_848/MiyashitaM01M.mid,51.58229166666666,44,0
Bach/Fugue/bwv_848/MiyashitaM01M.mid,53.103125,45,0
Bach/Fugue/bwv_848/MiyashitaM01M.mid,53.24270833333333,44,0
Bach/Fugue/bwv_848/MiyashitaM01M.mid,53.842708333333334,45,0
Bach/Fugue/bwv_848/MiyashitaM01M.mid,56.661458333333336,46,0
Bach/Fugue/bwv_848/MiyashitaM01M.mid,56.71875,47,0
Bach/Fugue/bwv_848/MiyashitaM01M.mid,56.780208333333334,48,0
Bach/Fugue/bwv_848/MiyashitaM01M.mid,56.959375,49,0
Bach/Fugue/bwv_848/MiyashitaM01M.mid,57.41770833333333,48,0
Bach/Fugue/bwv_848/MiyashitaM01M.mid,59.01875,47,0
Bach/Fugue/bwv_848/MiyashitaM01M.mid,59.421875,46,0
Bach/Fugue/bwv_848/MiyashitaM01M.mid,60.22291666666666,47,0
Bach/Fugue/bwv_848/MiyashitaM01M.mid,60.5625,46,0
Bach/Fugue/bwv_848/MiyashitaM01M.mid,60.661458333333336,45,0
Bach/Fugue/bwv_848/MiyashitaM01M.mid,60.80416666666667,44,0
Bach/Fugue/bwv_848/MiyashitaM01M.mid,60.884375,45,0
Bach/Fugue/bwv_848/MiyashitaM01M.mid,61.0,44,0
Bach/Fugue/bwv_848/MiyashitaM01M.mid,61.08125,43,0
Bach/Fugue/bwv_848/MiyashitaM01M.mid,61.64375,44,0
Bach/Fugue/bwv_848/MiyashitaM01M.mid,61.942708333333336,43,0
Bach/Fugue/bwv_848/MiyashitaM01M.mid,62.46145833333333,44,0
Bach/Fugue/bwv_848/MiyashitaM01M.mid,63.401041666666664,45,0
Bach/Fugue/bwv_848/MiyashitaM01M.mid,64.084375,44,0
Bach/Fugue/bwv_848/MiyashitaM01M.mid,64.72083333333333,45,0
Bach/Fugue/bwv_848/MiyashitaM01M.mid,65.46041666666666,44,0
Bach/Fugue/bwv_848/MiyashitaM01M.mid,65.921875,45,0
Bach/Fugue/bwv_848/MiyashitaM01M.mid,66.34166666666667,44,0
Bach/Fugue/bwv_848/MiyashitaM01M.mid,68.825,45,0
Bach/Fugue/bwv_848/MiyashitaM01M.mid,69.63958333333333,44,0
Bach/Fugue/bwv_848/MiyashitaM01M.mid,70.46145833333333,45,0
Bach/Fugue/bwv_848/MiyashitaM01M.mid,72.16041666666666,44,0
Bach/Fugue/bwv_848/MiyashitaM01M.mid,72.24166666666666,43,0
Bach/Fugue/bwv_848/MiyashitaM01M.mid,72.525,44,0
Bach/Fugue/bwv_848/MiyashitaM01M.mid,74.040625,43,0
Bach/Fugue/bwv_848/MiyashitaM01M.mid,75.75833333333333,44,0
Bach/Fugue/bwv_848/MiyashitaM01M.mid,78.18020833333333,45,0
Bach/Fugue/bwv_848/MiyashitaM01M.mid,78.95833333333333,44,0
Bach/Fugue/bwv_848/MiyashitaM01M.mid,79.21666666666667,45,0
Bach/Fugue/bwv_848/MiyashitaM01M.mid,80.45833333333333,46,0
Bach/Fugue/bwv_848/MiyashitaM01M.mid,81.48229166666667,45,0
Bach/Fugue/bwv_848/MiyashitaM01M.mid,82.12083333333334,44,0
Bach/Fugue/bwv_848/MiyashitaM01M.mid,82.4625,45,0
Bach/Fugue/bwv_848/MiyashitaM01M.mid,83.48229166666667,44,0
Bach/Fugue/bwv_848/MiyashitaM01M.mid,86.48125,43,0
Bach/Fugue/bwv_848/MiyashitaM01M.mid,87.12083333333334,44,0
Bach/Fugue/bwv_848/MiyashitaM01M.mid,89.40104166666667,45,0
Bach/Fugue/bwv_848/MiyashitaM01M.mid,89.621875,46,0
Bach/Fugue/bwv_848/MiyashitaM01M.mid,90.01875,45,0
Bach/Fugue/bwv_848/MiyashitaM01M.mid,90.20416666666667,46,0
Bach/Fugue/bwv_848/MiyashitaM01M.mid,90.64270833333333,47,0
Bach/Fugue/bwv_848/MiyashitaM01M.mid,90.68229166666667,48,0
Bach/Fugue/bwv_848/MiyashitaM01M.mid,90.70104166666667,50,0
Bach/Fugue/bwv_848/MiyashitaM01M.mid,90.72291666666666,59,0
Bach/Fugue/bwv_848/MiyashitaM01M.mid,90.740625,65,0
Bach/Fugue/bwv_848/MiyashitaM01M.mid,90.76458333333333,72,0
Bach/Fugue/bwv_848/MiyashitaM01M.mid,90.78020833333333,85,0
Bach/Fugue/bwv_848/MiyashitaM01M.mid,90.8,102,0
Bach/Fugue/bwv_848/MiyashitaM01M.mid,90.82083333333333,127,0
Bach/Fugue/bwv_848/MiyashitaM01M.mid,90.98333333333333,122,0
Bach/Fugue/bwv_848/MiyashitaM01M.mid,91.003125,99,0
Bach/Fugue/bwv_848/MiyashitaM01M.mid,91.02291666666666,76,0
Bach/Fugue/bwv_848/MiyashitaM01M.mid,91.04270833333334,62,0
Bach/Fugue/bwv_848/MiyashitaM01M.mid,91.06041666666667,48,0
Bach/Fugue/bwv_848/MiyashitaM01M.mid,91.08125,35,0
Bach/Fugue/bwv_848/MiyashitaM01M.mid,91.10208333333333,32,0
Bach/Fugue/bwv_848/MiyashitaM01M.mid,91.140625,34,0
Bach/Fugue/bwv_848/MiyashitaM01M.mid,91.31979166666666,35,0
Bach/Fugue/bwv_848/MiyashitaM01M.mid,91.48125,36,0
Bach/Fugue/bwv_848/MiyashitaM01M.mid,91.54375,37,0
Bach/Fugue/bwv_848/MiyashitaM01M.mid,92.88125,36,0
Bach/Fugue/bwv_848/MiyashitaM01M.mid,92.921875,35,0
Bach/Fugue/bwv_848/MiyashitaM01M.mid,93.58020833333333,36,0
Bach/Fugue/bwv_848/MiyashitaM01M.mid,95.38020833333333,37,0
Bach/Fugue/bwv_848/MiyashitaM01M.mid,101.0,38,0
Bach/Fugue/bwv_848/MiyashitaM01M.mid,102.75833333333333,37,0
Bach/Fugue/bwv_848/MiyashitaM01M.mid,104.63645833333334,38,0
Bach/Fugue/bwv_848/MiyashitaM01M.mid,104.89791666666666,37,0
Bach/Fugue/bwv_848/MiyashitaM01M.mid,106.69583333333333,36,0
Bach/Fugue/bwv_848/MiyashitaM01M.mid,108.89791666666666,37,0
Bach/Fugue/bwv_848/MiyashitaM01M.mid,109.69687499999999,38,0
Bach/Fugue/bwv_848/MiyashitaM01M.mid,112.08020833333333,39,0
Bach/Fugue/bwv_848/MiyashitaM01M.mid,112.44166666666666,40,0
Bach/Fugue/bwv_848/MiyashitaM01M.mid,113.021875,39,0
Bach/Fugue/bwv_848/MiyashitaM01M.mid,113.83958333333334,40,0
Bach/Fugue/bwv_848/MiyashitaM01M.mid,113.99895833333333,41,0
Bach/Fugue/bwv_848/MiyashitaM01M.mid,114.06041666666667,42,0
Bach/Fugue/bwv_848/MiyashitaM01M.mid,114.11979166666667,43,0
Bach/Fugue/bwv_848/MiyashitaM01M.mid,114.22083333333333,44,0
Bach/Fugue/bwv_848/MiyashitaM01M.mid,114.32083333333333,45,0
Bach/Fugue/bwv_848/MiyashitaM01M.mid,114.5,44,0
Bach/Fugue/bwv_848/MiyashitaM01M.mid,114.8625,43,0
Bach/Fugue/bwv_848/MiyashitaM01M.mid,114.89791666666666,42,0
Bach/Fugue/bwv_848/MiyashitaM01M.mid,115.27916666666667,41,0
Bach/Fugue/bwv_848/MiyashitaM01M.mid,115.71875,42,0
Bach/Fugue/bwv_848/MiyashitaM01M.mid,116.26041666666667,43,0
Bach/Fugue/bwv_848/MiyashitaM01M.mid,116.96041666666666,44,0
Bach/Fugue/bwv_848/MiyashitaM01M.mid,117.44166666666666,45,0
Bach/Fugue/bwv_848/MiyashitaM01M.mid,118.26145833333334,44,0
Bach/Fugue/bwv_848/MiyashitaM01M.mid,119.89895833333333,45,0
Bach/Fugue/bwv_848/MiyashitaM01M.mid,121.47812499999999,44,0
Bach/Fugue/bwv_848/MiyashitaM01M.mid,122.159375,45,0
Bach/Fugue/bwv_848/MiyashitaM01M.mid,122.80208333333333,46,0
Bach/Fugue/bwv_848/MiyashitaM01M.mid,123.19895833333334,45,0
Bach/Fugue/bwv_848/MiyashitaM01M.mid,123.61770833333333,46,0
Bach/Fugue/bwv_848/MiyashitaM01M.mid,123.81770833333333,45,0
Bach/Fugue/bwv_848/MiyashitaM01M.mid,127.15729166666667,44,0
Bach/Fugue/bwv_848/MiyashitaM01M.mid,128.01875,45,0
Bach/Fugue/bwv_848/MiyashitaM01M.mid,128.4375,46,0
Bach/Fugue/bwv_848/MiyashitaM01M.mid,128.67604166666666,45,0
Bach/Fugue/bwv_848/MiyashitaM01M.mid,129.375,46,0
Bach/Fugue/bwv_848/MiyashitaM01M.mid,129.53854166666667,47,0
Bach/Fugue/bwv_848/MiyashitaM01M.mid,129.67604166666666,48,0
Bach/Fugue/bwv_848/MiyashitaM01M.mid,129.73645833333333,49,0
Bach/Fugue/bwv_848/MiyashitaM01M.mid,130.215625,50,0
Bach/Fugue/bwv_848/MiyashitaM01M.mid,130.296875,51,0
Bach/Fugue/bwv_848/MiyashitaM01M.mid,130.6375,52,0
Bach/Fugue/bwv_848/MiyashitaM01M.mid,130.70104166666667,53,0
Bach/Fugue/bwv_848/MiyashitaM01M.mid,130.71666666666667,54,0
Bach/Fugue/bwv_848/MiyashitaM01M.mid,130.73541666666665,55,0
Bach/Fugue/bwv_848/MiyashitaM01M.mid,130.75416666666666,56,0
Bach/Fugue/bwv_848/MiyashitaM01M.mid,130.775,58,0
Bach/Fugue/bwv_848/MiyashitaM01M.mid,130.796875,63,0
Bach/Fugue/bwv_848/MiyashitaM01M.mid,130.81458333333333,67,0
Bach/Fugue/bwv_848/MiyashitaM01M.mid,130.83541666666667,72,0
Bach/Fugue/bwv_848/MiyashitaM01M.mid,130.85729166666667,85,0
Bach/Fugue/bwv_848/MiyashitaM01M.mid,130.878125,127,0
Bach/Fugue/bwv_848/MiyashitaM01M.mid,131.29583333333332,115,0
Bach/Fugue/bwv_848/MiyashitaM01M.mid,131.31666666666666,81,0
Bach/Fugue/bwv_848/MiyashitaM01M.mid,131.33645833333333,64,0
Bach/Fugue/bwv_848/MiyashitaM01M.mid,131.35729166666667,51,0
Bach/Fugue/bwv_848/MiyashitaM01M.mid,131.37604166666665,39,0
Bach/Fugue/bwv_848/MiyashitaM01M.mid,131.39895833333333,36,0
Bach/Fugue/bwv_848/MiyashitaM01M.mid,131.45625,37,0
Bach/Fugue/bwv_848/MiyashitaM01M.mid,131.49791666666667,38,0
Bach/Fugue/bwv_848/MiyashitaM01M.mid,131.615625,39,0
Bach/Fugue/bwv_848/MiyashitaM01M.mid,131.67708333333334,40,0
Bach/Fugue/bwv_848/MiyashitaM01M.mid,131.79791666666665,41,0
Bach/Fugue/bwv_848/MiyashitaM01M.mid,132.03541666666666,42,0
Bach/Fugue/bwv_848/MiyashitaM01M.mid,132.35729166666667,43,0
Bach/Fugue/bwv_848/MiyashitaM01M.mid,132.41666666666666,44,0
Bach/Fugue/bwv_848/MiyashitaM01M.mid,132.4375,46,0
Bach/Fugue/bwv_848/MiyashitaM01M.mid,132.45520833333333,55,0
Bach/Fugue/bwv_848/MiyashitaM01M.mid,132.47604166666667,65,0
Bach/Fugue/bwv_848/MiyashitaM01M.mid,132.49479166666666,75,0
Bach/Fugue/bwv_848/MiyashitaM01M.mid,132.51770833333333,110,0
Bach/Fugue/bwv_848/MiyashitaM01M.mid,132.53541666666666,127,0
Bach/Fugue/bwv_848/MiyashitaM01M.mid,132.93958333333333,106,0
Bach/Fugue/bwv_848/MiyashitaM01M.mid,132.96041666666667,72,0
Bach/Fugue/bwv_848/MiyashitaM01M.mid,132.978125,56,0
Bach/Fugue/bwv_848/MiyashitaM01M.mid,132.99895833333332,34,0
Bach/Fugue/bwv_848/MiyashitaM01M.mid,133.01979166666666,20,0
Bach/Fugue/bwv_848/MiyashitaM01M.mid,133.03854166666667,27,0
Bach/Fugue/bwv_848/MiyashitaM01M.mid,133.06145833333332,36,0
Bach/Fugue/bwv_848/MiyashitaM01M.mid,133.08125,49,0
Bach/Fugue/bwv_848/MiyashitaM01M.mid,133.09791666666666,60,0
Bach/Fugue/bwv_848/MiyashitaM01M.mid,133.11875,65,0
Bach/Fugue/bwv_848/MiyashitaM01M.mid,133.13854166666667,69,0
Bach/Fugue/bwv_848/MiyashitaM01M.mid,133.159375,80,0
Bach/Fugue/bwv_848/MiyashitaM01M.mid,133.18020833333333,92,0
Bach/Fugue/bwv_848/MiyashitaM01M.mid,133.2,100,0
Bach/Fugue/bwv_848/MiyashitaM01M.mid,133.21979166666665,105,0
Bach/Fugue/bwv_848/MiyashitaM01M.mid,133.23854166666666,115,0
Bach/Fugue/bwv_848/MiyashitaM01M.mid,133.259375,127,0
Bach/Fugue/bwv_848/MiyashitaM01M.mid,133.44375,95,0
Bach/Fugue/bwv_848/MiyashitaM01M.mid,133.45729166666666,71,0
Bach/Fugue/bwv_848/MiyashitaM01M.mid,133.47916666666666,58,0
Bach/Fugue/bwv_848/MiyashitaM01M.mid,133.50104166666665,38,0
Bach/Fugue/bwv_848/MiyashitaM01M.mid,133.51875,23,0
Bach/Fugue/bwv_848/MiyashitaM01M.mid,133.53958333333333,27,0
Bach/Fugue/bwv_848/MiyashitaM01M.mid,133.55833333333334,32,0
Bach/Fugue/bwv_848/MiyashitaM01M.mid,133.578125,40,0
Bach/Fugue/bwv_848/MiyashitaM01M.mid,133.59895833333334,56,0
Bach/Fugue/bwv_848/MiyashitaM01M.mid,133.61770833333333,64,0
Bach/Fugue/bwv_848/MiyashitaM01M.mid,133.64270833333333,67,0
Bach/Fugue/bwv_848/MiyashitaM01M.mid,133.659375,71,0
Bach/Fugue/bwv_848/MiyashitaM01M.mid,133.67708333333334,80,0
Bach/Fugue/bwv_848/MiyashitaM01M.mid,133.7,99,0
Bach/Fugue/bwv_848/MiyashitaM01M.mid,133.71979166666665,127,0
Bach/Fugue/bwv_848/MiyashitaM01M.mid,134.25833333333333,82,0
Bach/Fugue/bwv_848/MiyashitaM01M.mid,134.28125,64,0
Bach/Fugue/bwv_848/MiyashitaM01M.mid,134.29791666666665,48,0
Bach/Fugue/bwv_848/MiyashitaM01M.mid,134.31875,28,0
Bach/Fugue/bwv_848/MiyashitaM01M.mid,134.340625,25,0
Bach/Fugue/bwv_848/MiyashitaM01M.mid,134.35833333333332,27,0
Bach/Fugue/bwv_848/MiyashitaM01M.mid,134.38333333333333,30,0
Bach/Fugue/bwv_848/MiyashitaM01M.mid,134.40104166666666,33,0
Bach/Fugue/bwv_848/MiyashitaM01M.mid,134.41979166666667,36,0
Bach/Fugue/bwv_848/MiyashitaM01M.mid,134.43854166666665,38,0
Bach/Fugue/bwv_848/MiyashitaM01M.mid,134.46145833333333,45,0
Bach/Fugue/bwv_848/MiyashitaM01M.mid,134.47708333333333,53,0
Bach/Fugue/bwv_848/MiyashitaM01M.mid,134.49895833333332,59,0
Bach/Fugue/bwv_848/MiyashitaM01M.mid,134.51979166666666,61,0
Bach/Fugue/bwv_848/MiyashitaM01M.mid,134.53854166666667,62,0
Bach/Fugue/bwv_848/MiyashitaM01M.mid,134.56041666666667,64,0
Bach/Fugue/bwv_848/MiyashitaM01M.mid,134.58229166666666,66,0
Bach/Fugue/bwv_848/MiyashitaM01M.mid,134.6,69,0
Bach/Fugue/bwv_848/MiyashitaM01M.mid,134.62083333333334,74,0
Bach/Fugue/bwv_848/MiyashitaM01M.mid,134.640625,81,0
Bach/Fugue/bwv_848/MiyashitaM01M.mid,134.659375,90,0
Bach/Fugue/bwv_848/MiyashitaM01M.mid,134.67916666666667,99,0
Bach/Fugue/bwv_848/MiyashitaM01M.mid,134.7,115,0
Bach/Fugue/bwv_848/MiyashitaM01M.mid,134.71875,127,0
Bach/Fugue/bwv_848/MiyashitaM01M.mid,135.6,97,0
Bach/Fugue/bwv_848/MiyashitaM01M.mid,135.62083333333334,69,0
Bach/Fugue/bwv_848/MiyashitaM01M.mid,135.640625,53,0
Bach/Fugue/bwv_848/MiyashitaM01M.mid,135.66458333333333,27,0
Bach/Fugue/bwv_848/MiyashitaM01M.mid,135.678125,9,0
Bach/Fugue/bwv_848/MiyashitaM01M.mid,135.69895833333334,13,0
Bach/Fugue/bwv_848/MiyashitaM01M.mid,135.71875,19,0
Bach/Fugue/bwv_848/MiyashitaM01M.mid,135.73854166666666,24,0
Bach/Fugue/bwv_848/MiyashitaM01M.mid,135.75729166666667,26,0
Bach/Fugue/bwv_848/MiyashitaM01M.mid,135.79895833333333,27,0
Bach/Fugue/bwv_848/MiyashitaM01M.mid,135.83854166666666,30,0
Bach/Fugue/bwv_848/MiyashitaM01M.mid,135.859375,35,0
Bach/Fugue/bwv_848/MiyashitaM01M.mid,135.87916666666666,40,0
Bach/Fugue/bwv_848/MiyashitaM01M.mid,135.89895833333333,46,0
Bach/Fugue/bwv_848/MiyashitaM01M.mid,135.921875,50,0
Bach/Fugue/bwv_848/MiyashitaM01M.mid,135.940625,52,0
Bach/Fugue/bwv_848/MiyashitaM01M.mid,135.959375,53,0
Bach/Fugue/bwv_848/MiyashitaM01M.mid,135.97916666666666,54,0
Bach/Fugue/bwv_848/MiyashitaM01M.mid,135.99895833333332,55,0
Bach/Fugue/bwv_848/MiyashitaM01M.mid,136.01979166666666,56,0
Bach/Fugue/bwv_848/MiyashitaM01M.mid,136.0375,57,0
Bach/Fugue/bwv_848/MiyashitaM01M.mid,136.41979166666667,58,0
Bach/Fugue/bwv_848/MiyashitaM01M.mid,136.459375,59,0
Bach/Fugue/bwv_848/MiyashitaM01M.mid,136.8375,60,0
Bach/Fugue/bwv_848/MiyashitaM01M.mid,136.89479166666666,61,0
Bach/Fugue/bwv_848/MiyashitaM01M.mid,136.95520833333333,62,0
Bach/Fugue/bwv_848/MiyashitaM01M.mid,137.03854166666667,63,0
Bach/Fugue/bwv_848/MiyashitaM01M.mid,137.13645833333334,64,0
Bach/Fugue/bwv_848/MiyashitaM01M.mid,137.19583333333333,65,0
Bach/Fugue/bwv_848/MiyashitaM01M.mid,137.315625,66,0
Bach/Fugue/bwv_848/MiyashitaM01M.mid,137.35625,67,0
Bach/Fugue/bwv_848/MiyashitaM01M.mid,137.39583333333334,68,0
Bach/Fugue/bwv_848/MiyashitaM01M.mid,137.41770833333334,69,0
Bach/Fugue/bwv_848/MiyashitaM01M.mid,137.43645833333332,70,0
Bach/Fugue/bwv_848/MiyashitaM01M.mid,137.459375,72,0
Bach/Fugue/bwv_848/MiyashitaM01M.mid,137.47604166666667,75,0
Bach/Fugue/bwv_848/MiyashitaM01M.mid,137.496875,77,0
Bach/Fugue/bwv_848/MiyashitaM01M.mid,137.51666666666665,78,0
Bach/Fugue/bwv_848/MiyashitaM01M.mid,137.5375,79,0
Bach/Fugue/bwv_848/MiyashitaM01M.mid,137.55625,80,0
Bach/Fugue/bwv_848/MiyashitaM01M.mid,137.57395833333334,81,0
Bach/Fugue/bwv_848/MiyashitaM01M.mid,137.59479166666665,82,0
Bach/Fugue/bwv_848/MiyashitaM01M.mid,137.61875,83,0
Bach/Fugue/bwv_848/MiyashitaM01M.mid,137.65416666666667,84,0
Bach/Fugue/bwv_848/MiyashitaM01M.mid,137.69583333333333,86,0
Bach/Fugue/bwv_848/MiyashitaM01M.mid,137.715625,88,0
Bach/Fugue/bwv_848/MiyashitaM01M.mid,137.73645833333333,90,0
Bach/Fugue/bwv_848/MiyashitaM01M.mid,137.75625,92,0
Bach/Fugue/bwv_848/MiyashitaM01M.mid,137.775,93,0
Bach/Fugue/bwv_848/MiyashitaM01M.mid,137.79583333333332,94,0
Bach/Fugue/bwv_848/MiyashitaM01M.mid,137.81666666666666,95,0
Bach/Fugue/bwv_848/MiyashitaM01M.mid,138.05520833333333,96,0
Bach/Fugue/bwv_848/MiyashitaM01M.mid,138.15520833333332,97,0
Bach/Fugue/bwv_848/MiyashitaM01M.mid,138.196875,98,0
Bach/Fugue/bwv_848/MiyashitaM01M.mid,138.21666666666667,99,0
Bach/Fugue/bwv_848/MiyashitaM01M.mid,138.27708333333334,100,0
Bach/Fugue/bwv_848/MiyashitaM01M.mid,138.35520833333334,101,0
Bach/Fugue/bwv_848/MiyashitaM01M.mid,138.621875,100,0
Bach/Fugue/bwv_848/MiyashitaM01M.mid,138.63854166666667,99,0
Bach/Fugue/bwv_848/MiyashitaM01M.mid,138.65625,97,0
Bach/Fugue/bwv_848/MiyashitaM01M.mid,138.675,95,0
Bach/Fugue/bwv_848/MiyashitaM01M.mid,138.696875,93,0
Bach/Fugue/bwv_848/MiyashitaM01M.mid,138.71666666666667,88,0
Bach/Fugue/bwv_848/MiyashitaM01M.mid,138.73958333333334,78,0
Bach/Fugue/bwv_848/MiyashitaM01M.mid,138.75625,66,0
Bach/Fugue/bwv_848/MiyashitaM01M.mid,138.775,60,0
Bach/Fugue/bwv_848/MiyashitaM01M.mid,138.79791666666665,56,0
Bach/Fugue/bwv_848/MiyashitaM01M.mid,138.81666666666666,53,0
Bach/Fugue/bwv_848/MiyashitaM01M.mid,138.834375,48,0
Bach/Fugue/bwv_848/MiyashitaM01M.mid,138.85625,38,0
Bach/Fugue/bwv_848/MiyashitaM01M.mid,138.87604166666665,27,0
Bach/Fugue/bwv_848/MiyashitaM01M.mid,138.89479166666666,13,0
Bach/Fugue/bwv_848/MiyashitaM01M.mid,138.91458333333333,0,0
Bach/Fugue/bwv_848/Lou01M.mid,0.49609375,40,0
Bach/Fugue/bwv_848/Lou01M.mid,0.5364583333333333,39,0
Bach/Fugue/bwv_848/Lou01M.mid,0.5546875,39,0
Bach/Fugue/bwv_848/Lou01M.mid,0.5950520833333333,38,0
Bach/Fugue/bwv_848/Lou01M.mid,0.6145833333333333,38,0
Bach/Fugue/bwv_848/Lou01M.mid,0.6354166666666666,37,0
Bach/Fugue/bwv_848/Lou01M.mid,0.6549479166666666,36,0
Bach/Fugue/bwv_848/Lou01M.mid,0.6744791666666666,34,0
Bach/Fugue/bwv_848/Lou01M.mid,0.6953125,32,0
Bach/Fugue/bwv_848/Lou01M.mid,0.7135416666666666,29,0
Bach/Fugue/bwv_848/Lou01M.mid,0.734375,26,0
Bach/Fugue/bwv_848/Lou01M.mid,0.75390625,22,0
Bach/Fugue/bwv_848/Lou01M.mid,0.7734375,17,0
Bach/Fugue/bwv_848/Lou01M.mid,0.7942708333333333,0,0
Bach/Fugue/bwv_848/Lou01M.mid,4.305989583333333,23,0
Bach/Fugue/bwv_848/Lou01M.mid,4.326822916666666,47,0
Bach/Fugue/bwv_848/Lou01M.mid,4.356770833333333,58,0
Bach/Fugue/bwv_848/Lou01M.mid,4.377604166666666,64,0
Bach/Fugue/bwv_848/Lou01M.mid,4.395833333333333,74,0
Bach/Fugue/bwv_848/Lou01M.mid,4.415364583333333,96,0
Bach/Fugue/bwv_848/Lou01M.mid,4.436197916666666,127,0
Bach/Fugue/bwv_848/Lou01M.mid,4.694010416666666,111,0
Bach/Fugue/bwv_848/Lou01M.mid,4.713541666666666,94,0
Bach/Fugue/bwv_848/Lou01M.mid,4.733072916666666,83,0
Bach/Fugue/bwv_848/Lou01M.mid,4.752604166666666,73,0
Bach/Fugue/bwv_848/Lou01M.mid,4.772135416666666,65,0
Bach/Fugue/bwv_848/Lou01M.mid,4.791666666666666,53,0
Bach/Fugue/bwv_848/Lou01M.mid,4.8125,25,0
Bach/Fugue/bwv_848/Lou01M.mid,4.83203125,0,0
Bach/Fugue/bwv_848/Lou01M.mid,9.416666666666666,9,0
Bach/Fugue/bwv_848/Lou01M.mid,14.20703125,11,0
Bach/Fugue/bwv_848/Lou01M.mid,14.227864583333332,12,0
Bach/Fugue/bwv_848/Lou01M.mid,14.326822916666666,13,0
Bach/Fugue/bwv_848/Lou01M.mid,15.08984375,12,0
Bach/Fugue/bwv_848/Lou01M.mid,15.12890625,11,0
Bach/Fugue/bwv_848/Lou01M.mid,15.188802083333332,9,0
Bach/Fugue/bwv_848/Lou01M.mid,15.395833333333332,0,0
Bach/Fugue/bwv_848/Lou01M.mid,16.61328125,9,0
Bach/Fugue/bwv_848/Lou01M.mid,16.8125,11,0
Bach/Fugue/bwv_848/Lou01M.mid,17.5546875,9,0
Bach/Fugue/bwv_848/Lou01M.mid,17.673177083333332,0,0
Bach/Fugue/bwv_848/Lou01M.mid,21.809895833333332,9,0
Bach/Fugue/bwv_848/Lou01M.mid,21.94921875,11,0
Bach/Fugue/bwv_848/Lou01M.mid,21.989583333333332,12,0
Bach/Fugue/bwv_848/Lou01M.mid,22.0078125,13,0
Bach/Fugue/bwv_848/Lou01M.mid,22.048177083333332,15,0
Bach/Fugue/bwv_848/Lou01M.mid,22.108072916666664,16,0
Bach/Fugue/bwv_848/Lou01M.mid,22.1484375,17,0
Bach/Fugue/bwv_848/Lou01M.mid,22.266927083333332,17,0
Bach/Fugue/bwv_848/Lou01M.mid,22.4140625,18,0
Bach/Fugue/bwv_848/Lou01M.mid,22.830729166666664,19,0
Bach/Fugue/bwv_848/Lou01M.mid,23.513020833333332,20,0
Bach/Fugue/bwv_848/Lou01M.mid,23.572916666666664,21,0
Bach/Fugue/bwv_848/Lou01M.mid,24.59375,18,0
Bach/Fugue/bwv_848/Lou01M.mid,24.611979166666664,16,0
Bach/Fugue/bwv_848/Lou01M.mid,24.631510416666664,13,0
Bach/Fugue/bwv_848/Lou01M.mid,24.65234375,0,0
Bach/Fugue/bwv_848/Lou01M.mid,25.733072916666664,32,0
Bach/Fugue/bwv_848/Lou01M.mid,25.752604166666664,49,0
Bach/Fugue/bwv_848/Lou01M.mid,25.772135416666664,61,0
Bach/Fugue/bwv_848/Lou01M.mid,25.79296875,65,0
Bach/Fugue/bwv_848/Lou01M.mid,25.811197916666664,67,0
Bach/Fugue/bwv_848/Lou01M.mid,25.830729166666664,69,0
Bach/Fugue/bwv_848/Lou01M.mid,25.8515625,70,0
Bach/Fugue/bwv_848/Lou01M.mid,25.91015625,70,0
Bach/Fugue/bwv_848/Lou01M.mid,25.9296875,69,0
Bach/Fugue/bwv_848/Lou01M.mid,25.950520833333332,69,0
Bach/Fugue/bwv_848/Lou01M.mid,25.970052083333332,68,0
Bach/Fugue/bwv_848/Lou01M.mid,25.98828125,67,0
Bach/Fugue/bwv_848/Lou01M.mid,26.009114583333332,65,0
Bach/Fugue/bwv_848/Lou01M.mid,26.028645833333332,64,0
Bach/Fugue/bwv_848/Lou01M.mid,26.049479166666664,62,0
Bach/Fugue/bwv_848/Lou01M.mid,26.069010416666664,59,0
Bach/Fugue/bwv_848/Lou01M.mid,26.088541666666664,54,0
Bach/Fugue/bwv_848/Lou01M.mid,26.109375,44,0
Bach/Fugue/bwv_848/Lou01M.mid,26.12890625,24,0
Bach/Fugue/bwv_848/Lou01M.mid,26.1484375,0,0
Bach/Fugue/bwv_848/Lou01M.mid,26.286458333333332,28,0
Bach/Fugue/bwv_848/Lou01M.mid,26.307291666666664,49,0
Bach/Fugue/bwv_848/Lou01M.mid,26.326822916666664,57,0
Bach/Fugue/bwv_848/Lou01M.mid,26.358072916666664,64,0
Bach/Fugue/bwv_848/Lou01M.mid,26.376302083333332,70,0
Bach/Fugue/bwv_848/Lou01M.mid,26.395833333333332,78,0
Bach/Fugue/bwv_848/Lou01M.mid,26.416666666666664,87,0
Bach/Fugue/bwv_848/Lou01M.mid,26.436197916666664,89,0
Bach/Fugue/bwv_848/Lou01M.mid,26.455729166666664,88,0
Bach/Fugue/bwv_848/Lou01M.mid,26.475260416666664,87,0
Bach/Fugue/bwv_848/Lou01M.mid,26.494791666666664,84,0
Bach/Fugue/bwv_848/Lou01M.mid,26.515625,81,0
Bach/Fugue/bwv_848/Lou01M.mid,26.53515625,76,0
Bach/Fugue/bwv_848/Lou01M.mid,26.553385416666664,72,0
Bach/Fugue/bwv_848/Lou01M.mid,26.57421875,68,0
Bach/Fugue/bwv_848/Lou01M.mid,26.59375,65,0
Bach/Fugue/bwv_848/Lou01M.mid,26.61328125,61,0
Bach/Fugue/bwv_848/Lou01M.mid,26.634114583333332,55,0
Bach/Fugue/bwv_848/Lou01M.mid,26.65234375,45,0
Bach/Fugue/bwv_848/Lou01M.mid,26.673177083333332,33,0
Bach/Fugue/bwv_848/Lou01M.mid,26.692708333333332,13,0
Bach/Fugue/bwv_848/Lou01M.mid,26.712239583333332,0,0
Bach/Fugue/bwv_848/Lou01M.mid,26.91015625,30,0
Bach/Fugue/bwv_848/Lou01M.mid,26.9296875,49,0
Bach/Fugue/bwv_848/Lou01M.mid,26.94921875,58,0
Bach/Fugue/bwv_848/Lou01M.mid,26.96875,63,0
Bach/Fugue/bwv_848/Lou01M.mid,26.989583333333332,69,0
Bach/Fugue/bwv_848/Lou01M.mid,27.0078125,77,0
Bach/Fugue/bwv_848/Lou01M.mid,27.02734375,86,0
Bach/Fugue/bwv_848/Lou01M.mid,27.048177083333332,89,0
Bach/Fugue/bwv_848/Lou01M.mid,27.088541666666664,88,0
Bach/Fugue/bwv_848/Lou01M.mid,27.108072916666664,86,0
Bach/Fugue/bwv_848/Lou01M.mid,27.127604166666664,84,0
Bach/Fugue/bwv_848/Lou01M.mid,27.1484375,83,0
Bach/Fugue/bwv_848/Lou01M.mid,27.16796875,81,0
Bach/Fugue/bwv_848/Lou01M.mid,27.186197916666664,79,0
Bach/Fugue/bwv_848/Lou01M.mid,27.20703125,77,0
Bach/Fugue/bwv_848/Lou01M.mid,27.2265625,73,0
Bach/Fugue/bwv_848/Lou01M.mid,27.24609375,69,0
Bach/Fugue/bwv_848/Lou01M.mid,27.265625,66,0
Bach/Fugue/bwv_848/Lou01M.mid,27.28515625,64,0
Bach/Fugue/bwv_848/Lou01M.mid,27.305989583333332,62,0
Bach/Fugue/bwv_848/Lou01M.mid,27.325520833333332,59,0
Bach/Fugue/bwv_848/Lou01M.mid,27.35546875,55,0
Bach/Fugue/bwv_848/Lou01M.mid,27.375,50,0
Bach/Fugue/bwv_848/Lou01M.mid,27.39453125,43,0
Bach/Fugue/bwv_848/Lou01M.mid,27.415364583333332,33,0
Bach/Fugue/bwv_848/Lou01M.mid,27.434895833333332,19,0
Bach/Fugue/bwv_848/Lou01M.mid,27.455729166666664,0,0
Bach/Fugue/bwv_848/Lou01M.mid,54.373697916666664,43,0
Bach/Fugue/bwv_848/Lou01M.mid,54.393229166666664,59,0
Bach/Fugue/bwv_848/Lou01M.mid,54.412760416666664,65,0
Bach/Fugue/bwv_848/Lou01M.mid,54.43359375,72,0
Bach/Fugue/bwv_848/Lou01M.mid,54.453125,85,0
Bach/Fugue/bwv_848/Lou01M.mid,54.471354166666664,107,0
Bach/Fugue/bwv_848/Lou01M.mid,54.4921875,127,0
Bach/Fugue/bwv_848/Lou01M.mid,54.55078125,118,0
Bach/Fugue/bwv_848/Lou01M.mid,54.5703125,95,0
Bach/Fugue/bwv_848/Lou01M.mid,54.59114583333333,81,0
Bach/Fugue/bwv_848/Lou01M.mid,54.61067708333333,70,0
Bach/Fugue/bwv_848/Lou01M.mid,54.63020833333333,62,0
Bach/Fugue/bwv_848/Lou01M.mid,54.64973958333333,52,0
Bach/Fugue/bwv_848/Lou01M.mid,54.66927083333333,42,0
Bach/Fugue/bwv_848/Lou01M.mid,54.68880208333333,36,0
Bach/Fugue/bwv_848/Lou01M.mid,54.70833333333333,32,0
Bach/Fugue/bwv_848/Lou01M.mid,54.72786458333333,31,0
Bach/Fugue/bwv_848/Lou01M.mid,54.748697916666664,30,0
Bach/Fugue/bwv_848/Lou01M.mid,54.84765625,31,0
Bach/Fugue/bwv_848/Lou01M.mid,54.8671875,31,0
Bach/Fugue/bwv_848/Lou01M.mid,54.88671875,32,0
Bach/Fugue/bwv_848/Lou01M.mid,54.90755208333333,32,0
Bach/Fugue/bwv_848/Lou01M.mid,55.026041666666664,33,0
Bach/Fugue/bwv_848/Lou01M.mid,55.16536458333333,33,0
Bach/Fugue/bwv_848/Lou01M.mid,55.39192708333333,34,0
Bach/Fugue/bwv_848/Lou01M.mid,55.4921875,34,0
Bach/Fugue/bwv_848/Lou01M.mid,56.47395833333333,35,0
Bach/Fugue/bwv_848/Lou01M.mid,57.608072916666664,35,0
Bach/Fugue/bwv_848/Lou01M.mid,61.22265625,35,0
Bach/Fugue/bwv_848/Lou01M.mid,61.2421875,35,0
Bach/Fugue/bwv_848/Lou01M.mid,61.28255208333333,35,0
Bach/Fugue/bwv_848/Lou01M.mid,61.32161458333333,35,0
Bach/Fugue/bwv_848/Lou01M.mid,62.73046875,35,0
Bach/Fugue/bwv_848/Lou01M.mid,62.77083333333333,34,0
Bach/Fugue/bwv_848/Lou01M.mid,66.82942708333333,35,0
Bach/Fugue/bwv_848/Lou01M.mid,67.15234375,35,0
Bach/Fugue/bwv_848/Lou01M.mid,67.44010416666666,36,0
Bach/Fugue/bwv_848/Lou01M.mid,67.51822916666666,36,0
Bach/Fugue/bwv_848/Lou01M.mid,68.15234375,37,0
Bach/Fugue/bwv_848/Lou01M.mid,68.5703125,36,0
Bach/Fugue/bwv_848/Lou01M.mid,68.74739583333333,36,0
Bach/Fugue/bwv_848/Lou01M.mid,68.78776041666666,35,0
Bach/Fugue/bwv_848/Lou01M.mid,68.84765625,35,0
Bach/Fugue/bwv_848/Lou01M.mid,68.86848958333333,34,0
Bach/Fugue/bwv_848/Lou01M.mid,70.22526041666666,35,0
Bach/Fugue/bwv_848/Lou01M.mid,70.3046875,35,0
Bach/Fugue/bwv_848/Lou01M.mid,70.47395833333333,36,0
Bach/Fugue/bwv_848/Lou01M.mid,70.55208333333333,36,0
Bach/Fugue/bwv_848/Lou01M.mid,70.61067708333333,37,0
Bach/Fugue/bwv_848/Lou01M.mid,70.65104166666666,37,0
Bach/Fugue/bwv_848/Lou01M.mid,70.80859375,38,0
Bach/Fugue/bwv_848/Lou01M.mid,71.10546875,37,0
Bach/Fugue/bwv_848/Lou01M.mid,71.47395833333333,37,0
Bach/Fugue/bwv_848/Lou01M.mid,71.55208333333333,36,0
Bach/Fugue/bwv_848/Lou01M.mid,71.66927083333333,36,0
Bach/Fugue/bwv_848/Lou01M.mid,71.69010416666666,35,0
Bach/Fugue/bwv_848/Lou01M.mid,71.79036458333333,35,0
Bach/Fugue/bwv_848/Lou01M.mid,71.82942708333333,34,0
Bach/Fugue/bwv_848/Lou01M.mid,71.92708333333333,34,0
Bach/Fugue/bwv_848/Lou01M.mid,71.96744791666666,33,0
Bach/Fugue/bwv_848/Lou01M.mid,72.046875,33,0
Bach/Fugue/bwv_848/Lou01M.mid,72.7890625,33,0
Bach/Fugue/bwv_848/Lou01M.mid,72.90755208333333,34,0
Bach/Fugue/bwv_848/Lou01M.mid,73.08723958333333,34,0
Bach/Fugue/bwv_848/Lou01M.mid,73.28645833333333,35,0
Bach/Fugue/bwv_848/Lou01M.mid,73.39453125,35,0
Bach/Fugue/bwv_848/Lou01M.mid,73.92838541666666,35,0
Bach/Fugue/bwv_848/Lou01M.mid,74.06770833333333,34,0
Bach/Fugue/bwv_848/Lou01M.mid,74.30338541666666,34,0
Bach/Fugue/bwv_848/Lou01M.mid,74.43359375,33,0
Bach/Fugue/bwv_848/Lou01M.mid,77.83072916666666,34,0
Bach/Fugue/bwv_848/Lou01M.mid,77.97005208333333,34,0
Bach/Fugue/bwv_848/Lou01M.mid,78.24609375,34,0
Bach/Fugue/bwv_848/Lou01M.mid,78.83072916666666,33,0
Bach/Fugue/bwv_848/Lou01M.mid,78.97005208333333,33,0
Bach/Fugue/bwv_848/Lou01M.mid,79.06901041666666,32,0
Bach/Fugue/bwv_848/Lou01M.mid,79.4140625,32,0
Bach/Fugue/bwv_848/Lou01M.mid,80.02864583333333,32,0
Bach/Fugue/bwv_848/Lou01M.mid,80.08723958333333,33,0
Bach/Fugue/bwv_848/Lou01M.mid,80.43489583333333,33,0
Bach/Fugue/bwv_848/Lou01M.mid,80.77213541666666,33,0
Bach/Fugue/bwv_848/Lou01M.mid,81.49348958333333,32,0
Bach/Fugue/bwv_848/Lou01M.mid,84.01041666666666,32,0
Bach/Fugue/bwv_848/Lou01M.mid,84.02994791666666,30,0
Bach/Fugue/bwv_848/Lou01M.mid,84.04817708333333,28,0
Bach/Fugue/bwv_848/Lou01M.mid,84.06901041666666,21,0
Bach/Fugue/bwv_848/Lou01M.mid,84.08854166666666,0,0
Bach/Fugue/bwv_848/Lou01M.mid,84.9453125,13,0
Bach/Fugue/bwv_848/Lou01M.mid,84.96614583333333,30,0
Bach/Fugue/bwv_848/Lou01M.mid,84.98567708333333,38,0
Bach/Fugue/bwv_848/Lou01M.mid,85.00651041666666,41,0
Bach/Fugue/bwv_848/Lou01M.mid,85.02604166666666,42,0
Bach/Fugue/bwv_848/Lou01M.mid,85.0859375,44,0
Bach/Fugue/bwv_848/Lou01M.mid,85.10546875,49,0
Bach/Fugue/bwv_848/Lou01M.mid,85.125,53,0
Bach/Fugue/bwv_848/Lou01M.mid,85.14453125,56,0
Bach/Fugue/bwv_848/Lou01M.mid,85.16536458333333,58,0
Bach/Fugue/bwv_848/Lou01M.mid,85.18489583333333,59,0
Bach/Fugue/bwv_848/Lou01M.mid,85.22395833333333,58,0
Bach/Fugue/bwv_848/Lou01M.mid,85.24348958333333,55,0
Bach/Fugue/bwv_848/Lou01M.mid,85.26302083333333,51,0
Bach/Fugue/bwv_848/Lou01M.mid,85.28385416666666,46,0
Bach/Fugue/bwv_848/Lou01M.mid,85.30338541666666,42,0
Bach/Fugue/bwv_848/Lou01M.mid,85.32291666666666,40,0
Bach/Fugue/bwv_848/Lou01M.mid,85.35286458333333,42,0
Bach/Fugue/bwv_848/Lou01M.mid,85.37239583333333,48,0
Bach/Fugue/bwv_848/Lou01M.mid,85.39192708333333,53,0
Bach/Fugue/bwv_848/Lou01M.mid,85.41145833333333,56,0
Bach/Fugue/bwv_848/Lou01M.mid,85.42838541666666,58,0
Bach/Fugue/bwv_848/Lou01M.mid,85.44921875,58,0
Bach/Fugue/bwv_848/Lou01M.mid,85.50911458333333,57,0
Bach/Fugue/bwv_848/Lou01M.mid,85.52864583333333,56,0
Bach/Fugue/bwv_848/Lou01M.mid,85.54947916666666,54,0
Bach/Fugue/bwv_848/Lou01M.mid,85.56901041666666,52,0
Bach/Fugue/bwv_848/Lou01M.mid,85.58854166666666,51,0
Bach/Fugue/bwv_848/Lou01M.mid,85.60807291666666,50,0
Bach/Fugue/bwv_848/Lou01M.mid,85.62760416666666,48,0
Bach/Fugue/bwv_848/Lou01M.mid,85.64713541666666,46,0
Bach/Fugue/bwv_848/Lou01M.mid,85.66666666666666,45,0
Bach/Fugue/bwv_848/Lou01M.mid,85.78515625,46,0
Bach/Fugue/bwv_848/Lou01M.mid,85.82552083333333,46,0
Bach/Fugue/bwv_848/Lou01M.mid,85.86458333333333,47,0
Bach/Fugue/bwv_848/Lou01M.mid,86.0625,47,0
Bach/Fugue/bwv_848/Lou01M.mid,86.26041666666666,48,0
Bach/Fugue/bwv_848/Lou01M.mid,86.28125,48,0
Bach/Fugue/bwv_848/Lou01M.mid,86.30078125,50,0
Bach/Fugue/bwv_848/Lou01M.mid,86.32161458333333,54,0
Bach/Fugue/bwv_848/Lou01M.mid,86.35026041666666,58,0
Bach/Fugue/bwv_848/Lou01M.mid,86.37109375,61,0
Bach/Fugue/bwv_848/Lou01M.mid,86.390625,63,0
Bach/Fugue/bwv_848/Lou01M.mid,86.41015625,65,0
Bach/Fugue/bwv_848/Lou01M.mid,86.4296875,67,0
Bach/Fugue/bwv_848/Lou01M.mid,86.44921875,69,0
Bach/Fugue/bwv_848/Lou01M.mid,86.46875,70,0
Bach/Fugue/bwv_848/Lou01M.mid,86.5078125,69,0
Bach/Fugue/bwv_848/Lou01M.mid,86.52864583333333,67,0
Bach/Fugue/bwv_848/Lou01M.mid,86.54817708333333,66,0
Bach/Fugue/bwv_848/Lou01M.mid,86.56770833333333,63,0
Bach/Fugue/bwv_848/Lou01M.mid,86.58854166666666,61,0
Bach/Fugue/bwv_848/Lou01M.mid,86.60807291666666,57,0
Bach/Fugue/bwv_848/Lou01M.mid,86.62630208333333,51,0
Bach/Fugue/bwv_848/Lou01M.mid,86.64713541666666,42,0
Bach/Fugue/bwv_848/Lou01M.mid,86.66666666666666,31,0
Bach/Fugue/bwv_848/Lou01M.mid,86.6875,22,0
Bach/Fugue/bwv_848/Lou01M.mid,86.70703125,17,0
Bach/Fugue/bwv_848/Lou01M.mid,86.7265625,15,0
Bach/Fugue/bwv_848/Lou01M.mid,86.88411458333333,16,0
Bach/Fugue/bwv_848/Lou01M.mid,86.90494791666666,17,0
Bach/Fugue/bwv_848/Lou01M.mid,86.92317708333333,19,0
Bach/Fugue/bwv_848/Lou01M.mid,86.94401041666666,20,0
Bach/Fugue/bwv_848/Lou01M.mid,86.96354166666666,21,0
Bach/Fugue/bwv_848/Lou01M.mid,86.98307291666666,21,0
Bach/Fugue/bwv_848/Lou01M.mid,87.02213541666666,22,0
Bach/Fugue/bwv_848/Lou01M.mid,87.0625,23,0
Bach/Fugue/bwv_848/Lou01M.mid,87.16276041666666,23,0
Bach/Fugue/bwv_848/Lou01M.mid,87.60677083333333,24,0
Bach/Fugue/bwv_848/Lou01M.mid,87.62760416666666,32,0
Bach/Fugue/bwv_848/Lou01M.mid,87.64713541666666,47,0
Bach/Fugue/bwv_848/Lou01M.mid,87.66666666666666,58,0
Bach/Fugue/bwv_848/Lou01M.mid,87.68619791666666,63,0
Bach/Fugue/bwv_848/Lou01M.mid,87.70572916666666,70,0
Bach/Fugue/bwv_848/Lou01M.mid,87.7265625,81,0
Bach/Fugue/bwv_848/Lou01M.mid,87.74609375,100,0
Bach/Fugue/bwv_848/Lou01M.mid,87.765625,127,0
Bach/Fugue/bwv_848/Lou01M.mid,87.82682291666666,119,0
Bach/Fugue/bwv_848/Lou01M.mid,87.84505208333333,110,0
Bach/Fugue/bwv_848/Lou01M.mid,87.86458333333333,109,0
Bach/Fugue/bwv_848/Lou01M.mid,87.90494791666666,107,0
Bach/Fugue/bwv_848/Lou01M.mid,87.92447916666666,103,0
Bach/Fugue/bwv_848/Lou01M.mid,87.94401041666666,95,0
Bach/Fugue/bwv_848/Lou01M.mid,87.96354166666666,85,0
Bach/Fugue/bwv_848/Lou01M.mid,87.984375,77,0
Bach/Fugue/bwv_848/Lou01M.mid,88.00390625,70,0
Bach/Fugue/bwv_848/Lou01M.mid,88.02213541666666,64,0
Bach/Fugue/bwv_848/Lou01M.mid,88.04296875,59,0
Bach/Fugue/bwv_848/Lou01M.mid,88.0625,51,0
Bach/Fugue/bwv_848/Lou01M.mid,88.08203125,43,0
Bach/Fugue/bwv_848/Lou01M.mid,88.10286458333333,40,0
Bach/Fugue/bwv_848/Lou01M.mid,88.12239583333333,37,0
Bach/Fugue/bwv_848/Lou01M.mid,88.14322916666666,35,0
Bach/Fugue/bwv_848/Lou01M.mid,88.16276041666666,34,0
Bach/Fugue/bwv_848/Lou01M.mid,88.18229166666666,33,0
Bach/Fugue/bwv_848/Lou01M.mid,88.20442708333333,32,0
Bach/Fugue/bwv_848/Lou01M.mid,88.390625,33,0
Bach/Fugue/bwv_848/Lou01M.mid,88.45182291666666,33,0
Bach/Fugue/bwv_848/Lou01M.mid,88.70572916666666,34,0
Bach/Fugue/bwv_848/Lou01M.mid,88.82552083333333,34,0
Bach/Fugue/bwv_848/Lou01M.mid,88.94401041666666,35,0
Bach/Fugue/bwv_848/Lou01M.mid,89.94270833333333,41,0
Bach/Fugue/bwv_848/Lou01M.mid,89.96354166666666,53,0
Bach/Fugue/bwv_848/Lou01M.mid,89.98307291666666,60,0
Bach/Fugue/bwv_848/Lou01M.mid,90.00260416666666,64,0
Bach/Fugue/bwv_848/Lou01M.mid,90.0234375,68,0
Bach/Fugue/bwv_848/Lou01M.mid,90.04166666666666,74,0
Bach/Fugue/bwv_848/Lou01M.mid,90.06119791666666,81,0
Bach/Fugue/bwv_848/Lou01M.mid,90.08203125,87,0
Bach/Fugue/bwv_848/Lou01M.mid,90.1015625,89,0
Bach/Fugue/bwv_848/Lou01M.mid,90.16015625,89,0
Bach/Fugue/bwv_848/Lou01M.mid,90.18098958333333,87,0
Bach/Fugue/bwv_848/Lou01M.mid,90.20052083333333,85,0
Bach/Fugue/bwv_848/Lou01M.mid,90.21875,80,0
Bach/Fugue/bwv_848/Lou01M.mid,90.23958333333333,74,0
Bach/Fugue/bwv_848/Lou01M.mid,90.25911458333333,68,0
Bach/Fugue/bwv_848/Lou01M.mid,90.27994791666666,63,0
Bach/Fugue/bwv_848/Lou01M.mid,90.29947916666666,58,0
Bach/Fugue/bwv_848/Lou01M.mid,90.31770833333333,52,0
Bach/Fugue/bwv_848/Lou01M.mid,90.35026041666666,48,0
Bach/Fugue/bwv_848/Lou01M.mid,90.36848958333333,46,0
Bach/Fugue/bwv_848/Lou01M.mid,90.38932291666666,45,0
Bach/Fugue/bwv_848/Lou01M.mid,90.6484375,45,0
Bach/Fugue/bwv_848/Lou01M.mid,90.78515625,44,0
Bach/Fugue/bwv_848/Lou01M.mid,90.96484375,44,0
Bach/Fugue/bwv_848/Lou01M.mid,91.98177083333333,43,0
Bach/Fugue/bwv_848/Lou01M.mid,92.140625,43,0
Bach/Fugue/bwv_848/Lou01M.mid,92.18098958333333,42,0
Bach/Fugue/bwv_848/Lou01M.mid,92.22135416666666,43,0
Bach/Fugue/bwv_848/Lou01M.mid,92.23958333333333,49,0
Bach/Fugue/bwv_848/Lou01M.mid,92.26041666666666,58,0
Bach/Fugue/bwv_848/Lou01M.mid,92.27994791666666,63,0
Bach/Fugue/bwv_848/Lou01M.mid,92.29947916666666,67,0
Bach/Fugue/bwv_848/Lou01M.mid,92.31901041666666,75,0
Bach/Fugue/bwv_848/Lou01M.mid,92.34765625,87,0
Bach/Fugue/bwv_848/Lou01M.mid,92.36848958333333,102,0
Bach/Fugue/bwv_848/Lou01M.mid,92.38802083333333,110,0
Bach/Fugue/bwv_848/Lou01M.mid,92.40755208333333,110,0
Bach/Fugue/bwv_848/Lou01M.mid,92.42838541666666,107,0
Bach/Fugue/bwv_848/Lou01M.mid,92.44791666666666,102,0
Bach/Fugue/bwv_848/Lou01M.mid,92.46744791666666,98,0
Bach/Fugue/bwv_848/Lou01M.mid,92.48697916666666,94,0
Bach/Fugue/bwv_848/Lou01M.mid,92.5078125,88,0
Bach/Fugue/bwv_848/Lou01M.mid,92.52864583333333,79,0
Bach/Fugue/bwv_848/Lou01M.mid,92.546875,68,0
Bach/Fugue/bwv_848/Lou01M.mid,92.56770833333333,58,0
Bach/Fugue/bwv_848/Lou01M.mid,92.58723958333333,46,0
Bach/Fugue/bwv_848/Lou01M.mid,92.60677083333333,38,0
Bach/Fugue/bwv_848/Lou01M.mid,92.64713541666666,41,0
Bach/Fugue/bwv_848/Lou01M.mid,92.66536458333333,48,0
Bach/Fugue/bwv_848/Lou01M.mid,92.68619791666666,55,0
Bach/Fugue/bwv_848/Lou01M.mid,92.70572916666666,58,0
Bach/Fugue/bwv_848/Lou01M.mid,92.7265625,61,0
Bach/Fugue/bwv_848/Lou01M.mid,92.74609375,64,0
Bach/Fugue/bwv_848/Lou01M.mid,92.765625,65,0
Bach/Fugue/bwv_848/Lou01M.mid,92.78645833333333,66,0
Bach/Fugue/bwv_848/Lou01M.mid,92.84505208333333,66,0
Bach/Fugue/bwv_848/Lou01M.mid,92.86458333333333,65,0
Bach/Fugue/bwv_848/Lou01M.mid,92.88411458333333,64,0
Bach/Fugue/bwv_848/Lou01M.mid,92.90364583333333,63,0
Bach/Fugue/bwv_848/Lou01M.mid,92.92317708333333,62,0
Bach/Fugue/bwv_848/Lou01M.mid,92.94401041666666,60,0
Bach/Fugue/bwv_848/Lou01M.mid,92.96354166666666,58,0
Bach/Fugue/bwv_848/Lou01M.mid,92.98307291666666,56,0
Bach/Fugue/bwv_848/Lou01M.mid,93.00260416666666,54,0
Bach/Fugue/bwv_848/Lou01M.mid,93.02213541666666,50,0
Bach/Fugue/bwv_848/Lou01M.mid,93.04296875,46,0
Bach/Fugue/bwv_848/Lou01M.mid,93.0625,42,0
Bach/Fugue/bwv_848/Lou01M.mid,93.08072916666666,39,0
Bach/Fugue/bwv_848/Lou01M.mid,93.1015625,38,0
Bach/Fugue/bwv_848/Lou01M.mid,93.12109375,37,0
Bach/Fugue/bwv_848/Lou01M.mid,93.140625,36,0
Bach/Fugue/bwv_848/Lou01M.mid,95.20052083333333,37,0
Bach/Fugue/bwv_848/Lou01M.mid,95.46744791666666,37,0
Bach/Fugue/bwv_848/Lou01M.mid,95.66666666666666,38,0
Bach/Fugue/bwv_848/Lou01M.mid,95.78645833333333,38,0
Bach/Fugue/bwv_848/Lou01M.mid,96.26041666666666,38,0
Bach/Fugue/bwv_848/Lou01M.mid,97.984375,42,0
Bach/Fugue/bwv_848/Lou01M.mid,98.00260416666666,49,0
Bach/Fugue/bwv_848/Lou01M.mid,98.02213541666666,57,0
Bach/Fugue/bwv_848/Lou01M.mid,98.04296875,63,0
Bach/Fugue/bwv_848/Lou01M.mid,98.0625,67,0
Bach/Fugue/bwv_848/Lou01M.mid,98.08203125,72,0
Bach/Fugue/bwv_848/Lou01M.mid,98.1015625,83,0
Bach/Fugue/bwv_848/Lou01M.mid,98.12109375,95,0
Bach/Fugue/bwv_848/Lou01M.mid,98.14192708333333,101,0
Bach/Fugue/bwv_848/Lou01M.mid,98.16145833333333,100,0
Bach/Fugue/bwv_848/Lou01M.mid,98.18098958333333,97,0
Bach/Fugue/bwv_848/Lou01M.mid,98.20182291666666,93,0
Bach/Fugue/bwv_848/Lou01M.mid,98.22005208333333,91,0
Bach/Fugue/bwv_848/Lou01M.mid,98.23958333333333,91,0
Bach/Fugue/bwv_848/Lou01M.mid,98.27994791666666,88,0
Bach/Fugue/bwv_848/Lou01M.mid,98.29947916666666,84,0
Bach/Fugue/bwv_848/Lou01M.mid,98.31901041666666,79,0
Bach/Fugue/bwv_848/Lou01M.mid,98.35026041666666,75,0
Bach/Fugue/bwv_848/Lou01M.mid,98.36979166666666,71,0
Bach/Fugue/bwv_848/Lou01M.mid,98.38802083333333,67,0
Bach/Fugue/bwv_848/Lou01M.mid,98.40885416666666,64,0
Bach/Fugue/bwv_848/Lou01M.mid,98.42838541666666,62,0
Bach/Fugue/bwv_848/Lou01M.mid,98.44791666666666,59,0
Bach/Fugue/bwv_848/Lou01M.mid,98.46875,56,0
Bach/Fugue/bwv_848/Lou01M.mid,98.48697916666666,52,0
Bach/Fugue/bwv_848/Lou01M.mid,98.5078125,47,0
Bach/Fugue/bwv_848/Lou01M.mid,98.52734375,43,0
Bach/Fugue/bwv_848/Lou01M.mid,98.54557291666666,39,0
Bach/Fugue/bwv_848/Lou01M.mid,98.56640625,38,0
Bach/Fugue/bwv_848/Lou01M.mid,98.5859375,38,0
Bach/Fugue/bwv_848/Lou01M.mid,98.60546875,37,0
Bach/Fugue/bwv_848/Lou01M.mid,98.84375,37,0
Bach/Fugue/bwv_848/Lou01M.mid,98.90494791666666,38,0
Bach/Fugue/bwv_848/Lou01M.mid,99.00390625,38,0
Bach/Fugue/bwv_848/Lou01M.mid,99.08333333333333,39,0
Bach/Fugue/bwv_848/Lou01M.mid,99.5859375,39,0
Bach/Fugue/bwv_848/Lou01M.mid,99.74479166666666,39,0
Bach/Fugue/bwv_848/Lou01M.mid,99.76432291666666,38,0
Bach/Fugue/bwv_848/Lou01M.mid,99.78385416666666,36,0
Bach/Fugue/bwv_848/Lou01M.mid,99.80338541666666,32,0
Bach/Fugue/bwv_848/Lou01M.mid,99.82421875,26,0
Bach/Fugue/bwv_848/Lou01M.mid,99.84375,13,0
Bach/Fugue/bwv_848/Lou01M.mid,99.86458333333333,0,0
Bach/Fugue/bwv_848/Lou01M.mid,119.0234375,9,0
Bach/Fugue/bwv_848/Lou01M.mid,119.04296875,33,0
Bach/Fugue/bwv_848/Lou01M.mid,119.0625,41,0
Bach/Fugue/bwv_848/Lou01M.mid,119.08333333333333,46,0
Bach/Fugue/bwv_848/Lou01M.mid,119.10286458333333,50,0
Bach/Fugue/bwv_848/Lou01M.mid,119.12369791666666,54,0
Bach/Fugue/bwv_848/Lou01M.mid,119.14322916666666,57,0
Bach/Fugue/bwv_848/Lou01M.mid,119.16276041666666,59,0
Bach/Fugue/bwv_848/Lou01M.mid,119.18229166666666,60,0
Bach/Fugue/bwv_848/Lou01M.mid,119.20182291666666,62,0
Bach/Fugue/bwv_848/Lou01M.mid,119.22135416666666,63,0
Bach/Fugue/bwv_848/Lou01M.mid,119.28255208333333,61,0
Bach/Fugue/bwv_848/Lou01M.mid,119.30208333333333,58,0
Bach/Fugue/bwv_848/Lou01M.mid,119.32161458333333,53,0
Bach/Fugue/bwv_848/Lou01M.mid,119.35026041666666,48,0
Bach/Fugue/bwv_848/Lou01M.mid,119.36979166666666,42,0
Bach/Fugue/bwv_848/Lou01M.mid,119.390625,35,0
Bach/Fugue/bwv_848/Lou01M.mid,119.41015625,29,0
Bach/Fugue/bwv_848/Lou01M.mid,119.4296875,28,0
Bach/Fugue/bwv_848/Lou01M.mid,119.48958333333333,27,0
Bach/Fugue/bwv_848/Lou01M.mid,119.50911458333333,25,0
Bach/Fugue/bwv_848/Lou01M.mid,119.52734375,24,0
Bach/Fugue/bwv_848/Lou01M.mid,119.56770833333333,30,0
Bach/Fugue/bwv_848/Lou01M.mid,119.58723958333333,42,0
Bach/Fugue/bwv_848/Lou01M.mid,119.60807291666666,51,0
Bach/Fugue/bwv_848/Lou01M.mid,119.62369791666666,55,0
Bach/Fugue/bwv_848/Lou01M.mid,119.64322916666666,59,0
Bach/Fugue/bwv_848/Lou01M.mid,119.6640625,61,0
Bach/Fugue/bwv_848/Lou01M.mid,119.68359375,63,0
Bach/Fugue/bwv_848/Lou01M.mid,119.70442708333333,63,0
Bach/Fugue/bwv_848/Lou01M.mid,119.72265625,64,0
Bach/Fugue/bwv_848/Lou01M.mid,119.7421875,65,0
Bach/Fugue/bwv_848/Lou01M.mid,119.78125,65,0
Bach/Fugue/bwv_848/Lou01M.mid,119.84114583333333,65,0
Bach/Fugue/bwv_848/Lou01M.mid,119.86197916666666,64,0
Bach/Fugue/bwv_848/Lou01M.mid,119.88020833333333,62,0
Bach/Fugue/bwv_848/Lou01M.mid,119.89973958333333,58,0
Bach/Fugue/bwv_848/Lou01M.mid,119.92057291666666,51,0
Bach/Fugue/bwv_848/Lou01M.mid,119.94010416666666,42,0
Bach/Fugue/bwv_848/Lou01M.mid,119.95963541666666,31,0
Bach/Fugue/bwv_848/Lou01M.mid,119.97916666666666,30,0
Bach/Fugue/bwv_848/Lou01M.mid,119.99869791666666,41,0
Bach/Fugue/bwv_848/Lou01M.mid,120.01953125,54,0
Bach/Fugue/bwv_848/Lou01M.mid,120.0390625,60,0
Bach/Fugue/bwv_848/Lou01M.mid,120.05859375,63,0
Bach/Fugue/bwv_848/Lou01M.mid,120.07942708333333,65,0
Bach/Fugue/bwv_848/Lou01M.mid,120.09895833333333,67,0
Bach/Fugue/bwv_848/Lou01M.mid,120.11979166666666,68,0
Bach/Fugue/bwv_848/Lou01M.mid,120.13802083333333,68,0
Bach/Fugue/bwv_848/Lou01M.mid,120.15755208333333,68,0
Bach/Fugue/bwv_848/Lou01M.mid,120.17838541666666,67,0
Bach/Fugue/bwv_848/Lou01M.mid,120.19791666666666,66,0
Bach/Fugue/bwv_848/Lou01M.mid,120.21744791666666,65,0
Bach/Fugue/bwv_848/Lou01M.mid,120.23828125,65,0
Bach/Fugue/bwv_848/Lou01M.mid,120.2578125,64,0
Bach/Fugue/bwv_848/Lou01M.mid,120.27864583333333,62,0
Bach/Fugue/bwv_848/Lou01M.mid,120.29817708333333,61,0
Bach/Fugue/bwv_848/Lou01M.mid,120.31770833333333,59,0
Bach/Fugue/bwv_848/Lou01M.mid,120.34635416666666,58,0
Bach/Fugue/bwv_848/Lou01M.mid,120.36588541666666,58,0
Bach/Fugue/bwv_848/Lou01M.mid,120.40625,57,0
Bach/Fugue/bwv_848/Lou01M.mid,120.42578125,56,0
Bach/Fugue/bwv_848/Lou01M.mid,120.4453125,56,0
Bach/Fugue/bwv_848/Lou01M.mid,120.46484375,55,0
Bach/Fugue/bwv_848/Lou01M.mid,120.48697916666666,54,0
Bach/Fugue/bwv_848/Lou01M.mid,120.50651041666666,53,0
Bach/Fugue/bwv_848/Lou01M.mid,120.52604166666666,52,0
Bach/Fugue/bwv_848/Lou01M.mid,120.54557291666666,51,0
Bach/Fugue/bwv_848/Lou01M.mid,120.56510416666666,51,0
Bach/Fugue/bwv_848/Lou01M.mid,120.6640625,50,0
Bach/Fugue/bwv_848/Lou01M.mid,120.98046875,51,0
Bach/Fugue/bwv_848/Lou01M.mid,121.04036458333333,50,0
Bach/Fugue/bwv_848/Lou01M.mid,121.07942708333333,50,0
Bach/Fugue/bwv_848/Lou01M.mid,121.09895833333333,48,0
Bach/Fugue/bwv_848/Lou01M.mid,121.11979166666666,46,0
Bach/Fugue/bwv_848/Lou01M.mid,121.13802083333333,43,0
Bach/Fugue/bwv_848/Lou01M.mid,121.15755208333333,38,0
Bach/Fugue/bwv_848/Lou01M.mid,121.17838541666666,30,0
Bach/Fugue/bwv_848/Lou01M.mid,121.19791666666666,19,0
Bach/Fugue/bwv_848/Lou01M.mid,121.21875,9,0
Bach/Fugue/bwv_848/Lou01M.mid,121.23697916666666,0,0
Bach/Fugue/bwv_848/Lou01M.mid,121.31901041666666,12,0
Bach/Fugue/bwv_848/Lou01M.mid,121.34895833333333,24,0
Bach/Fugue/bwv_848/Lou01M.mid,121.36979166666666,37,0
Bach/Fugue/bwv_848/Lou01M.mid,121.38802083333333,49,0
Bach/Fugue/bwv_848/Lou01M.mid,121.40755208333333,57,0
Bach/Fugue/bwv_848/Lou01M.mid,121.42838541666666,63,0
Bach/Fugue/bwv_848/Lou01M.mid,121.44661458333333,67,0
Bach/Fugue/bwv_848/Lou01M.mid,121.46614583333333,73,0
Bach/Fugue/bwv_848/Lou01M.mid,121.48697916666666,78,0
Bach/Fugue/bwv_848/Lou01M.mid,121.50651041666666,79,0
Bach/Fugue/bwv_848/Lou01M.mid,121.52734375,78,0
Bach/Fugue/bwv_848/Lou01M.mid,121.54557291666666,77,0
Bach/Fugue/bwv_848/Lou01M.mid,121.56510416666666,76,0
Bach/Fugue/bwv_848/Lou01M.mid,121.5859375,76,0
Bach/Fugue/bwv_848/Lou01M.mid,121.625,75,0
Bach/Fugue/bwv_848/Lou01M.mid,121.64453125,74,0
Bach/Fugue/bwv_848/Lou01M.mid,121.6640625,72,0
Bach/Fugue/bwv_848/Lou01M.mid,121.68489583333333,70,0
Bach/Fugue/bwv_848/Lou01M.mid,121.70442708333333,67,0
Bach/Fugue/bwv_848/Lou01M.mid,121.72265625,64,0
Bach/Fugue/bwv_848/Lou01M.mid,121.74348958333333,62,0
Bach/Fugue/bwv_848/Lou01M.mid,121.76302083333333,59,0
Bach/Fugue/bwv_848/Lou01M.mid,121.78255208333333,52,0
Bach/Fugue/bwv_848/Lou01M.mid,121.80338541666666,44,0
Bach/Fugue/bwv_848/Lou01M.mid,121.82291666666666,35,0
Bach/Fugue/bwv_848/Lou01M.mid,121.84375,29,0
Bach/Fugue/bwv_848/Lou01M.mid,121.86197916666666,27,0
Bach/Fugue/bwv_848/Lou01M.mid,121.88151041666666,26,0
Bach/Fugue/bwv_848/Lou01M.mid,121.96223958333333,27,0
Bach/Fugue/bwv_848/Lou01M.mid,121.98046875,27,0
Bach/Fugue/bwv_848/Lou01M.mid,122.00130208333333,28,0
Bach/Fugue/bwv_848/Lou01M.mid,122.54557291666666,28,0
Bach/Fugue/bwv_848/Lou01M.mid,122.6640625,29,0
Bach/Fugue/bwv_848/Lou01M.mid,123.42708333333333,29,0
Bach/Fugue/bwv_848/Lou01M.mid,123.48697916666666,30,0
Bach/Fugue/bwv_848/Lou01M.mid,123.54557291666666,30,0
Bach/Fugue/bwv_848/Lou01M.mid,124.05989583333333,28,0
Bach/Fugue/bwv_848/Lou01M.mid,124.08072916666666,25,0
Bach/Fugue/bwv_848/Lou01M.mid,124.10026041666666,21,0
Bach/Fugue/bwv_848/Lou01M.mid,124.11979166666666,13,0
Bach/Fugue/bwv_848/Lou01M.mid,124.13932291666666,0,0
Bach/Fugue/bwv_848/Lou01M.mid,124.546875,9,0
Bach/Fugue/bwv_848/Lou01M.mid,124.56510416666666,11,0
Bach/Fugue/bwv_848/Lou01M.mid,124.58463541666666,12,0
Bach/Fugue/bwv_848/Lou01M.mid,124.625,13,0
Bach/Fugue/bwv_848/Lou01M.mid,124.6640625,15,0
Bach/Fugue/bwv_848/Lou01M.mid,124.68359375,16,0
Bach/Fugue/bwv_848/Lou01M.mid,124.70442708333333,17,0
Bach/Fugue/bwv_848/Lou01M.mid,124.7421875,17,0
Bach/Fugue/bwv_848/Lou01M.mid,124.82291666666666,18,0
Bach/Fugue/bwv_848/Lou01M.mid,125.07942708333333,19,0
Bach/Fugue/bwv_848/Lou01M.mid,125.13932291666666,20,0
Bach/Fugue/bwv_848/Lou01M.mid,125.15885416666666,21,0
Bach/Fugue/bwv_848/Lou01M.mid,125.17838541666666,21,0
Bach/Fugue/bwv_848/Lou01M.mid,125.19791666666666,22,0
Bach/Fugue/bwv_848/Lou01M.mid,125.2578125,23,0
Bach/Fugue/bwv_848/Lou01M.mid,125.38671875,23,0
Bach/Fugue/bwv_848/Lou01M.mid,125.40494791666666,24,0
Bach/Fugue/bwv_848/Lou01M.mid,125.42447916666666,25,0
Bach/Fugue/bwv_848/Lou01M.mid,125.46484375,25,0
Bach/Fugue/bwv_848/Lou01M.mid,125.48567708333333,26,0
Bach/Fugue/bwv_848/Lou01M.mid,125.52473958333333,26,0
Bach/Fugue/bwv_848/Lou01M.mid,125.546875,27,0
Bach/Fugue/bwv_848/Lou01M.mid,125.58463541666666,27,0
Bach/Fugue/bwv_848/Lou01M.mid,125.84244791666666,28,0
Bach/Fugue/bwv_848/Lou01M.mid,125.86328125,28,0
Bach/Fugue/bwv_848/Lou01M.mid,125.8828125,29,0
Bach/Fugue/bwv_848/Lou01M.mid,125.90364583333333,29,0
Bach/Fugue/bwv_848/Lou01M.mid,125.94270833333333,30,0
Bach/Fugue/bwv_848/Lou01M.mid,125.98177083333333,30,0
Bach/Fugue/bwv_848/Lou01M.mid,126.04036458333333,31,0
Bach/Fugue/bwv_848/Lou01M.mid,126.08072916666666,31,0
Bach/Fugue/bwv_848/Lou01M.mid,126.21875,32,0
Bach/Fugue/bwv_848/Lou01M.mid,126.64583333333333,32,0
Bach/Fugue/bwv_848/Lou01M.mid,126.68489583333333,33,0
Bach/Fugue/bwv_848/Lou01M.mid,126.70442708333333,33,0
Bach/Fugue/bwv_848/Lou01M.mid,126.74479166666666,34,0
Bach/Fugue/bwv_848/Lou01M.mid,126.76692708333333,34,0
Bach/Fugue/bwv_848/Lou01M.mid,126.80598958333333,35,0
Bach/Fugue/bwv_848/Lou01M.mid,126.82552083333333,35,0
Bach/Fugue/bwv_848/Lou01M.mid,126.84635416666666,36,0
Bach/Fugue/bwv_848/Lou01M.mid,126.86458333333333,36,0
Bach/Fugue/bwv_848/Lou01M.mid,126.90755208333333,37,0
Bach/Fugue/bwv_848/Lou01M.mid,126.92838541666666,38,0
Bach/Fugue/bwv_848/Lou01M.mid,126.94791666666666,40,0
Bach/Fugue/bwv_848/Lou01M.mid,126.96744791666666,41,0
Bach/Fugue/bwv_848/Lou01M.mid,126.98828125,43,0
Bach/Fugue/bwv_848/Lou01M.mid,127.0078125,44,0
Bach/Fugue/bwv_848/Lou01M.mid,127.02734375,46,0
Bach/Fugue/bwv_848/Lou01M.mid,127.04817708333333,49,0
Bach/Fugue/bwv_848/Lou01M.mid,127.06640625,51,0
Bach/Fugue/bwv_848/Lou01M.mid,127.08723958333333,54,0
Bach/Fugue/bwv_848/Lou01M.mid,127.10677083333333,56,0
Bach/Fugue/bwv_848/Lou01M.mid,127.125,59,0
Bach/Fugue/bwv_848/Lou01M.mid,127.14583333333333,62,0
Bach/Fugue/bwv_848/Lou01M.mid,127.16536458333333,65,0
Bach/Fugue/bwv_848/Lou01M.mid,127.18619791666666,69,0
Bach/Fugue/bwv_848/Lou01M.mid,127.20572916666666,76,0
Bach/Fugue/bwv_848/Lou01M.mid,127.22395833333333,88,0
Bach/Fugue/bwv_848/Lou01M.mid,127.24479166666666,107,0
Bach/Fugue/bwv_848/Lou01M.mid,127.26432291666666,127,0
Bach/Fugue/bwv_848/Lou01M.mid,127.86848958333333,119,0
Bach/Fugue/bwv_848/Lou01M.mid,127.88802083333333,116,0
Bach/Fugue/bwv_848/Lou01M.mid,127.90755208333333,113,0
Bach/Fugue/bwv_848/Lou01M.mid,127.92838541666666,113,0
Bach/Fugue/bwv_848/Lou01M.mid,127.94661458333333,111,0
Bach/Fugue/bwv_848/Lou01M.mid,127.96744791666666,110,0
Bach/Fugue/bwv_848/Lou01M.mid,127.98697916666666,108,0
Bach/Fugue/bwv_848/Lou01M.mid,128.00651041666666,106,0
Bach/Fugue/bwv_848/Lou01M.mid,128.02734375,104,0
Bach/Fugue/bwv_848/Lou01M.mid,128.046875,103,0
Bach/Fugue/bwv_848/Lou01M.mid,128.06640625,101,0
Bach/Fugue/bwv_848/Lou01M.mid,128.08723958333331,100,0
Bach/Fugue/bwv_848/Lou01M.mid,128.10546875,99,0
Bach/Fugue/bwv_848/Lou01M.mid,128.14583333333331,98,0
Bach/Fugue/bwv_848/Lou01M.mid,128.16536458333331,97,0
Bach/Fugue/bwv_848/Lou01M.mid,128.18619791666666,96,0
Bach/Fugue/bwv_848/Lou01M.mid,128.20572916666666,94,0
Bach/Fugue/bwv_848/Lou01M.mid,128.22395833333331,92,0
Bach/Fugue/bwv_848/Lou01M.mid,128.24479166666666,91,0
Bach/Fugue/bwv_848/Lou01M.mid,128.26432291666666,90,0
Bach/Fugue/bwv_848/Lou01M.mid,128.28515625,88,0
Bach/Fugue/bwv_848/Lou01M.mid,128.3046875,86,0
Bach/Fugue/bwv_848/Lou01M.mid,128.32291666666666,82,0
Bach/Fugue/bwv_848/Lou01M.mid,128.34375,77,0
Bach/Fugue/bwv_848/Lou01M.mid,128.37239583333331,72,0
Bach/Fugue/bwv_848/Lou01M.mid,128.39322916666666,67,0
Bach/Fugue/bwv_848/Lou01M.mid,128.41276041666666,64,0
Bach/Fugue/bwv_848/Lou01M.mid,128.43229166666666,60,0
Bach/Fugue/bwv_848/Lou01M.mid,128.453125,58,0
Bach/Fugue/bwv_848/Lou01M.mid,128.47265625,57,0
Bach/Fugue/bwv_848/Lou01M.mid,128.4921875,54,0
Bach/Fugue/bwv_848/Lou01M.mid,128.51171875,51,0
Bach/Fugue/bwv_848/Lou01M.mid,128.53125,47,0
Bach/Fugue/bwv_848/Lou01M.mid,128.55208333333331,43,0
Bach/Fugue/bwv_848/Lou01M.mid,128.57161458333331,39,0
Bach/Fugue/bwv_848/Lou01M.mid,128.58984375,36,0
Bach/Fugue/bwv_848/Lou01M.mid,128.61067708333331,35,0
Bach/Fugue/bwv_848/Lou01M.mid,128.64973958333331,35,0
Bach/Fugue/bwv_848/Lou01M.mid,128.86979166666666,35,0
Bach/Fugue/bwv_848/Lou01M.mid,128.92838541666666,36,0
Bach/Fugue/bwv_848/Lou01M.mid,128.94661458333331,36,0
Bach/Fugue/bwv_848/Lou01M.mid,129.00651041666666,37,0
Bach/Fugue/bwv_848/Lou01M.mid,129.0859375,37,0
Bach/Fugue/bwv_848/Lou01M.mid,129.16536458333331,38,0
Bach/Fugue/bwv_848/SunY01M.mid,0.046875,55,0
Bach/Fugue/bwv_848/SunY01M.mid,0.12708333333333333,56,0
Bach/Fugue/bwv_848/SunY01M.mid,0.18645833333333334,55,0
Bach/Fugue/bwv_848/SunY01M.mid,0.20729166666666665,52,0
Bach/Fugue/bwv_848/SunY01M.mid,0.22708333333333333,47,0
Bach/Fugue/bwv_848/SunY01M.mid,0.24687499999999998,44,0
Bach/Fugue/bwv_848/SunY01M.mid,0.26666666666666666,43,0
Bach/Fugue/bwv_848/SunY01M.mid,0.2875,42,0
Bach/Fugue/bwv_848/SunY01M.mid,0.30625,40,0
Bach/Fugue/bwv_848/SunY01M.mid,0.32708333333333334,38,0
Bach/Fugue/bwv_848/SunY01M.mid,0.346875,36,0
Bach/Fugue/bwv_848/SunY01M.mid,0.3677083333333333,35,0
Bach/Fugue/bwv_848/SunY01M.mid,0.38645833333333335,34,0
Bach/Fugue/bwv_848/SunY01M.mid,0.40729166666666666,32,0
Bach/Fugue/bwv_848/SunY01M.mid,0.4270833333333333,26,0
Bach/Fugue/bwv_848/SunY01M.mid,0.44687499999999997,9,0
Bach/Fugue/bwv_848/SunY01M.mid,0.4666666666666667,0,0
Bach/Fugue/bwv_848/SunY01M.mid,8.729166666666666,51,0
Bach/Fugue/bwv_848/SunY01M.mid,8.747916666666667,60,0
Bach/Fugue/bwv_848/SunY01M.mid,8.76875,58,0
Bach/Fugue/bwv_848/SunY01M.mid,8.788541666666667,48,0
Bach/Fugue/bwv_848/SunY01M.mid,8.809375,0,0
Bach/Fugue/bwv_848/SunY01M.mid,13.16875,45,0
Bach/Fugue/bwv_848/SunY01M.mid,13.1875,64,0
Bach/Fugue/bwv_848/SunY01M.mid,13.207291666666666,74,0
Bach/Fugue/bwv_848/SunY01M.mid,13.228125,95,0
Bach/Fugue/bwv_848/SunY01M.mid,13.246875,127,0
Bach/Fugue/bwv_848/SunY01M.mid,13.3875,90,0
Bach/Fugue/bwv_848/SunY01M.mid,13.407291666666666,72,0
Bach/Fugue/bwv_848/SunY01M.mid,13.428125,61,0
Bach/Fugue/bwv_848/SunY01M.mid,13.447916666666666,0,0
Bach/Fugue/bwv_848/SunY01M.mid,15.36875,51,0
Bach/Fugue/bwv_848/SunY01M.mid,15.388541666666667,63,0
Bach/Fugue/bwv_848/SunY01M.mid,15.408333333333333,70,0
Bach/Fugue/bwv_848/SunY01M.mid,15.429166666666667,81,0
Bach/Fugue/bwv_848/SunY01M.mid,15.448958333333334,105,0
Bach/Fugue/bwv_848/SunY01M.mid,15.46875,127,0
Bach/Fugue/bwv_848/SunY01M.mid,15.589583333333334,91,0
Bach/Fugue/bwv_848/SunY01M.mid,15.608333333333333,71,0
Bach/Fugue/bwv_848/SunY01M.mid,15.629166666666666,55,0
Bach/Fugue/bwv_848/SunY01M.mid,15.648958333333333,0,0
Bach/Fugue/bwv_848/SunY01M.mid,17.588541666666668,51,0
Bach/Fugue/bwv_848/SunY01M.mid,17.607291666666665,68,0
Bach/Fugue/bwv_848/SunY01M.mid,17.628125,76,0
Bach/Fugue/bwv_848/SunY01M.mid,17.647916666666667,90,0
Bach/Fugue/bwv_848/SunY01M.mid,17.66875,107,0
Bach/Fugue/bwv_848/SunY01M.mid,17.6875,127,0
Bach/Fugue/bwv_848/SunY01M.mid,17.7875,116,0
Bach/Fugue/bwv_848/SunY01M.mid,17.808333333333334,87,0
Bach/Fugue/bwv_848/SunY01M.mid,17.827083333333334,67,0
Bach/Fugue/bwv_848/SunY01M.mid,17.847916666666666,44,0
Bach/Fugue/bwv_848/SunY01M.mid,17.867708333333333,0,0
Bach/Fugue/bwv_848/SunY01M.mid,19.788541666666667,32,0
Bach/Fugue/bwv_848/SunY01M.mid,19.810416666666665,65,0
Bach/Fugue/bwv_848/SunY01M.mid,19.83020833333333,73,0
Bach/Fugue/bwv_848/SunY01M.mid,19.851041666666667,91,0
Bach/Fugue/bwv_848/SunY01M.mid,19.870833333333334,127,0
Bach/Fugue/bwv_848/SunY01M.mid,20.089583333333334,112,0
Bach/Fugue/bwv_848/SunY01M.mid,20.108333333333334,93,0
Bach/Fugue/bwv_848/SunY01M.mid,20.129166666666666,77,0
Bach/Fugue/bwv_848/SunY01M.mid,20.148958333333333,68,0
Bach/Fugue/bwv_848/SunY01M.mid,20.167708333333334,61,0
Bach/Fugue/bwv_848/SunY01M.mid,20.188541666666666,52,0
Bach/Fugue/bwv_848/SunY01M.mid,20.208333333333332,45,0
Bach/Fugue/bwv_848/SunY01M.mid,20.229166666666668,39,0
Bach/Fugue/bwv_848/SunY01M.mid,20.247916666666665,24,0
Bach/Fugue/bwv_848/SunY01M.mid,20.26875,0,0
Bach/Fugue/bwv_848/SunY01M.mid,24.823958333333334,43,0
Bach/Fugue/bwv_848/SunY01M.mid,24.844791666666666,63,0
Bach/Fugue/bwv_848/SunY01M.mid,24.864583333333332,68,0
Bach/Fugue/bwv_848/SunY01M.mid,24.885416666666668,76,0
Bach/Fugue/bwv_848/SunY01M.mid,24.904166666666665,86,0
Bach/Fugue/bwv_848/SunY01M.mid,24.925,95,0
Bach/Fugue/bwv_848/SunY01M.mid,24.944791666666667,103,0
Bach/Fugue/bwv_848/SunY01M.mid,24.965625,112,0
Bach/Fugue/bwv_848/SunY01M.mid,24.984375,127,0
Bach/Fugue/bwv_848/SunY01M.mid,25.105208333333334,118,0
Bach/Fugue/bwv_848/SunY01M.mid,25.123958333333334,100,0
Bach/Fugue/bwv_848/SunY01M.mid,25.144791666666666,84,0
Bach/Fugue/bwv_848/SunY01M.mid,25.164583333333333,73,0
Bach/Fugue/bwv_848/SunY01M.mid,25.184375,66,0
Bach/Fugue/bwv_848/SunY01M.mid,25.204166666666666,61,0
Bach/Fugue/bwv_848/SunY01M.mid,25.225,54,0
Bach/Fugue/bwv_848/SunY01M.mid,25.244791666666668,44,0
Bach/Fugue/bwv_848/SunY01M.mid,25.264583333333334,29,0
Bach/Fugue/bwv_848/SunY01M.mid,25.284375,0,0
Bach/Fugue/bwv_848/SunY01M.mid,26.107291666666665,29,0
Bach/Fugue/bwv_848/SunY01M.mid,26.12708333333333,58,0
Bach/Fugue/bwv_848/SunY01M.mid,26.147916666666667,68,0
Bach/Fugue/bwv_848/SunY01M.mid,26.167708333333334,78,0
Bach/Fugue/bwv_848/SunY01M.mid,26.1875,98,0
Bach/Fugue/bwv_848/SunY01M.mid,26.207291666666666,127,0
Bach/Fugue/bwv_848/SunY01M.mid,26.3875,109,0
Bach/Fugue/bwv_848/SunY01M.mid,26.407291666666666,91,0
Bach/Fugue/bwv_848/SunY01M.mid,26.428124999999998,76,0
Bach/Fugue/bwv_848/SunY01M.mid,26.447916666666668,68,0
Bach/Fugue/bwv_848/SunY01M.mid,26.467708333333334,62,0
Bach/Fugue/bwv_848/SunY01M.mid,26.4875,53,0
Bach/Fugue/bwv_848/SunY01M.mid,26.508333333333333,47,0
Bach/Fugue/bwv_848/SunY01M.mid,26.528125,45,0
Bach/Fugue/bwv_848/SunY01M.mid,26.547916666666666,42,0
Bach/Fugue/bwv_848/SunY01M.mid,26.567708333333332,31,0
Bach/Fugue/bwv_848/SunY01M.mid,26.588541666666668,0,0
Bach/Fugue/bwv_848/SunY01M.mid,28.904166666666665,18,0
Bach/Fugue/bwv_848/SunY01M.mid,28.925,48,0
Bach/Fugue/bwv_848/SunY01M.mid,28.944791666666667,58,0
Bach/Fugue/bwv_848/SunY01M.mid,28.964583333333334,62,0
Bach/Fugue/bwv_848/SunY01M.mid,28.984375,63,0
Bach/Fugue/bwv_848/SunY01M.mid,29.005208333333332,64,0
Bach/Fugue/bwv_848/SunY01M.mid,29.025,64,0
Bach/Fugue/bwv_848/SunY01M.mid,29.06458333333333,64,0
Bach/Fugue/bwv_848/SunY01M.mid,29.085416666666667,62,0
Bach/Fugue/bwv_848/SunY01M.mid,29.104166666666668,55,0
Bach/Fugue/bwv_848/SunY01M.mid,29.125,42,0
Bach/Fugue/bwv_848/SunY01M.mid,29.144791666666666,20,0
Bach/Fugue/bwv_848/SunY01M.mid,29.165625,0,0
Bach/Fugue/bwv_848/SunY01M.mid,33.04479166666667,38,0
Bach/Fugue/bwv_848/SunY01M.mid,33.06458333333333,61,0
Bach/Fugue/bwv_848/SunY01M.mid,33.08541666666667,66,0
Bach/Fugue/bwv_848/SunY01M.mid,33.104166666666664,72,0
Bach/Fugue/bwv_848/SunY01M.mid,33.125,83,0
Bach/Fugue/bwv_848/SunY01M.mid,33.14479166666666,103,0
Bach/Fugue/bwv_848/SunY01M.mid,33.165625,127,0
Bach/Fugue/bwv_848/SunY01M.mid,33.344791666666666,103,0
Bach/Fugue/bwv_848/SunY01M.mid,33.364583333333336,90,0
Bach/Fugue/bwv_848/SunY01M.mid,33.384375,79,0
Bach/Fugue/bwv_848/SunY01M.mid,33.40416666666667,70,0
Bach/Fugue/bwv_848/SunY01M.mid,33.425,64,0
Bach/Fugue/bwv_848/SunY01M.mid,33.44479166666667,58,0
Bach/Fugue/bwv_848/SunY01M.mid,33.46458333333333,54,0
Bach/Fugue/bwv_848/SunY01M.mid,33.484375,51,0
Bach/Fugue/bwv_848/SunY01M.mid,33.505208333333336,46,0
Bach/Fugue/bwv_848/SunY01M.mid,33.525,36,0
Bach/Fugue/bwv_848/SunY01M.mid,33.54479166666667,19,0
Bach/Fugue/bwv_848/SunY01M.mid,33.56458333333333,0,0
Bach/Fugue/bwv_848/SunY01M.mid,35.18333333333333,41,0
Bach/Fugue/bwv_848/SunY01M.mid,35.204166666666666,65,0
Bach/Fugue/bwv_848/SunY01M.mid,35.223958333333336,76,0
Bach/Fugue/bwv_848/SunY01M.mid,35.24375,105,0
Bach/Fugue/bwv_848/SunY01M.mid,35.26354166666667,127,0
Bach/Fugue/bwv_848/SunY01M.mid,35.483333333333334,106,0
Bach/Fugue/bwv_848/SunY01M.mid,35.50416666666666,84,0
Bach/Fugue/bwv_848/SunY01M.mid,35.52395833333333,70,0
Bach/Fugue/bwv_848/SunY01M.mid,35.54375,59,0
Bach/Fugue/bwv_848/SunY01M.mid,35.563541666666666,0,0
Bach/Fugue/bwv_848/SunY01M.mid,37.44479166666667,44,0
Bach/Fugue/bwv_848/SunY01M.mid,37.46458333333333,60,0
Bach/Fugue/bwv_848/SunY01M.mid,37.484375,64,0
Bach/Fugue/bwv_848/SunY01M.mid,37.505208333333336,68,0
Bach/Fugue/bwv_848/SunY01M.mid,37.525,74,0
Bach/Fugue/bwv_848/SunY01M.mid,37.54479166666667,84,0
Bach/Fugue/bwv_848/SunY01M.mid,37.56458333333333,94,0
Bach/Fugue/bwv_848/SunY01M.mid,37.58541666666667,107,0
Bach/Fugue/bwv_848/SunY01M.mid,37.604166666666664,127,0
Bach/Fugue/bwv_848/SunY01M.mid,37.665625,115,0
Bach/Fugue/bwv_848/SunY01M.mid,37.684375,98,0
Bach/Fugue/bwv_848/SunY01M.mid,37.70520833333333,84,0
Bach/Fugue/bwv_848/SunY01M.mid,37.725,73,0
Bach/Fugue/bwv_848/SunY01M.mid,37.744791666666664,64,0
Bach/Fugue/bwv_848/SunY01M.mid,37.764583333333334,55,0
Bach/Fugue/bwv_848/SunY01M.mid,37.784375,41,0
Bach/Fugue/bwv_848/SunY01M.mid,37.80520833333333,34,0
Bach/Fugue/bwv_848/SunY01M.mid,37.82395833333333,32,0
Bach/Fugue/bwv_848/SunY01M.mid,37.844791666666666,28,0
Bach/Fugue/bwv_848/SunY01M.mid,37.864583333333336,13,0
Bach/Fugue/bwv_848/SunY01M.mid,37.884375,0,0
Bach/Fugue/bwv_848/SunY01M.mid,39.844791666666666,9,0
Bach/Fugue/bwv_848/SunY01M.mid,39.864583333333336,11,0
Bach/Fugue/bwv_848/SunY01M.mid,39.90208333333333,13,0
Bach/Fugue/bwv_848/SunY01M.mid,39.942708333333336,15,0
Bach/Fugue/bwv_848/SunY01M.mid,39.9625,17,0
Bach/Fugue/bwv_848/SunY01M.mid,39.98229166666667,18,0
Bach/Fugue/bwv_848/SunY01M.mid,40.003125,19,0
Bach/Fugue/bwv_848/SunY01M.mid,40.02291666666667,21,0
Bach/Fugue/bwv_848/SunY01M.mid,40.04270833333333,22,0
Bach/Fugue/bwv_848/SunY01M.mid,40.083333333333336,23,0
Bach/Fugue/bwv_848/SunY01M.mid,40.182291666666664,24,0
Bach/Fugue/bwv_848/SunY01M.mid,40.22291666666666,25,0
Bach/Fugue/bwv_848/SunY01M.mid,40.282291666666666,26,0
Bach/Fugue/bwv_848/SunY01M.mid,40.7625,25,0
Bach/Fugue/bwv_848/SunY01M.mid,41.344791666666666,24,0
Bach/Fugue/bwv_848/SunY01M.mid,41.425,23,0
Bach/Fugue/bwv_848/SunY01M.mid,41.604166666666664,22,0
Bach/Fugue/bwv_848/SunY01M.mid,41.90416666666667,21,0
Bach/Fugue/bwv_848/SunY01M.mid,41.925,20,0
Bach/Fugue/bwv_848/SunY01M.mid,41.94479166666667,11,0
Bach/Fugue/bwv_848/SunY01M.mid,41.96458333333333,0,0
Bach/Fugue/bwv_848/SunY01M.mid,42.104166666666664,18,0
Bach/Fugue/bwv_848/SunY01M.mid,42.125,44,0
Bach/Fugue/bwv_848/SunY01M.mid,42.14479166666666,57,0
Bach/Fugue/bwv_848/SunY01M.mid,42.165625,62,0
Bach/Fugue/bwv_848/SunY01M.mid,42.184375,62,0
Bach/Fugue/bwv_848/SunY01M.mid,42.20520833333333,61,0
Bach/Fugue/bwv_848/SunY01M.mid,42.225,60,0
Bach/Fugue/bwv_848/SunY01M.mid,42.244791666666664,58,0
Bach/Fugue/bwv_848/SunY01M.mid,42.264583333333334,56,0
Bach/Fugue/bwv_848/SunY01M.mid,42.284375,55,0
Bach/Fugue/bwv_848/SunY01M.mid,42.32395833333333,54,0
Bach/Fugue/bwv_848/SunY01M.mid,42.344791666666666,53,0
Bach/Fugue/bwv_848/SunY01M.mid,42.364583333333336,52,0
Bach/Fugue/bwv_848/SunY01M.mid,42.384375,51,0
Bach/Fugue/bwv_848/SunY01M.mid,42.40416666666667,50,0
Bach/Fugue/bwv_848/SunY01M.mid,42.425,48,0
Bach/Fugue/bwv_848/SunY01M.mid,42.44479166666667,44,0
Bach/Fugue/bwv_848/SunY01M.mid,42.46458333333333,38,0
Bach/Fugue/bwv_848/SunY01M.mid,42.484375,33,0
Bach/Fugue/bwv_848/SunY01M.mid,42.505208333333336,29,0
Bach/Fugue/bwv_848/SunY01M.mid,42.525,27,0
Bach/Fugue/bwv_848/SunY01M.mid,42.54479166666667,24,0
Bach/Fugue/bwv_848/SunY01M.mid,42.56458333333333,23,0
Bach/Fugue/bwv_848/SunY01M.mid,42.58541666666667,22,0
Bach/Fugue/bwv_848/SunY01M.mid,42.684375,21,0
Bach/Fugue/bwv_848/SunY01M.mid,42.764583333333334,20,0
Bach/Fugue/bwv_848/SunY01M.mid,42.784375,17,0
Bach/Fugue/bwv_848/SunY01M.mid,42.80833333333333,9,0
Bach/Fugue/bwv_848/SunY01M.mid,42.903125,0,0
Bach/Fugue/bwv_848/SunY01M.mid,43.865625,9,0
Bach/Fugue/bwv_848/SunY01M.mid,43.94583333333333,11,0
Bach/Fugue/bwv_848/SunY01M.mid,44.485416666666666,13,0
Bach/Fugue/bwv_848/SunY01M.mid,45.983333333333334,11,0
Bach/Fugue/bwv_848/SunY01M.mid,46.02395833333333,0,0
Bach/Fugue/bwv_848/SunY01M.mid,46.746875,36,0
Bach/Fugue/bwv_848/SunY01M.mid,46.766666666666666,62,0
Bach/Fugue/bwv_848/SunY01M.mid,46.786458333333336,68,0
Bach/Fugue/bwv_848/SunY01M.mid,46.809375,81,0
Bach/Fugue/bwv_848/SunY01M.mid,46.829166666666666,127,0
Bach/Fugue/bwv_848/SunY01M.mid,46.989583333333336,92,0
Bach/Fugue/bwv_848/SunY01M.mid,47.010416666666664,76,0
Bach/Fugue/bwv_848/SunY01M.mid,47.02916666666667,66,0
Bach/Fugue/bwv_848/SunY01M.mid,47.05,52,0
Bach/Fugue/bwv_848/SunY01M.mid,47.06979166666667,0,0
Bach/Fugue/bwv_848/SunY01M.mid,51.22604166666667,47,0
Bach/Fugue/bwv_848/SunY01M.mid,51.24583333333333,63,0
Bach/Fugue/bwv_848/SunY01M.mid,51.265625,69,0
Bach/Fugue/bwv_848/SunY01M.mid,51.28541666666666,78,0
Bach/Fugue/bwv_848/SunY01M.mid,51.30625,95,0
Bach/Fugue/bwv_848/SunY01M.mid,51.324999999999996,127,0
Bach/Fugue/bwv_848/SunY01M.mid,51.405208333333334,107,0
Bach/Fugue/bwv_848/SunY01M.mid,51.42604166666666,78,0
Bach/Fugue/bwv_848/SunY01M.mid,51.44583333333333,63,0
Bach/Fugue/bwv_848/SunY01M.mid,51.46458333333333,0,0
Bach/Fugue/bwv_848/SunY01M.mid,53.369791666666664,48,0
Bach/Fugue/bwv_848/SunY01M.mid,53.390625,64,0
Bach/Fugue/bwv_848/SunY01M.mid,53.41041666666666,70,0
Bach/Fugue/bwv_848/SunY01M.mid,53.43125,76,0
Bach/Fugue/bwv_848/SunY01M.mid,53.449999999999996,83,0
Bach/Fugue/bwv_848/SunY01M.mid,53.47083333333333,88,0
Bach/Fugue/bwv_848/SunY01M.mid,53.490625,91,0
Bach/Fugue/bwv_848/SunY01M.mid,53.510416666666664,93,0
Bach/Fugue/bwv_848/SunY01M.mid,53.530208333333334,93,0
Bach/Fugue/bwv_848/SunY01M.mid,53.55104166666666,87,0
Bach/Fugue/bwv_848/SunY01M.mid,53.57083333333333,74,0
Bach/Fugue/bwv_848/SunY01M.mid,53.590624999999996,61,0
Bach/Fugue/bwv_848/SunY01M.mid,53.610416666666666,0,0
Bach/Fugue/bwv_848/SunY01M.mid,54.4625,11,0
Bach/Fugue/bwv_848/SunY01M.mid,54.48229166666667,58,0
Bach/Fugue/bwv_848/SunY01M.mid,54.503125,66,0
Bach/Fugue/bwv_848/SunY01M.mid,54.52291666666667,71,0
Bach/Fugue/bwv_848/SunY01M.mid,54.54270833333333,76,0
Bach/Fugue/bwv_848/SunY01M.mid,54.5625,80,0
Bach/Fugue/bwv_848/SunY01M.mid,54.583333333333336,81,0
Bach/Fugue/bwv_848/SunY01M.mid,54.603125,80,0
Bach/Fugue/bwv_848/SunY01M.mid,54.62291666666667,78,0
Bach/Fugue/bwv_848/SunY01M.mid,54.64270833333333,74,0
Bach/Fugue/bwv_848/SunY01M.mid,54.6625,70,0
Bach/Fugue/bwv_848/SunY01M.mid,54.682291666666664,65,0
Bach/Fugue/bwv_848/SunY01M.mid,54.702083333333334,59,0
Bach/Fugue/bwv_848/SunY01M.mid,54.72291666666666,32,0
Bach/Fugue/bwv_848/SunY01M.mid,54.74270833333333,0,0
Bach/Fugue/bwv_848/SunY01M.mid,63.324999999999996,49,0
Bach/Fugue/bwv_848/SunY01M.mid,63.34583333333333,63,0
Bach/Fugue/bwv_848/SunY01M.mid,63.365625,69,0
Bach/Fugue/bwv_848/SunY01M.mid,63.38645833333333,81,0
Bach/Fugue/bwv_848/SunY01M.mid,63.405208333333334,102,0
Bach/Fugue/bwv_848/SunY01M.mid,63.425,127,0
Bach/Fugue/bwv_848/SunY01M.mid,63.54479166666667,123,0
Bach/Fugue/bwv_848/SunY01M.mid,63.565625,95,0
Bach/Fugue/bwv_848/SunY01M.mid,63.58541666666667,81,0
Bach/Fugue/bwv_848/SunY01M.mid,63.606249999999996,70,0
Bach/Fugue/bwv_848/SunY01M.mid,63.625,62,0
Bach/Fugue/bwv_848/SunY01M.mid,63.645833333333336,50,0
Bach/Fugue/bwv_848/SunY01M.mid,63.665625,34,0
Bach/Fugue/bwv_848/SunY01M.mid,63.68541666666667,29,0
Bach/Fugue/bwv_848/SunY01M.mid,63.70520833333333,20,0
Bach/Fugue/bwv_848/SunY01M.mid,63.72604166666667,0,0
Bach/Fugue/bwv_848/SunY01M.mid,65.36458333333333,9,0
Bach/Fugue/bwv_848/SunY01M.mid,65.925,0,0
Bach/Fugue/bwv_848/SunY01M.mid,74.40104166666667,37,0
Bach/Fugue/bwv_848/SunY01M.mid,74.421875,57,0
Bach/Fugue/bwv_848/SunY01M.mid,74.44166666666666,62,0
Bach/Fugue/bwv_848/SunY01M.mid,74.4625,65,0
Bach/Fugue/bwv_848/SunY01M.mid,74.48125,68,0
Bach/Fugue/bwv_848/SunY01M.mid,74.50208333333333,74,0
Bach/Fugue/bwv_848/SunY01M.mid,74.521875,84,0
Bach/Fugue/bwv_848/SunY01M.mid,74.540625,97,0
Bach/Fugue/bwv_848/SunY01M.mid,74.56145833333333,114,0
Bach/Fugue/bwv_848/SunY01M.mid,74.58125,127,0
Bach/Fugue/bwv_848/SunY01M.mid,74.66145833333333,110,0
Bach/Fugue/bwv_848/SunY01M.mid,74.68125,93,0
Bach/Fugue/bwv_848/SunY01M.mid,74.70104166666667,75,0
Bach/Fugue/bwv_848/SunY01M.mid,74.721875,65,0
Bach/Fugue/bwv_848/SunY01M.mid,74.74166666666666,52,0
Bach/Fugue/bwv_848/SunY01M.mid,74.76145833333334,31,0
Bach/Fugue/bwv_848/SunY01M.mid,74.78125,20,0
Bach/Fugue/bwv_848/SunY01M.mid,74.80208333333333,9,0
Bach/Fugue/bwv_848/SunY01M.mid,74.821875,0,0
Bach/Fugue/bwv_848/SunY01M.mid,75.94583333333333,9,0
Bach/Fugue/bwv_848/SunY01M.mid,76.365625,11,0
Bach/Fugue/bwv_848/SunY01M.mid,76.38541666666667,27,0
Bach/Fugue/bwv_848/SunY01M.mid,76.40520833333333,47,0
Bach/Fugue/bwv_848/SunY01M.mid,76.425,60,0
Bach/Fugue/bwv_848/SunY01M.mid,76.44583333333333,63,0
Bach/Fugue/bwv_848/SunY01M.mid,76.465625,65,0
Bach/Fugue/bwv_848/SunY01M.mid,76.48541666666667,66,0
Bach/Fugue/bwv_848/SunY01M.mid,76.50520833333333,68,0
Bach/Fugue/bwv_848/SunY01M.mid,76.52604166666667,68,0
Bach/Fugue/bwv_848/SunY01M.mid,76.565625,66,0
Bach/Fugue/bwv_848/SunY01M.mid,76.58541666666666,64,0
Bach/Fugue/bwv_848/SunY01M.mid,76.60625,60,0
Bach/Fugue/bwv_848/SunY01M.mid,76.625,55,0
Bach/Fugue/bwv_848/SunY01M.mid,76.64583333333333,50,0
Bach/Fugue/bwv_848/SunY01M.mid,76.665625,44,0
Bach/Fugue/bwv_848/SunY01M.mid,76.68541666666667,38,0
Bach/Fugue/bwv_848/SunY01M.mid,76.70520833333333,34,0
Bach/Fugue/bwv_848/SunY01M.mid,76.72604166666666,31,0
Bach/Fugue/bwv_848/SunY01M.mid,76.74583333333334,28,0
Bach/Fugue/bwv_848/SunY01M.mid,76.765625,25,0
Bach/Fugue/bwv_848/SunY01M.mid,76.78541666666666,20,0
Bach/Fugue/bwv_848/SunY01M.mid,76.80625,13,0
Bach/Fugue/bwv_848/SunY01M.mid,76.825,0,0
Bach/Fugue/bwv_848/SunY01M.mid,78.584375,13,0
Bach/Fugue/bwv_848/SunY01M.mid,78.60520833333334,44,0
Bach/Fugue/bwv_848/SunY01M.mid,78.62395833333333,59,0
Bach/Fugue/bwv_848/SunY01M.mid,78.64479166666666,63,0
Bach/Fugue/bwv_848/SunY01M.mid,78.66458333333333,66,0
Bach/Fugue/bwv_848/SunY01M.mid,78.68541666666667,70,0
Bach/Fugue/bwv_848/SunY01M.mid,78.70416666666667,77,0
Bach/Fugue/bwv_848/SunY01M.mid,78.725,91,0
Bach/Fugue/bwv_848/SunY01M.mid,78.74479166666667,106,0
Bach/Fugue/bwv_848/SunY01M.mid,78.76458333333333,112,0
Bach/Fugue/bwv_848/SunY01M.mid,78.784375,103,0
Bach/Fugue/bwv_848/SunY01M.mid,78.80520833333333,86,0
Bach/Fugue/bwv_848/SunY01M.mid,78.825,71,0
Bach/Fugue/bwv_848/SunY01M.mid,78.84375,62,0
Bach/Fugue/bwv_848/SunY01M.mid,78.86458333333333,39,0
Bach/Fugue/bwv_848/SunY01M.mid,78.88229166666666,34,0
Bach/Fugue/bwv_848/SunY01M.mid,79.02291666666666,34,0
Bach/Fugue/bwv_848/SunY01M.mid,79.08229166666666,33,0
Bach/Fugue/bwv_848/SunY01M.mid,79.1625,32,0
Bach/Fugue/bwv_848/SunY01M.mid,79.984375,33,0
Bach/Fugue/bwv_848/SunY01M.mid,80.36458333333333,34,0
Bach/Fugue/bwv_848/SunY01M.mid,80.96458333333334,34,0
Bach/Fugue/bwv_848/SunY01M.mid,81.10520833333334,35,0
Bach/Fugue/bwv_848/SunY01M.mid,82.08333333333333,34,0
Bach/Fugue/bwv_848/SunY01M.mid,82.10416666666667,31,0
Bach/Fugue/bwv_848/SunY01M.mid,82.12291666666667,19,0
Bach/Fugue/bwv_848/SunY01M.mid,82.14375,0,0
Bach/Fugue/bwv_848/SunY01M.mid,82.58333333333333,54,0
Bach/Fugue/bwv_848/SunY01M.mid,82.60416666666667,77,0
Bach/Fugue/bwv_848/SunY01M.mid,82.62291666666667,104,0
Bach/Fugue/bwv_848/SunY01M.mid,82.64375,127,0
Bach/Fugue/bwv_848/SunY01M.mid,82.86354166666666,90,0
Bach/Fugue/bwv_848/SunY01M.mid,82.88333333333333,76,0
Bach/Fugue/bwv_848/SunY01M.mid,82.903125,67,0
Bach/Fugue/bwv_848/SunY01M.mid,82.92291666666667,59,0
Bach/Fugue/bwv_848/SunY01M.mid,82.94375,49,0
Bach/Fugue/bwv_848/SunY01M.mid,82.96354166666667,47,0
Bach/Fugue/bwv_848/SunY01M.mid,82.98333333333333,46,0
Bach/Fugue/bwv_848/SunY01M.mid,83.003125,43,0
Bach/Fugue/bwv_848/SunY01M.mid,83.02395833333333,39,0
Bach/Fugue/bwv_848/SunY01M.mid,83.04375,33,0
Bach/Fugue/bwv_848/SunY01M.mid,83.06354166666667,29,0
Bach/Fugue/bwv_848/SunY01M.mid,83.08333333333333,26,0
Bach/Fugue/bwv_848/SunY01M.mid,83.10208333333333,21,0
Bach/Fugue/bwv_848/SunY01M.mid,83.12083333333334,9,0
Bach/Fugue/bwv_848/SunY01M.mid,83.14166666666667,0,0
Bach/Fugue/bwv_848/SunY01M.mid,83.82291666666667,46,0
Bach/Fugue/bwv_848/SunY01M.mid,83.84270833333333,65,0
Bach/Fugue/bwv_848/SunY01M.mid,83.86354166666666,78,0
Bach/Fugue/bwv_848/SunY01M.mid,83.88333333333333,106,0
Bach/Fugue/bwv_848/SunY01M.mid,83.903125,127,0
Bach/Fugue/bwv_848/SunY01M.mid,83.96354166666667,84,0
Bach/Fugue/bwv_848/SunY01M.mid,83.98333333333333,66,0
Bach/Fugue/bwv_848/SunY01M.mid,84.003125,39,0
Bach/Fugue/bwv_848/SunY01M.mid,84.02395833333333,0,0
Bach/Fugue/bwv_848/SunY01M.mid,85.021875,29,0
Bach/Fugue/bwv_848/SunY01M.mid,85.04166666666667,57,0
Bach/Fugue/bwv_848/SunY01M.mid,85.06145833333333,66,0
Bach/Fugue/bwv_848/SunY01M.mid,85.08125,71,0
Bach/Fugue/bwv_848/SunY01M.mid,85.10208333333333,78,0
Bach/Fugue/bwv_848/SunY01M.mid,85.12083333333334,88,0
Bach/Fugue/bwv_848/SunY01M.mid,85.14166666666667,97,0
Bach/Fugue/bwv_848/SunY01M.mid,85.16145833333333,104,0
Bach/Fugue/bwv_848/SunY01M.mid,85.18229166666667,107,0
Bach/Fugue/bwv_848/SunY01M.mid,85.22083333333333,105,0
Bach/Fugue/bwv_848/SunY01M.mid,85.24166666666666,101,0
Bach/Fugue/bwv_848/SunY01M.mid,85.26041666666667,95,0
Bach/Fugue/bwv_848/SunY01M.mid,85.28125,88,0
Bach/Fugue/bwv_848/SunY01M.mid,85.30104166666666,78,0
Bach/Fugue/bwv_848/SunY01M.mid,85.321875,69,0
Bach/Fugue/bwv_848/SunY01M.mid,85.340625,63,0
Bach/Fugue/bwv_848/SunY01M.mid,85.36145833333333,56,0
Bach/Fugue/bwv_848/SunY01M.mid,85.38125,47,0
Bach/Fugue/bwv_848/SunY01M.mid,85.40104166666667,40,0
Bach/Fugue/bwv_848/SunY01M.mid,85.42083333333333,37,0
Bach/Fugue/bwv_848/SunY01M.mid,85.44166666666666,34,0
Bach/Fugue/bwv_848/SunY01M.mid,85.46145833333333,27,0
Bach/Fugue/bwv_848/SunY01M.mid,85.48125,18,0
Bach/Fugue/bwv_848/SunY01M.mid,85.50104166666667,0,0
Bach/Fugue/bwv_848/SunY01M.mid,87.18333333333334,51,0
Bach/Fugue/bwv_848/SunY01M.mid,87.20208333333333,64,0
Bach/Fugue/bwv_848/SunY01M.mid,87.221875,70,0
Bach/Fugue/bwv_848/SunY01M.mid,87.24270833333333,80,0
Bach/Fugue/bwv_848/SunY01M.mid,87.26145833333334,97,0
Bach/Fugue/bwv_848/SunY01M.mid,87.28229166666667,127,0
Bach/Fugue/bwv_848/SunY01M.mid,87.44270833333333,89,0
Bach/Fugue/bwv_848/SunY01M.mid,87.4625,73,0
Bach/Fugue/bwv_848/SunY01M.mid,87.48229166666667,64,0
Bach/Fugue/bwv_848/SunY01M.mid,87.50208333333333,51,0
Bach/Fugue/bwv_848/SunY01M.mid,87.52291666666666,39,0
Bach/Fugue/bwv_848/SunY01M.mid,87.54166666666667,36,0
Bach/Fugue/bwv_848/SunY01M.mid,87.5625,34,0
Bach/Fugue/bwv_848/SunY01M.mid,87.58229166666666,28,0
Bach/Fugue/bwv_848/SunY01M.mid,87.603125,17,0
Bach/Fugue/bwv_848/SunY01M.mid,87.621875,0,0
Bach/Fugue/bwv_848/SunY01M.mid,89.30208333333333,36,0
Bach/Fugue/bwv_848/SunY01M.mid,89.32291666666667,56,0
Bach/Fugue/bwv_848/SunY01M.mid,89.34166666666667,63,0
Bach/Fugue/bwv_848/SunY01M.mid,89.3625,66,0
Bach/Fugue/bwv_848/SunY01M.mid,89.38229166666666,70,0
Bach/Fugue/bwv_848/SunY01M.mid,89.40208333333334,77,0
Bach/Fugue/bwv_848/SunY01M.mid,89.421875,90,0
Bach/Fugue/bwv_848/SunY01M.mid,89.44270833333333,111,0
Bach/Fugue/bwv_848/SunY01M.mid,89.4625,127,0
Bach/Fugue/bwv_848/SunY01M.mid,89.58229166666666,97,0
Bach/Fugue/bwv_848/SunY01M.mid,89.603125,79,0
Bach/Fugue/bwv_848/SunY01M.mid,89.621875,68,0
Bach/Fugue/bwv_848/SunY01M.mid,89.64270833333333,61,0
Bach/Fugue/bwv_848/SunY01M.mid,89.6625,50,0
Bach/Fugue/bwv_848/SunY01M.mid,89.68333333333334,48,0
Bach/Fugue/bwv_848/SunY01M.mid,89.70208333333333,47,0
Bach/Fugue/bwv_848/SunY01M.mid,89.721875,46,0
Bach/Fugue/bwv_848/SunY01M.mid,89.74270833333333,44,0
Bach/Fugue/bwv_848/SunY01M.mid,89.76145833333334,41,0
Bach/Fugue/bwv_848/SunY01M.mid,89.78229166666667,38,0
Bach/Fugue/bwv_848/SunY01M.mid,89.80208333333333,36,0
Bach/Fugue/bwv_848/SunY01M.mid,89.82291666666667,36,0
Bach/Fugue/bwv_848/SunY01M.mid,89.86354166666666,35,0
Bach/Fugue/bwv_848/SunY01M.mid,89.88229166666666,33,0
Bach/Fugue/bwv_848/SunY01M.mid,89.90208333333334,32,0
Bach/Fugue/bwv_848/SunY01M.mid,89.921875,30,0
Bach/Fugue/bwv_848/SunY01M.mid,89.94270833333333,29,0
Bach/Fugue/bwv_848/SunY01M.mid,89.9625,29,0
Bach/Fugue/bwv_848/SunY01M.mid,90.0625,28,0
Bach/Fugue/bwv_848/SunY01M.mid,90.103125,27,0
Bach/Fugue/bwv_848/SunY01M.mid,91.58125,27,0
Bach/Fugue/bwv_848/SunY01M.mid,92.08020833333333,26,0
Bach/Fugue/bwv_848/SunY01M.mid,92.18020833333333,25,0
Bach/Fugue/bwv_848/SunY01M.mid,92.40104166666667,24,0
Bach/Fugue/bwv_848/SunY01M.mid,93.26041666666667,23,0
Bach/Fugue/bwv_848/SunY01M.mid,93.56145833333333,22,0
Bach/Fugue/bwv_848/SunY01M.mid,94.08125,21,0
Bach/Fugue/bwv_848/SunY01M.mid,94.50104166666667,20,0
Bach/Fugue/bwv_848/SunY01M.mid,94.521875,19,0
Bach/Fugue/bwv_848/SunY01M.mid,94.54166666666667,18,0
Bach/Fugue/bwv_848/SunY01M.mid,94.56145833333333,15,0
Bach/Fugue/bwv_848/SunY01M.mid,94.58125,9,0
Bach/Fugue/bwv_848/SunY01M.mid,94.60208333333333,0,0
Bach/Fugue/bwv_848/SunY01M.mid,104.94166666666666,42,0
Bach/Fugue/bwv_848/SunY01M.mid,104.96145833333333,57,0
Bach/Fugue/bwv_848/SunY01M.mid,104.98125,64,0
Bach/Fugue/bwv_848/SunY01M.mid,105.00104166666667,71,0
Bach/Fugue/bwv_848/SunY01M.mid,105.021875,84,0
Bach/Fugue/bwv_848/SunY01M.mid,105.04166666666667,112,0
Bach/Fugue/bwv_848/SunY01M.mid,105.06145833333333,127,0
Bach/Fugue/bwv_848/SunY01M.mid,105.22083333333333,118,0
Bach/Fugue/bwv_848/SunY01M.mid,105.24166666666666,91,0
Bach/Fugue/bwv_848/SunY01M.mid,105.26041666666667,77,0
Bach/Fugue/bwv_848/SunY01M.mid,105.28125,68,0
Bach/Fugue/bwv_848/SunY01M.mid,105.30104166666666,62,0
Bach/Fugue/bwv_848/SunY01M.mid,105.32187499999999,56,0
Bach/Fugue/bwv_848/SunY01M.mid,105.340625,52,0
Bach/Fugue/bwv_848/SunY01M.mid,105.36145833333333,50,0
Bach/Fugue/bwv_848/SunY01M.mid,105.38125,47,0
Bach/Fugue/bwv_848/SunY01M.mid,105.40208333333334,45,0
Bach/Fugue/bwv_848/SunY01M.mid,105.42083333333333,42,0
Bach/Fugue/bwv_848/SunY01M.mid,105.44166666666666,39,0
Bach/Fugue/bwv_848/SunY01M.mid,105.46145833333333,37,0
Bach/Fugue/bwv_848/SunY01M.mid,105.48125,36,0
Bach/Fugue/bwv_848/SunY01M.mid,105.50104166666667,34,0
Bach/Fugue/bwv_848/SunY01M.mid,105.521875,32,0
Bach/Fugue/bwv_848/SunY01M.mid,105.54166666666667,28,0
Bach/Fugue/bwv_848/SunY01M.mid,105.56145833333333,25,0
Bach/Fugue/bwv_848/SunY01M.mid,105.58125,24,0
Bach/Fugue/bwv_848/SunY01M.mid,105.62083333333334,23,0
Bach/Fugue/bwv_848/SunY01M.mid,105.640625,22,0
Bach/Fugue/bwv_848/SunY01M.mid,105.66145833333333,20,0
Bach/Fugue/bwv_848/SunY01M.mid,105.68124999999999,15,0
Bach/Fugue/bwv_848/SunY01M.mid,105.70104166666667,9,0
Bach/Fugue/bwv_848/SunY01M.mid,105.72083333333333,0,0
Bach/Fugue/bwv_848/SunY01M.mid,107.16041666666666,46,0
Bach/Fugue/bwv_848/SunY01M.mid,107.18020833333333,65,0
Bach/Fugue/bwv_848/SunY01M.mid,107.2,72,0
Bach/Fugue/bwv_848/SunY01M.mid,107.21979166666667,89,0
Bach/Fugue/bwv_848/SunY01M.mid,107.240625,127,0
Bach/Fugue/bwv_848/SunY01M.mid,107.40104166666667,101,0
Bach/Fugue/bwv_848/SunY01M.mid,107.41979166666667,74,0
Bach/Fugue/bwv_848/SunY01M.mid,107.440625,58,0
Bach/Fugue/bwv_848/SunY01M.mid,107.46041666666666,0,0
Bach/Fugue/bwv_848/SunY01M.mid,109.40208333333334,47,0
Bach/Fugue/bwv_848/SunY01M.mid,109.42083333333333,62,0
Bach/Fugue/bwv_848/SunY01M.mid,109.44166666666666,67,0
Bach/Fugue/bwv_848/SunY01M.mid,109.46145833333333,76,0
Bach/Fugue/bwv_848/SunY01M.mid,109.48125,93,0
Bach/Fugue/bwv_848/SunY01M.mid,109.50104166666667,127,0
Bach/Fugue/bwv_848/SunY01M.mid,109.66145833333333,96,0
Bach/Fugue/bwv_848/SunY01M.mid,109.68124999999999,79,0
Bach/Fugue/bwv_848/SunY01M.mid,109.70104166666667,69,0
Bach/Fugue/bwv_848/SunY01M.mid,109.72083333333333,62,0
Bach/Fugue/bwv_848/SunY01M.mid,109.74166666666666,48,0
Bach/Fugue/bwv_848/SunY01M.mid,109.76041666666667,36,0
Bach/Fugue/bwv_848/SunY01M.mid,109.78125,31,0
Bach/Fugue/bwv_848/SunY01M.mid,109.80104166666666,27,0
Bach/Fugue/bwv_848/SunY01M.mid,109.82187499999999,24,0
Bach/Fugue/bwv_848/SunY01M.mid,109.840625,21,0
Bach/Fugue/bwv_848/SunY01M.mid,109.86145833333333,18,0
Bach/Fugue/bwv_848/SunY01M.mid,109.88125,17,0
Bach/Fugue/bwv_848/SunY01M.mid,109.91979166666667,15,0
Bach/Fugue/bwv_848/SunY01M.mid,110.11979166666667,17,0
Bach/Fugue/bwv_848/SunY01M.mid,110.2,18,0
Bach/Fugue/bwv_848/SunY01M.mid,110.21979166666667,19,0
Bach/Fugue/bwv_848/SunY01M.mid,110.240625,20,0
Bach/Fugue/bwv_848/SunY01M.mid,110.26041666666667,24,0
Bach/Fugue/bwv_848/SunY01M.mid,110.28020833333333,28,0
Bach/Fugue/bwv_848/SunY01M.mid,110.3,29,0
Bach/Fugue/bwv_848/SunY01M.mid,110.32083333333333,30,0
Bach/Fugue/bwv_848/SunY01M.mid,110.40104166666667,31,0
Bach/Fugue/bwv_848/SunY01M.mid,110.440625,31,0
Bach/Fugue/bwv_848/SunY01M.mid,110.5,32,0
Bach/Fugue/bwv_848/SunY01M.mid,110.52083333333333,33,0
Bach/Fugue/bwv_848/SunY01M.mid,110.54062499999999,34,0
Bach/Fugue/bwv_848/SunY01M.mid,110.559375,34,0
Bach/Fugue/bwv_848/SunY01M.mid,110.6,35,0
Bach/Fugue/bwv_848/SunY01M.mid,110.63958333333333,35,0
Bach/Fugue/bwv_848/SunY01M.mid,110.7,36,0
Bach/Fugue/bwv_848/SunY01M.mid,110.71979166666667,37,0
Bach/Fugue/bwv_848/SunY01M.mid,110.740625,37,0
Bach/Fugue/bwv_848/SunY01M.mid,110.76041666666667,38,0
Bach/Fugue/bwv_848/SunY01M.mid,110.80416666666666,38,0
Bach/Fugue/bwv_848/SunY01M.mid,110.84375,39,0
Bach/Fugue/bwv_848/SunY01M.mid,110.86458333333333,40,0
Bach/Fugue/bwv_848/SunY01M.mid,110.88437499999999,40,0
Bach/Fugue/bwv_848/SunY01M.mid,110.90416666666667,41,0
Bach/Fugue/bwv_848/SunY01M.mid,110.92395833333333,41,0
Bach/Fugue/bwv_848/SunY01M.mid,110.94479166666666,42,0
Bach/Fugue/bwv_848/SunY01M.mid,110.984375,43,0
Bach/Fugue/bwv_848/SunY01M.mid,111.00416666666666,43,0
Bach/Fugue/bwv_848/SunY01M.mid,111.02499999999999,44,0
Bach/Fugue/bwv_848/SunY01M.mid,111.04375,44,0
Bach/Fugue/bwv_848/SunY01M.mid,111.12395833333333,44,0
Bach/Fugue/bwv_848/SunY01M.mid,111.14479166666666,42,0
Bach/Fugue/bwv_848/SunY01M.mid,111.16458333333333,38,0
Bach/Fugue/bwv_848/SunY01M.mid,111.18333333333334,27,0
Bach/Fugue/bwv_848/SunY01M.mid,111.20416666666667,0,0
Bach/Fugue/bwv_848/SunY01M.mid,111.68333333333334,43,0
Bach/Fugue/bwv_848/SunY01M.mid,111.70416666666667,73,0
Bach/Fugue/bwv_848/SunY01M.mid,111.72395833333333,89,0
Bach/Fugue/bwv_848/SunY01M.mid,111.74479166666667,127,0
Bach/Fugue/bwv_848/SunY01M.mid,112.07916666666667,108,0
Bach/Fugue/bwv_848/SunY01M.mid,112.09895833333333,83,0
Bach/Fugue/bwv_848/SunY01M.mid,112.11979166666667,70,0
Bach/Fugue/bwv_848/SunY01M.mid,112.13854166666667,59,0
Bach/Fugue/bwv_848/SunY01M.mid,112.159375,0,0
Bach/Fugue/bwv_848/SunY01M.mid,112.98020833333334,18,0
Bach/Fugue/bwv_848/SunY01M.mid,112.99895833333333,31,0
Bach/Fugue/bwv_848/SunY01M.mid,113.01875,35,0
Bach/Fugue/bwv_848/SunY01M.mid,113.03958333333333,35,0
Bach/Fugue/bwv_848/SunY01M.mid,113.09895833333333,35,0
Bach/Fugue/bwv_848/SunY01M.mid,113.11979166666667,34,0
Bach/Fugue/bwv_848/SunY01M.mid,113.13854166666667,34,0
Bach/Fugue/bwv_848/SunY01M.mid,113.27916666666667,33,0
Bach/Fugue/bwv_848/SunY01M.mid,113.31979166666666,32,0
Bach/Fugue/bwv_848/SunY01M.mid,113.33854166666667,30,0
Bach/Fugue/bwv_848/SunY01M.mid,113.359375,27,0
Bach/Fugue/bwv_848/SunY01M.mid,113.37916666666666,22,0
Bach/Fugue/bwv_848/SunY01M.mid,113.39999999999999,21,0
Bach/Fugue/bwv_848/SunY01M.mid,113.41875,20,0
Bach/Fugue/bwv_848/SunY01M.mid,114.940625,21,0
Bach/Fugue/bwv_848/SunY01M.mid,115.04062499999999,22,0
Bach/Fugue/bwv_848/SunY01M.mid,115.46041666666666,23,0
Bach/Fugue/bwv_848/SunY01M.mid,115.52083333333333,24,0
Bach/Fugue/bwv_848/SunY01M.mid,115.54062499999999,25,0
Bach/Fugue/bwv_848/SunY01M.mid,115.559375,27,0
Bach/Fugue/bwv_848/SunY01M.mid,115.58020833333333,27,0
Bach/Fugue/bwv_848/SunY01M.mid,115.6,28,0
Bach/Fugue/bwv_848/SunY01M.mid,115.62083333333334,29,0
Bach/Fugue/bwv_848/SunY01M.mid,115.8,29,0
Bach/Fugue/bwv_848/SunY01M.mid,115.84166666666667,30,0
Bach/Fugue/bwv_848/SunY01M.mid,116.07916666666667,31,0
Bach/Fugue/bwv_848/SunY01M.mid,116.159375,31,0
Bach/Fugue/bwv_848/SunY01M.mid,116.17916666666666,32,0
Bach/Fugue/bwv_848/SunY01M.mid,116.19895833333334,32,0
Bach/Fugue/bwv_848/SunY01M.mid,116.21875,33,0
Bach/Fugue/bwv_848/SunY01M.mid,116.27916666666667,34,0
Bach/Fugue/bwv_848/SunY01M.mid,116.86354166666666,32,0
Bach/Fugue/bwv_848/SunY01M.mid,116.88333333333333,30,0
Bach/Fugue/bwv_848/SunY01M.mid,116.903125,28,0
Bach/Fugue/bwv_848/SunY01M.mid,116.92291666666667,22,0
Bach/Fugue/bwv_848/SunY01M.mid,116.94375,0,0
Bach/Fugue/bwv_848/SunY01M.mid,117.46354166666667,55,0
Bach/Fugue/bwv_848/SunY01M.mid,117.48333333333333,64,0
Bach/Fugue/bwv_848/SunY01M.mid,117.503125,69,0
Bach/Fugue/bwv_848/SunY01M.mid,117.52395833333333,78,0
Bach/Fugue/bwv_848/SunY01M.mid,117.54270833333334,104,0
Bach/Fugue/bwv_848/SunY01M.mid,117.56354166666667,127,0
Bach/Fugue/bwv_848/SunY01M.mid,117.78333333333333,96,0
Bach/Fugue/bwv_848/SunY01M.mid,117.803125,73,0
Bach/Fugue/bwv_848/SunY01M.mid,117.82395833333334,51,0
Bach/Fugue/bwv_848/SunY01M.mid,117.84270833333333,0,0
Bach/Fugue/bwv_848/SunY01M.mid,118.12083333333334,27,0
Bach/Fugue/bwv_848/SunY01M.mid,118.13958333333333,64,0
Bach/Fugue/bwv_848/SunY01M.mid,118.16041666666666,70,0
Bach/Fugue/bwv_848/SunY01M.mid,118.18020833333333,78,0
Bach/Fugue/bwv_848/SunY01M.mid,118.2,89,0
Bach/Fugue/bwv_848/SunY01M.mid,118.21979166666667,107,0
Bach/Fugue/bwv_848/SunY01M.mid,118.240625,127,0
Bach/Fugue/bwv_848/SunY01M.mid,118.40104166666667,107,0
Bach/Fugue/bwv_848/SunY01M.mid,118.41979166666667,86,0
Bach/Fugue/bwv_848/SunY01M.mid,118.4375,72,0
Bach/Fugue/bwv_848/SunY01M.mid,118.45729166666666,63,0
Bach/Fugue/bwv_848/SunY01M.mid,118.47708333333333,47,0
Bach/Fugue/bwv_848/SunY01M.mid,118.496875,0,0
Bach/Fugue/bwv_848/SunY01M.mid,123.14375,18,0
Bach/Fugue/bwv_848/SunY01M.mid,123.16458333333333,30,0
Bach/Fugue/bwv_848/SunY01M.mid,123.184375,42,0
Bach/Fugue/bwv_848/SunY01M.mid,123.20416666666667,50,0
Bach/Fugue/bwv_848/SunY01M.mid,123.22395833333333,53,0
Bach/Fugue/bwv_848/SunY01M.mid,123.24479166666667,55,0
Bach/Fugue/bwv_848/SunY01M.mid,123.26354166666667,56,0
Bach/Fugue/bwv_848/SunY01M.mid,123.284375,57,0
Bach/Fugue/bwv_848/SunY01M.mid,123.30416666666666,58,0
Bach/Fugue/bwv_848/SunY01M.mid,123.32395833333334,59,0
Bach/Fugue/bwv_848/SunY01M.mid,123.34375,60,0
Bach/Fugue/bwv_848/SunY01M.mid,123.36354166666666,60,0
Bach/Fugue/bwv_848/SunY01M.mid,123.38437499999999,61,0
Bach/Fugue/bwv_848/SunY01M.mid,123.40416666666667,62,0
Bach/Fugue/bwv_848/SunY01M.mid,123.42395833333333,63,0
Bach/Fugue/bwv_848/SunY01M.mid,123.44375,63,0
Bach/Fugue/bwv_848/SunY01M.mid,123.48333333333333,64,0
Bach/Fugue/bwv_848/SunY01M.mid,123.50416666666666,65,0
Bach/Fugue/bwv_848/SunY01M.mid,123.52395833333333,65,0
Bach/Fugue/bwv_848/SunY01M.mid,123.54479166666667,66,0
Bach/Fugue/bwv_848/SunY01M.mid,123.56354166666667,67,0
Bach/Fugue/bwv_848/SunY01M.mid,123.584375,69,0
Bach/Fugue/bwv_848/SunY01M.mid,123.60416666666667,71,0
Bach/Fugue/bwv_848/SunY01M.mid,123.62395833333333,74,0
Bach/Fugue/bwv_848/SunY01M.mid,123.64375,77,0
Bach/Fugue/bwv_848/SunY01M.mid,123.66458333333333,81,0
Bach/Fugue/bwv_848/SunY01M.mid,123.684375,84,0
Bach/Fugue/bwv_848/SunY01M.mid,123.70416666666667,89,0
Bach/Fugue/bwv_848/SunY01M.mid,123.72395833333333,95,0
Bach/Fugue/bwv_848/SunY01M.mid,123.74479166666667,105,0
Bach/Fugue/bwv_848/SunY01M.mid,123.76354166666667,127,0
Bach/Fugue/bwv_848/SunY01M.mid,124.20208333333333,117,0
Bach/Fugue/bwv_848/SunY01M.mid,124.221875,102,0
Bach/Fugue/bwv_848/SunY01M.mid,124.24270833333333,93,0
Bach/Fugue/bwv_848/SunY01M.mid,124.2625,88,0
Bach/Fugue/bwv_848/SunY01M.mid,124.28125,84,0
Bach/Fugue/bwv_848/SunY01M.mid,124.30208333333333,80,0
Bach/Fugue/bwv_848/SunY01M.mid,124.32187499999999,75,0
Bach/Fugue/bwv_848/SunY01M.mid,124.34166666666667,71,0
Bach/Fugue/bwv_848/SunY01M.mid,124.36145833333333,67,0
Bach/Fugue/bwv_848/SunY01M.mid,124.38229166666666,65,0
Bach/Fugue/bwv_848/SunY01M.mid,124.40208333333334,64,0
Bach/Fugue/bwv_848/SunY01M.mid,124.421875,63,0
Bach/Fugue/bwv_848/SunY01M.mid,124.44166666666666,62,0
Bach/Fugue/bwv_848/SunY01M.mid,124.46249999999999,61,0
Bach/Fugue/bwv_848/SunY01M.mid,124.48229166666667,60,0
Bach/Fugue/bwv_848/SunY01M.mid,124.50208333333333,58,0
Bach/Fugue/bwv_848/SunY01M.mid,124.521875,56,0
Bach/Fugue/bwv_848/SunY01M.mid,124.54270833333334,52,0
Bach/Fugue/bwv_848/SunY01M.mid,124.56145833333333,48,0
Bach/Fugue/bwv_848/SunY01M.mid,124.58229166666666,44,0
Bach/Fugue/bwv_848/SunY01M.mid,124.60208333333333,43,0
Bach/Fugue/bwv_848/SunY01M.mid,124.62291666666667,41,0
Bach/Fugue/bwv_848/SunY01M.mid,124.64166666666667,41,0
Bach/Fugue/bwv_848/SunY01M.mid,124.6625,40,0
Bach/Fugue/bwv_848/SunY01M.mid,124.70208333333333,40,0
Bach/Fugue/bwv_848/SunY01M.mid,124.80208333333333,39,0
