key,match_index,pitch,onset_seconds,actual_duration_seconds,expected_duration_seconds,note_log2,midi_match_max_timing_error_seconds
Bach/Fugue/bwv_848/MiyashitaM01M.mid,669,68,65.51666666666667,0.09479166666666572,0.13593750000001137,-0.5201113563713233,0.0
Bach/Fugue/bwv_848/MiyashitaM01M.mid,671,66,65.65,0.10104166666666003,0.1666666666666572,-0.7220152527002475,0.0
Bach/Fugue/bwv_848/MiyashitaM01M.mid,672,65,65.80833333333334,0.15312499999998863,0.12604166666666572,0.2808091075616736,0.0
Bach/Fugue/bwv_848/MiyashitaM01M.mid,673,61,65.81666666666666,0.12604166666666572,0.296875,-1.2359548717775204,0.0
Bach/Fugue/bwv_848/MiyashitaM01M.mid,674,49,65.82395833333334,0.20208333333333428,0.296875,-0.5549052668649695,0.0
Bach/Fugue/bwv_848/MiyashitaM01M.mid,675,68,65.94270833333333,0.12291666666666856,0.17083333333333428,-0.4749089552562282,0.0
Bach/Fugue/bwv_848/MiyashitaM01M.mid,676,66,66.11145833333333,0.14895833333333997,0.13958333333333428,0.09378214632067143,0.0
Bach/Fugue/bwv_848/MiyashitaM01M.mid,677,51,66.115625,0.16354166666667425,0.30937500000000284,-0.9196983719090851,0.0
Bach/Fugue/bwv_848/MiyashitaM01M.mid,678,65,66.253125,0.10208333333333997,0.16979166666666856,-0.7340183101157917,0.0
Bach/Fugue/bwv_848/MiyashitaM01M.mid,679,63,66.41145833333333,0.1510416666666714,0.12916666666666288,0.22571277962814673,0.0
Bach/Fugue/bwv_848/MiyashitaM01M.mid,680,60,66.42291666666667,0.052083333333328596,0.2927083333333371,-2.490570130446351,0.0
Bach/Fugue/bwv_848/MiyashitaM01M.mid,681,44,66.43541666666667,0.19895833333333712,0.2927083333333371,-0.5569974921851686,0.0
Bach/Fugue/bwv_848/MiyashitaM01M.mid,682,66,66.55208333333333,0.10000000000000853,0.16354166666667425,-0.7096582481704146,0.0
Bach/Fugue/bwv_848/MiyashitaM01M.mid,683,65,66.70625,0.06979166666667425,0.31041666666665435,-2.153079330004175,0.0
Bach/Fugue/bwv_848/MiyashitaM01M.mid,684,61,66.715625,0.21875,0.6072916666666544,-1.4731065555343446,0.0
Bach/Fugue/bwv_848/MiyashitaM01M.mid,685,49,66.71979166666667,0.06145833333333428,0.13854166666666856,-1.1726393861393458,0.0
Bach/Fugue/bwv_848/MiyashitaM01M.mid,686,51,66.85416666666667,0.08749999999999147,0.1718749999999858,-0.9740047914670767,0.0
Bach/Fugue/bwv_848/MiyashitaM01M.mid,687,68,67.015625,0.04270833333333712,0.296875,-2.7972661044338922,0.0
Bach/Fugue/bwv_848/MiyashitaM01M.mid,688,53,67.03645833333333,0.09895833333334281,0.14375000000001137,-0.5386688484471971,0.0
Bach/Fugue/bwv_848/MiyashitaM01M.mid,689,54,67.16979166666667,0.109375,0.15312499999998863,-0.4854268271701345,0.0
Bach/Fugue/bwv_848/MiyashitaM01M.mid,690,73,67.31979166666666,0.23229166666666856,0.6067708333333428,-1.3852143396213488,0.0
Bach/Fugue/bwv_848/MiyashitaM01M.mid,691,53,67.32604166666667,0.12812499999999716,0.15208333333333712,-0.24731005354084534,0.0
Bach/Fugue/bwv_848/MiyashitaM01M.mid,692,51,67.475,0.0729166666666714,0.15937500000001137,-1.1281048257476944,0.0
Bach/Fugue/bwv_848/MiyashitaM01M.mid,694,49,67.63333333333333,0.053125000000008527,0.12864583333333712,-1.275941889612993,0.0
Bach/Fugue/bwv_848/MiyashitaM01M.mid,693,80,67.63541666666667,0.07395833333332291,0.12864583333333712,-0.7986201120802414,0.0
Bach/Fugue/bwv_848/MiyashitaM01M.mid,696,53,67.76041666666667,0.0833333333333286,0.1666666666666572,-1.0,0.0
Bach/Fugue/bwv_848/MiyashitaM01M.mid,695,77,67.765625,0.07083333333332575,0.1666666666666572,-1.2344652536370953,0.0
Bach/Fugue/bwv_848/MiyashitaM01M.mid,697,73,67.925,0.296875,0.6072916666666686,-1.0325339641483968,0.0
Bach/Fugue/bwv_848/Lou01M.mid,670,68,61.853125,0.12187500000000284,0.12187500000000284,0.0,0.00026041666666998253
Bach/Fugue/bwv_848/Lou01M.mid,671,53,61.853125,0.04895833333333144,0.28333333333333144,-2.532873989572748,0.00026041666666998253
Bach/Fugue/bwv_848/Lou01M.mid,672,66,61.975,0.10833333333333428,0.1614583333333286,-0.5756846871330904,0.0002604166666628771
Bach/Fugue/bwv_848/Lou01M.mid,673,65,62.13645833333333,0.08541666666666714,0.1197916666666714,-0.4879380463263405,0.0005208333333328596
Bach/Fugue/bwv_848/Lou01M.mid,674,61,62.13645833333333,0.03541666666666998,0.27916666666666856,-2.9786263492073077,0.00026041666666998253
Bach/Fugue/bwv_848/Lou01M.mid,675,49,62.14479166666666,0.05104166666666998,0.27916666666666856,-2.4513793463424802,0.0005208333333328596
Bach/Fugue/bwv_848/Lou01M.mid,676,68,62.25625,0.1666666666666643,0.15937499999999716,0.06454025219471586,0.0002604166666628771
Bach/Fugue/bwv_848/Lou01M.mid,677,66,62.405208333333334,0.11666666666666714,0.11354166666666998,0.03917059728064135,0.00026041666666998253
Bach/Fugue/bwv_848/Lou01M.mid,678,51,62.42604166666666,0.047916666666672825,0.2718750000000014,-2.5043440405126938,0.0002604166666628771
Bach/Fugue/bwv_848/Lou01M.mid,679,65,62.52916666666667,0.09375,0.15833333333333144,-0.7560744171138936,0.0005208333333399651
Bach/Fugue/bwv_848/Lou01M.mid,680,63,62.670833333333334,0.07499999999999574,0.1145833333333357,-0.611434712082459,0.00026041666666998253
Bach/Fugue/bwv_848/Lou01M.mid,682,44,62.6875,0.04999999999999716,0.2697916666666629,-2.4318457869654595,0.0005208333333328596
Bach/Fugue/bwv_848/Lou01M.mid,681,60,62.688541666666666,0.0572916666666643,0.2697916666666629,-2.235448574161934,0.00026041666666998253
Bach/Fugue/bwv_848/Lou01M.mid,683,66,62.802083333333336,0.10208333333333286,0.15520833333332718,-0.6044586763469029,0.0005208333333399651
Bach/Fugue/bwv_848/Lou01M.mid,686,49,62.952083333333334,0.12708333333333144,0.13750000000000284,-0.11365678179561853,0.00026041666666998253
Bach/Fugue/bwv_848/Lou01M.mid,684,65,62.95729166666666,0.06666666666666998,0.28437500000000426,-2.0927571409198023,0.0005208333333328596
Bach/Fugue/bwv_848/Lou01M.mid,685,61,62.96666666666667,0.24791666666666146,0.6015625,-1.2788593729955067,0.0005208333333399651
Bach/Fugue/bwv_848/Lou01M.mid,687,51,63.094791666666666,0.125,0.14687500000000142,-0.23266075679028894,0.0002604166666628771
Bach/Fugue/bwv_848/Lou01M.mid,688,68,63.228125,0.046875,0.31718749999999574,-2.7584453215766382,0.00026041666666998253
Bach/Fugue/bwv_848/Lou01M.mid,689,53,63.255208333333336,0.12395833333332718,0.15520833333333428,-0.32435075715429856,0.0002604166666628771
Bach/Fugue/bwv_848/Lou01M.mid,690,54,63.396875,0.13333333333333286,0.16197916666666146,-0.2807707701305613,0.00026041666666998253
Bach/Fugue/bwv_848/Lou01M.mid,692,53,63.55520833333333,0.15833333333333144,0.16614583333333854,-0.06948510032134644,0.0005208333333328596
Bach/Fugue/bwv_848/Lou01M.mid,691,73,63.5625,0.33645833333333286,0.5729166666666572,-0.7678974537180752,0.0005208333333328596
Bach/Fugue/bwv_848/Lou01M.mid,693,51,63.725,0.12708333333333144,0.1328124999999929,-0.06361609929591602,0.0005208333333328596
Bach/Fugue/bwv_848/Lou01M.mid,695,49,63.85208333333333,0.14270833333333144,0.13489583333333854,0.08122379527389788,0.0005208333333328596
Bach/Fugue/bwv_848/Lou01M.mid,694,80,63.86354166666666,0.1614583333333428,0.13489583333333854,0.2593161175877126,0.00026041666667708796
Bach/Fugue/bwv_848/Lou01M.mid,697,53,63.989583333333336,0.1197916666666643,0.1390624999999872,-0.2152058807430746,7.105427357601002e-15
Bach/Fugue/bwv_848/Lou01M.mid,696,77,63.99583333333333,0.13854166666667567,0.1390624999999872,-0.0054134961861379794,0.00026041666667708796
Bach/Fugue/bwv_848/Lou01M.mid,699,58,64.13020833333333,0.14374999999999716,0.1369791666666771,0.06960546748572854,0.0005208333333257542
Bach/Fugue/bwv_848/SunY01M.mid,669,68,59.791666666666664,0.16250000000000142,0.14531249999999574,0.16128090703311562,0.0
Bach/Fugue/bwv_848/SunY01M.mid,671,66,59.932291666666664,0.09166666666666856,0.12708333333333144,-0.4713057189255377,0.0
Bach/Fugue/bwv_848/SunY01M.mid,674,49,60.047916666666666,0.04791666666666572,0.2828125000000057,-2.5612464317474064,0.0
Bach/Fugue/bwv_848/SunY01M.mid,673,61,60.059374999999996,0.03854166666666714,0.2828125000000057,-2.875355022175423,0.0
Bach/Fugue/bwv_848/SunY01M.mid,672,65,60.06979166666667,0.10312499999999858,0.14791666666666714,-0.5203904994250969,0.0
Bach/Fugue/bwv_848/SunY01M.mid,675,68,60.20729166666666,0.1302083333333357,0.13489583333333854,-0.05102400302449628,0.0
Bach/Fugue/bwv_848/SunY01M.mid,677,51,60.333333333333336,0.04270833333333002,0.2776041666666629,-2.7004397181411846,0.0
Bach/Fugue/bwv_848/SunY01M.mid,676,66,60.35104166666667,0.1145833333333286,0.14218749999999858,-0.3113974273952381,0.0
Bach/Fugue/bwv_848/SunY01M.mid,678,65,60.484375,0.11041666666666572,0.1354166666666643,-0.2944473584652424,0.0
Bach/Fugue/bwv_848/SunY01M.mid,679,63,60.61666666666667,0.1458333333333286,0.14166666666666572,0.041820175694589866,0.0
Bach/Fugue/bwv_848/SunY01M.mid,681,44,60.619791666666664,0.04895833333333144,0.29375000000000284,-2.584962500721226,0.0
Bach/Fugue/bwv_848/SunY01M.mid,680,60,60.666666666666664,0.04479166666666856,0.29375000000000284,-2.7132865976966487,0.0
Bach/Fugue/bwv_848/SunY01M.mid,682,66,60.76145833333333,0.08437500000000142,0.15208333333333712,-0.8499745559954041,0.0
Bach/Fugue/bwv_848/SunY01M.mid,684,61,60.91354166666667,0.03854166666666714,0.5567708333333385,-3.8525927720915365,0.0
Bach/Fugue/bwv_848/SunY01M.mid,685,49,60.91354166666667,0.16458333333333286,0.13645833333333002,0.2703577466396835,0.0
Bach/Fugue/bwv_848/SunY01M.mid,683,65,60.921875,0.03437499999999716,0.27291666666666714,-2.989028882179119,0.0
Bach/Fugue/bwv_848/SunY01M.mid,686,51,61.05,0.1145833333333357,0.13645833333333712,-0.25206328801280087,0.0
Bach/Fugue/bwv_848/SunY01M.mid,687,68,61.184374999999996,0.028125000000002842,0.2838541666666714,-3.3352249175006983,0.0
Bach/Fugue/bwv_848/SunY01M.mid,688,53,61.188541666666666,0.13333333333333286,0.13854166666666146,-0.05528243550114042,0.0
Bach/Fugue/bwv_848/SunY01M.mid,689,54,61.324999999999996,0.11145833333333854,0.14531250000000995,-0.38265432542807193,0.0
Bach/Fugue/bwv_848/SunY01M.mid,690,73,61.46666666666667,0.30416666666666714,0.5479166666666586,-0.8490944304122615,0.0
Bach/Fugue/bwv_848/SunY01M.mid,691,53,61.473958333333336,0.13229166666666003,0.13177083333332718,0.005691112077850906,0.0
Bach/Fugue/bwv_848/SunY01M.mid,692,51,61.60208333333333,0.12916666666666288,0.14270833333333854,-0.14383577257374652,0.0
Bach/Fugue/bwv_848/SunY01M.mid,694,49,61.740625,0.13958333333333428,0.12812499999999716,0.12357468511857422,0.0
Bach/Fugue/bwv_848/SunY01M.mid,693,80,61.748958333333334,0.16250000000000142,0.12812499999999716,0.3428877135230532,0.0
Bach/Fugue/bwv_848/SunY01M.mid,696,53,61.871874999999996,0.1041666666666714,0.14531249999999574,-0.48026512205435495,0.0
Bach/Fugue/bwv_848/SunY01M.mid,695,77,61.873958333333334,0.16458333333333286,0.14531249999999574,0.17965943634795356,0.0
Bach/Fugue/bwv_848/SunY01M.mid,698,58,62.016666666666666,0.12291666666666856,0.12135416666666998,0.018456904707544,0.0
