key,performance,intervals,raw_valid,relative_valid,note_count,onsets_in_beat_grid,empty_beat_count,scale,raw_mean,common_mean,relative_mean,standardized_mean,raw_mean_velocity,relative_mean_velocity,raw_range_velocity,relative_range_velocity,relative_mean_abs_velocity
Bach/Fugue/bwv_848/Denisova06M.mid,Denisova06M,216,216,216,1435,1430,0,0.04126208661417328,0.5322228384646364,0.5318261866572235,0.00039665180741296383,0.009612984702443924,67.59230048500882,0.05037477954144641,12.260416666666657,15.080357142857142,3.8263411228689015
Bach/Fugue/bwv_848/Lee01M.mid,Lee01M,216,216,216,1438,1434,0,0.04126208661417328,0.5295176789243937,0.5318261866572235,-0.002308507732829697,-0.055947430735040375,67.248745223398,-0.29318048206937153,26.67767857142857,17.39880952380953,3.614057907113463
Bach/Fugue/bwv_848/LeeSH01M.mid,LeeSH01M,216,216,216,1429,1426,0,0.04126208661417328,0.5305653267376802,0.5318261866572235,-0.0012608599195432137,-0.030557347507242063,67.38179649568538,-0.16012920978198814,26.642857142857142,21.51190476190474,4.848788338718894
Bach/Fugue/bwv_848/Lin04M.mid,Lin04M,216,216,216,1431,1428,0,0.04126208661417328,0.522787321513262,0.5318261866572235,-0.009038865143961385,-0.21905981702962618,66.39398983218427,-1.1479358732830958,23.939285714285724,17.70386904761904,3.928590635187858
Bach/Fugue/bwv_848/Lou01M.mid,Lou01M,216,216,216,1433,1430,0,0.04126208661417328,0.5107739860063788,0.5318261866572235,-0.02105220065084457,-0.5102068842929834,64.8682962228101,-2.6736294826572604,22.52083333333334,17.583333333333318,4.295601851851852
Bach/Fugue/bwv_848/MiyashitaM01M.mid,MiyashitaM01M,216,216,216,1438,1433,0,0.04126208661417328,0.5597005906143045,0.5318261866572235,0.02787440395708112,0.6755451855288974,71.08197500801668,3.5400493025493023,28.321428571428562,21.163690476190478,6.3664983164983155
Bach/Fugue/bwv_848/Mizumoto03M.mid,Mizumoto03M,216,216,216,1440,1437,0,0.04126208661417328,0.5538978634615117,0.5318261866572235,0.02207167680428835,0.5349142182428279,70.34502865961198,2.80310295414462,23.825892857142854,19.324404761904752,4.632442313345091
Bach/Fugue/bwv_848/SunY01M.mid,SunY01M,216,216,216,1431,1426,0,0.04126208661417328,0.5310007077997017,0.5318261866572235,-0.0008254788575217284,-0.02000574680675942,67.4370898905621,-0.1048358149052595,23.165178571428577,16.275892857142853,3.7033505460588794
Bach/Fugue/bwv_848/Zhou01M.mid,Zhou01M,216,216,216,1430,1426,0,0.04126208661417328,0.5154991766075537,0.5318261866572235,-0.01632701004966972,-0.39569036346459247,65.46839542915933,-2.0735302763080545,22.010714285714297,15.937499999999993,4.09535934744268
