seed,split,channel,pattern,key,beat,target,baseline,delta_loss,wide_encoder
20261006,train,tempo,small,Beethoven/Piano_Sonatas/17-1_no_repeat/Lee02.mid,825,-0.6432501077651978,-0.2522644102573395,-0.2064255326986313,-0.4217185378074646
20261006,train,tempo,small,Beethoven/Piano_Sonatas/17-1_no_repeat/Lee02.mid,826,-0.8433070778846741,-0.2516412138938904,-0.11930100619792938,-0.3906990885734558
20261006,train,tempo,small,Beethoven/Piano_Sonatas/17-1_no_repeat/Lee02.mid,827,-0.2675914466381073,-0.35234421491622925,-0.2676670551300049,-0.5587281584739685
20261006,train,tempo,small,Beethoven/Piano_Sonatas/17-1_no_repeat/Lee02.mid,828,-0.43283554911613464,-0.4261876940727234,-0.5306710004806519,-0.5637280344963074
20261006,validation,tempo,small,Beethoven/Piano_Sonatas/4-1/Zhao01.mid,597,0.6912093162536621,-0.03900282457470894,0.3465037941932678,0.07609907537698746
20261006,validation,tempo,small,Beethoven/Piano_Sonatas/4-1/Zhao01.mid,598,0.6981638073921204,0.2441675364971161,0.5453675389289856,0.42564818263053894
20261006,validation,tempo,small,Beethoven/Piano_Sonatas/4-1/Zhao01.mid,599,0.1476617455482483,0.6678273677825928,1.3041596412658691,0.7313302755355835
20261006,validation,tempo,small,Beethoven/Piano_Sonatas/4-1/Zhao01.mid,600,-0.1673385351896286,0.9204747676849365,1.1415345668792725,1.004471778869629
20261006,train,tempo,gradual,Chopin/Ballades/1/KimSuyeon04M.mid,430,-0.7113017439842224,-0.01880657859146595,-0.2275679111480713,0.006508086808025837
20261006,train,tempo,gradual,Chopin/Ballades/1/KimSuyeon04M.mid,431,0.0,0.13065539300441742,0.030436646193265915,-0.3366047441959381
20261006,train,tempo,gradual,Chopin/Ballades/1/KimSuyeon04M.mid,432,-0.08798086643218994,0.0519699826836586,-0.4000214636325836,-0.48223093152046204
20261006,train,tempo,gradual,Chopin/Ballades/1/KimSuyeon04M.mid,433,0.0,-0.08746202290058136,0.03607826679944992,-0.0825778916478157
20261006,validation,tempo,gradual,Beethoven/Piano_Sonatas/31-1/Na06M.mid,186,-0.9087287187576294,0.19195044040679932,-0.015801455825567245,-0.15087124705314636
20261006,validation,tempo,gradual,Beethoven/Piano_Sonatas/31-1/Na06M.mid,187,0.0,0.21021820604801178,0.020408350974321365,-0.31272092461586
20261006,validation,tempo,gradual,Beethoven/Piano_Sonatas/31-1/Na06M.mid,188,0.021281402558088303,0.19734974205493927,-0.025915220379829407,-0.005386674776673317
20261006,validation,tempo,gradual,Beethoven/Piano_Sonatas/31-1/Na06M.mid,189,0.1280081868171692,0.08874711394309998,0.06442345678806305,-0.37556469440460205
20261006,train,tempo,abrupt,Beethoven/Piano_Sonatas/16-1/Woo05M.mid,343,2.3570051193237305,2.5268023014068604,2.28732967376709,2.419527530670166
20261006,train,tempo,abrupt,Beethoven/Piano_Sonatas/16-1/Woo05M.mid,344,1.2760043144226074,2.111617088317871,2.121640682220459,2.6380503177642822
20261006,train,tempo,abrupt,Beethoven/Piano_Sonatas/16-1/Woo05M.mid,345,4.272585391998291,1.7984901666641235,2.0113325119018555,2.3729910850524902
20261006,train,tempo,abrupt,Beethoven/Piano_Sonatas/16-1/Woo05M.mid,346,2.7139527797698975,1.8358851671218872,1.769376516342163,2.249232769012451
20261006,validation,tempo,abrupt,Chopin/Etudes_op_10/12/Na_2006_02.mid,244,-0.5417749285697937,0.27946069836616516,0.16945509612560272,0.26108211278915405
20261006,validation,tempo,abrupt,Chopin/Etudes_op_10/12/Na_2006_02.mid,245,2.19787859916687,0.5428737998008728,0.4549292325973511,0.4731768071651459
20261006,validation,tempo,abrupt,Chopin/Etudes_op_10/12/Na_2006_02.mid,246,0.0,0.6597985625267029,0.6657939553260803,0.6444990634918213
20261006,validation,tempo,abrupt,Chopin/Etudes_op_10/12/Na_2006_02.mid,247,-1.3548399209976196,0.6978403329849243,0.3525896668434143,0.46303847432136536
20261006,train,tempo,mixed,Balakirev/Islamey/CHEN10M.mid,639,-1.384069800376892,0.24285012483596802,0.39528948068618774,0.38231733441352844
20261006,train,tempo,mixed,Balakirev/Islamey/CHEN10M.mid,640,0.038335759192705154,0.22167375683784485,0.05019832029938698,0.12430914491415024
20261006,train,tempo,mixed,Balakirev/Islamey/CHEN10M.mid,641,-0.9966278076171875,0.19668826460838318,0.22636227309703827,0.2455335408449173
20261006,train,tempo,mixed,Balakirev/Islamey/CHEN10M.mid,642,0.36120784282684326,0.35343027114868164,0.32317641377449036,0.13556024432182312
20261006,validation,tempo,mixed,Chopin/Etudes_op_25/11/WangA02M.mid,282,-0.49179309606552124,-0.3474021255970001,-0.35667166113853455,-0.44992056488990784
20261006,validation,tempo,mixed,Chopin/Etudes_op_25/11/WangA02M.mid,283,-0.9027892351150513,-0.30200648307800293,-0.5867956876754761,-0.4876287579536438
20261006,validation,tempo,mixed,Chopin/Etudes_op_25/11/WangA02M.mid,284,-0.6893017888069153,-0.22493545711040497,-0.38153281807899475,-0.47334998846054077
20261006,validation,tempo,mixed,Chopin/Etudes_op_25/11/WangA02M.mid,285,0.6988780498504639,-0.010315735824406147,-0.1737450212240219,-0.14668256044387817
20261006,train,rubato,small,Chopin/Scherzos/31/HuNY08M.mid,943,-1.0671879053115845,-1.9029498100280762,-1.8356009721755981,-1.4840190410614014
20261006,train,rubato,small,Chopin/Scherzos/31/HuNY08M.mid,944,-1.5555429458618164,-1.4220949411392212,-1.4696857929229736,-1.415696144104004
20261006,train,rubato,small,Chopin/Scherzos/31/HuNY08M.mid,945,-1.8391774892807007,-0.8127140998840332,-1.197493553161621,-0.9961440563201904
20261006,train,rubato,small,Chopin/Scherzos/31/HuNY08M.mid,946,-0.922156572341919,-0.5687525868415833,-0.9176198244094849,-0.8932046294212341
20261006,validation,rubato,small,Beethoven/Piano_Sonatas/31-1/Ahn01.mid,47,-0.3371097147464752,-0.297049343585968,-0.13781824707984924,-1.1681649684906006
20261006,validation,rubato,small,Beethoven/Piano_Sonatas/31-1/Ahn01.mid,48,-0.19731198251247406,-1.1071512699127197,-0.5221893787384033,-0.7878748178482056
20261006,validation,rubato,small,Beethoven/Piano_Sonatas/31-1/Ahn01.mid,49,-0.33909857273101807,-2.17878794670105,-1.365524172782898,-2.1995928287506104
20261006,validation,rubato,small,Beethoven/Piano_Sonatas/31-1/Ahn01.mid,50,-1.263869047164917,-1.7580760717391968,-1.6087833642959595,-1.8282194137573242
20261006,train,rubato,gradual,Chopin/Ballades/4/MiyashitaM04M.mid,200,0.11331376433372498,-0.5136220455169678,-0.507378339767456,-0.22322052717208862
20261006,train,rubato,gradual,Chopin/Ballades/4/MiyashitaM04M.mid,201,0.4370191693305969,-0.3232179880142212,-0.04511889070272446,0.07606638222932816
20261006,train,rubato,gradual,Chopin/Ballades/4/MiyashitaM04M.mid,202,0.28710249066352844,-0.2545154392719269,-0.05215758830308914,0.06417118012905121
20261006,train,rubato,gradual,Chopin/Ballades/4/MiyashitaM04M.mid,203,0.8032321929931641,-0.06128406524658203,-0.234373077750206,0.16067303717136383
20261006,validation,rubato,gradual,Chopin/Etudes_op_10/12/Gintov02.mid,169,-0.9581745862960815,0.2783232033252716,-0.29357919096946716,0.0431985929608345
20261006,validation,rubato,gradual,Chopin/Etudes_op_10/12/Gintov02.mid,170,-0.6334216594696045,0.5064949989318848,0.23073652386665344,0.19497348368167877
20261006,validation,rubato,gradual,Chopin/Etudes_op_10/12/Gintov02.mid,171,-0.31584784388542175,0.09322623163461685,-0.2919791042804718,-0.07296352088451385
20261006,validation,rubato,gradual,Chopin/Etudes_op_10/12/Gintov02.mid,172,-0.13030199706554413,0.5055649280548096,0.3026907444000244,0.16047094762325287
20261006,train,rubato,abrupt,Chopin/Scherzos/31/Jussow04.mid,306,-3.4159095287323,-0.5625037550926208,-0.4623015820980072,0.12367917597293854
20261006,train,rubato,abrupt,Chopin/Scherzos/31/Jussow04.mid,307,0.24365024268627167,-0.6236737966537476,-0.7995297312736511,-0.5202082395553589
20261006,train,rubato,abrupt,Chopin/Scherzos/31/Jussow04.mid,308,-1.5751433372497559,-0.584640383720398,-0.5910764932632446,-0.5087391138076782
20261006,train,rubato,abrupt,Chopin/Scherzos/31/Jussow04.mid,309,-4.068053722381592,-0.4168100953102112,-0.4691186249256134,-0.701249361038208
20261006,validation,rubato,abrupt,Bach/Prelude/bwv_848/Lee01M.mid,196,-0.3466777503490448,0.39477023482322693,0.11305582523345947,0.2423565536737442
20261006,validation,rubato,abrupt,Bach/Prelude/bwv_848/Lee01M.mid,197,1.7385486364364624,0.02224346436560154,-0.016534263268113136,-0.12408121675252914
20261006,validation,rubato,abrupt,Bach/Prelude/bwv_848/Lee01M.mid,198,0.48287636041641235,0.1491098552942276,0.2675449550151825,0.360196977853775
20261006,validation,rubato,abrupt,Bach/Prelude/bwv_848/Lee01M.mid,199,-2.506507635116577,-0.07595892995595932,0.05051445960998535,-0.21653003990650177
20261006,train,rubato,mixed,Bach/Fugue/bwv_854/Ozaki01M.mid,57,1.8876277208328247,0.24008554220199585,-0.08483649790287018,-0.02127380110323429
20261006,train,rubato,mixed,Bach/Fugue/bwv_854/Ozaki01M.mid,58,1.4560818672180176,0.4593661427497864,0.10278446227312088,0.028557168319821358
20261006,train,rubato,mixed,Bach/Fugue/bwv_854/Ozaki01M.mid,59,-0.3329007923603058,0.24536770582199097,-0.16889995336532593,-0.11992518603801727
20261006,train,rubato,mixed,Bach/Fugue/bwv_854/Ozaki01M.mid,60,-0.2331102192401886,-0.41599902510643005,-0.5512017607688904,-0.5485488176345825
20261006,validation,rubato,mixed,Beethoven/Piano_Sonatas/31-1/Goh02.mid,135,0.6478252410888672,0.5369132161140442,0.5386840105056763,0.6317533254623413
20261006,validation,rubato,mixed,Beethoven/Piano_Sonatas/31-1/Goh02.mid,136,0.6977260112762451,0.044738803058862686,-0.05382145568728447,-0.16158472001552582
20261006,validation,rubato,mixed,Beethoven/Piano_Sonatas/31-1/Goh02.mid,137,2.512683868408203,0.6786751747131348,0.5562031269073486,0.18210525810718536
20261006,validation,rubato,mixed,Beethoven/Piano_Sonatas/31-1/Goh02.mid,138,0.9157254695892334,0.6918365955352783,0.47296836972236633,0.5304487943649292
20261006,train,dynamics,small,Bach/Fugue/bwv_848/Lou01M.mid,81,0.9780002236366272,-0.47046801447868347,-0.7891027331352234,-0.30175888538360596
20261006,train,dynamics,small,Bach/Fugue/bwv_848/Lou01M.mid,82,0.24383746087551117,-0.2750288248062134,-0.4931234121322632,-0.13629133999347687
20261006,train,dynamics,small,Bach/Fugue/bwv_848/Lou01M.mid,83,-0.0636097714304924,-0.2720734775066376,-0.527851939201355,-0.289596825838089
20261006,train,dynamics,small,Bach/Fugue/bwv_848/Lou01M.mid,84,0.5406830310821533,-0.08023357391357422,-0.40598785877227783,-0.36522358655929565
20261006,validation,dynamics,small,Beethoven/Piano_Sonatas/31-1/Mikhailoff04.mid,202,-0.34627872705459595,0.2929486334323883,0.12483755499124527,-0.009700911119580269
20261006,validation,dynamics,small,Beethoven/Piano_Sonatas/31-1/Mikhailoff04.mid,203,0.0,0.304403156042099,0.16377532482147217,-0.04796295985579491
20261006,validation,dynamics,small,Beethoven/Piano_Sonatas/31-1/Mikhailoff04.mid,204,0.20877094566822052,0.48844441771507263,0.3926437795162201,0.10715368390083313
20261006,validation,dynamics,small,Beethoven/Piano_Sonatas/31-1/Mikhailoff04.mid,205,-0.11457695811986923,0.42595985531806946,0.2858178913593292,0.222840815782547
20261006,train,dynamics,gradual,Schubert/Impromptu_op.90_D.899/3/ZhangW07M.mid,303,-0.12380973994731903,-0.11453888565301895,0.28071385622024536,-0.08016447722911835
20261006,train,dynamics,gradual,Schubert/Impromptu_op.90_D.899/3/ZhangW07M.mid,304,0.2655918598175049,0.3254367709159851,0.18606209754943848,0.31271424889564514
20261006,train,dynamics,gradual,Schubert/Impromptu_op.90_D.899/3/ZhangW07M.mid,305,0.18172074854373932,0.273817241191864,0.17758610844612122,0.08031391352415085
20261006,train,dynamics,gradual,Schubert/Impromptu_op.90_D.899/3/ZhangW07M.mid,306,0.5241944789886475,0.39472174644470215,0.3528308570384979,0.20904555916786194
20261006,validation,dynamics,gradual,Bach/Prelude/bwv_848/Denisova06M.mid,137,1.2847442626953125,0.4910939633846283,0.33930572867393494,0.644102156162262
20261006,validation,dynamics,gradual,Bach/Prelude/bwv_848/Denisova06M.mid,138,1.2526257038116455,0.7107933759689331,0.5594319701194763,0.8103077411651611
20261006,validation,dynamics,gradual,Bach/Prelude/bwv_848/Denisova06M.mid,139,1.4132187366485596,0.6283943057060242,0.6384353041648865,0.9187742471694946
20261006,validation,dynamics,gradual,Bach/Prelude/bwv_848/Denisova06M.mid,140,1.5416932106018066,0.7487196326255798,0.684443473815918,1.0164897441864014
20261006,train,dynamics,abrupt,Chopin/Sonata_3/4th/HuangSW06M.mid,493,-0.5813414454460144,-0.258130818605423,-0.2825031280517578,-0.43253451585769653
20261006,train,dynamics,abrupt,Chopin/Sonata_3/4th/HuangSW06M.mid,494,1.9999043941497803,-0.28538191318511963,-0.2882831394672394,-0.10816890746355057
20261006,train,dynamics,abrupt,Chopin/Sonata_3/4th/HuangSW06M.mid,495,0.6308944821357727,-0.2153857797384262,-0.2794034481048584,-0.20088286697864532
20261006,train,dynamics,abrupt,Chopin/Sonata_3/4th/HuangSW06M.mid,496,0.1975214183330536,-0.2331254929304123,-0.22935304045677185,-0.17271378636360168
20261006,validation,dynamics,abrupt,Bach/Prelude/bwv_848/SunY01M.mid,1,0.4496605098247528,0.4296938478946686,0.43733736872673035,0.27564775943756104
20261006,validation,dynamics,abrupt,Bach/Prelude/bwv_848/SunY01M.mid,2,-2.11982798576355,0.26310646533966064,0.25493547320365906,0.12668347358703613
20261006,validation,dynamics,abrupt,Bach/Prelude/bwv_848/SunY01M.mid,3,0.0,0.32581713795661926,0.24809612333774567,0.20710976421833038
20261006,validation,dynamics,abrupt,Bach/Prelude/bwv_848/SunY01M.mid,4,-1.2526257038116455,0.4302288591861725,0.37299925088882446,0.27266162633895874
20261006,train,dynamics,mixed,Chopin/Etudes_op_25/10/Shybayeva01.mid,193,-1.6358917951583862,-0.6892607808113098,-0.8142299056053162,-0.6013084053993225
20261006,train,dynamics,mixed,Chopin/Etudes_op_25/10/Shybayeva01.mid,194,-1.1887480020523071,-0.6735721230506897,-0.5459984540939331,-0.7051811218261719
20261006,train,dynamics,mixed,Chopin/Etudes_op_25/10/Shybayeva01.mid,195,0.2900981307029724,-0.6879081130027771,-0.7228533029556274,-0.4109468460083008
20261006,train,dynamics,mixed,Chopin/Etudes_op_25/10/Shybayeva01.mid,196,0.0927005335688591,-0.8661186099052429,-0.910040020942688,-0.6672018766403198
20261006,validation,dynamics,mixed,Beethoven/Piano_Sonatas/31-1/SINKEV02.mid,328,-1.3087714910507202,-0.9743948578834534,-0.7176041007041931,-0.7751234173774719
20261006,validation,dynamics,mixed,Beethoven/Piano_Sonatas/31-1/SINKEV02.mid,329,-1.4501551389694214,-0.7450693249702454,-0.4578911066055298,-0.6299592852592468
20261006,validation,dynamics,mixed,Beethoven/Piano_Sonatas/31-1/SINKEV02.mid,330,0.0,-0.9422550797462463,-0.6691953539848328,-0.8205958604812622
20261006,validation,dynamics,mixed,Beethoven/Piano_Sonatas/31-1/SINKEV02.mid,331,-0.4095122516155243,-0.830910861492157,-0.48549625277519226,-0.6579132676124573
20261006,train,articulation,small,Chopin/Etudes_op_10/1/Avdeeva02.mid,270,-0.04363641515374184,-0.16217872500419617,-0.05891679599881172,-0.09741603583097458
20261006,train,articulation,small,Chopin/Etudes_op_10/1/Avdeeva02.mid,271,0.9608870148658752,-0.015202930197119713,-0.16369307041168213,-0.12929724156856537
20261006,train,articulation,small,Chopin/Etudes_op_10/1/Avdeeva02.mid,272,0.6837689280509949,-0.12450877577066422,-0.034459516406059265,-0.05876090005040169
20261006,train,articulation,small,Chopin/Etudes_op_10/1/Avdeeva02.mid,273,-0.13475893437862396,-0.02391854301095009,-0.081610769033432,0.01771974004805088
20261006,validation,articulation,small,Beethoven/Piano_Sonatas/4-1/CaiC01.mid,427,0.21521146595478058,0.29125335812568665,0.44776132702827454,0.59622722864151
20261006,validation,articulation,small,Beethoven/Piano_Sonatas/4-1/CaiC01.mid,428,1.1164990663528442,0.020527100190520287,0.1961507946252823,0.3492281436920166
20261006,validation,articulation,small,Beethoven/Piano_Sonatas/4-1/CaiC01.mid,429,0.3531610667705536,0.06636834889650345,0.12522751092910767,0.3006218671798706
20261006,validation,articulation,small,Beethoven/Piano_Sonatas/4-1/CaiC01.mid,430,-0.002745139179751277,0.08584582060575485,0.16239234805107117,0.3121577501296997
20261006,train,articulation,gradual,Chopin/Etudes_op_10/8/Benabdallah02.mid,349,-0.04864845797419548,-0.031312208622694016,-0.19839413464069366,0.004859013948589563
20261006,train,articulation,gradual,Chopin/Etudes_op_10/8/Benabdallah02.mid,350,0.03569631278514862,0.10691749304533005,-0.0886218249797821,0.03649294003844261
20261006,train,articulation,gradual,Chopin/Etudes_op_10/8/Benabdallah02.mid,351,-0.4833819568157196,-0.20351244509220123,-0.19578933715820312,0.04418830946087837
20261006,train,articulation,gradual,Chopin/Etudes_op_10/8/Benabdallah02.mid,352,-1.0306388139724731,-0.11604952812194824,-0.2617271840572357,-0.25655654072761536
20261006,validation,articulation,gradual,Chopin/Etudes_op_25/11/WangV02.mid,249,-0.0004729345382656902,-0.0006927658105269074,-0.19135673344135284,-0.27223822474479675
20261006,validation,articulation,gradual,Chopin/Etudes_op_25/11/WangV02.mid,250,0.1959722340106964,-0.0878528505563736,-0.3508877158164978,-0.40231525897979736
20261006,validation,articulation,gradual,Chopin/Etudes_op_25/11/WangV02.mid,251,0.013099095784127712,-0.1717696189880371,-0.21970410645008087,-0.32306045293807983
20261006,validation,articulation,gradual,Chopin/Etudes_op_25/11/WangV02.mid,252,-0.03559690713882446,-0.30262282490730286,-0.3076850175857544,-0.433193176984787
20261006,train,articulation,abrupt,Beethoven/Piano_Sonatas/24-1_no_2_repeat/DeTurck06M.mid,360,2.5819215774536133,0.036672674119472504,0.008986204862594604,0.06669526547193527
20261006,train,articulation,abrupt,Beethoven/Piano_Sonatas/24-1_no_2_repeat/DeTurck06M.mid,361,1.9141615629196167,0.07992888987064362,0.5638410449028015,0.3252921402454376
20261006,train,articulation,abrupt,Beethoven/Piano_Sonatas/24-1_no_2_repeat/DeTurck06M.mid,362,3.061952829360962,0.24697111546993256,0.14072149991989136,0.19847917556762695
20261006,train,articulation,abrupt,Beethoven/Piano_Sonatas/24-1_no_2_repeat/DeTurck06M.mid,363,0.972611665725708,0.25949060916900635,0.41150811314582825,0.47009333968162537
20261006,validation,articulation,abrupt,Chopin/Etudes_op_10/12/KimBenjamin04.mid,153,-1.1136530637741089,0.30490824580192566,0.042543925344944,-0.0014450065791606903
20261006,validation,articulation,abrupt,Chopin/Etudes_op_10/12/KimBenjamin04.mid,154,1.5272389650344849,0.27435508370399475,0.10541464388370514,-0.08835213631391525
20261006,validation,articulation,abrupt,Chopin/Etudes_op_10/12/KimBenjamin04.mid,155,1.3051035404205322,0.19398951530456543,-0.020750079303979874,-0.022406531497836113
20261006,validation,articulation,abrupt,Chopin/Etudes_op_10/12/KimBenjamin04.mid,156,-1.7616044282913208,0.22857603430747986,0.4094970226287842,0.13229796290397644
20261006,train,articulation,mixed,Chopin/Sonata_3/2nd/KimSJ08.mid,506,0.5860471129417419,-0.0293960589915514,0.031642377376556396,0.12126042693853378
20261006,train,articulation,mixed,Chopin/Sonata_3/2nd/KimSJ08.mid,507,-0.08634351938962936,0.13194990158081055,0.18889646232128143,0.03843354433774948
20261006,train,articulation,mixed,Chopin/Sonata_3/2nd/KimSJ08.mid,508,1.276718020439148,0.010447414591908455,0.1569238156080246,0.2940875291824341
20261006,train,articulation,mixed,Chopin/Sonata_3/2nd/KimSJ08.mid,509,0.8932384848594666,0.11216715723276138,0.17487464845180511,0.20756444334983826
20261006,validation,articulation,mixed,Chopin/Etudes_op_10/12/WuuE06M.mid,265,-0.5988366603851318,-0.6363942623138428,-0.3188216984272003,-0.17458027601242065
20261006,validation,articulation,mixed,Chopin/Etudes_op_10/12/WuuE06M.mid,266,1.3994332551956177,-0.4223865866661072,-0.4348636567592621,-0.16616249084472656
20261006,validation,articulation,mixed,Chopin/Etudes_op_10/12/WuuE06M.mid,267,-0.08621881902217865,-0.38544175028800964,-0.4316253364086151,-0.12862195074558258
20261006,validation,articulation,mixed,Chopin/Etudes_op_10/12/WuuE06M.mid,268,-0.3723640739917755,-0.37553805112838745,-0.2890322804450989,-0.1868726760149002
20261006,train,pedal_depth,small,Chopin/Scherzos/31/ChenW04M.mid,1635,0.0423620343208313,0.7579741477966309,0.5900887846946716,0.5307746529579163
20261006,train,pedal_depth,small,Chopin/Scherzos/31/ChenW04M.mid,1636,0.0,0.969761073589325,1.2971585988998413,0.7024005055427551
20261006,train,pedal_depth,small,Chopin/Scherzos/31/ChenW04M.mid,1637,0.23995912075042725,-0.027052778750658035,0.24122127890586853,0.12705573439598083
20261006,train,pedal_depth,small,Chopin/Scherzos/31/ChenW04M.mid,1638,0.16066724061965942,0.0033058759290724993,0.6425533294677734,0.3154717981815338
20261006,validation,pedal_depth,small,Chopin/Etudes_op_25/11/WangV02.mid,341,0.0,-0.295722097158432,-0.19529390335083008,-0.16871854662895203
20261006,validation,pedal_depth,small,Chopin/Etudes_op_25/11/WangV02.mid,342,0.0,-0.2276596575975418,-0.06539365649223328,-0.15076212584972382
20261006,validation,pedal_depth,small,Chopin/Etudes_op_25/11/WangV02.mid,343,-0.14049500226974487,-0.09956737607717514,-0.07840938121080399,-0.2100098580121994
20261006,validation,pedal_depth,small,Chopin/Etudes_op_25/11/WangV02.mid,344,-0.09701833873987198,-0.0629606768488884,-0.029027052223682404,0.015145018696784973
20261006,train,pedal_depth,gradual,Chopin/Etudes_op_10/1/Avdeeva02.mid,261,0.0,-0.18435892462730408,-0.08436056971549988,-0.29769131541252136
20261006,train,pedal_depth,gradual,Chopin/Etudes_op_10/1/Avdeeva02.mid,262,0.0,-0.018477071076631546,0.07294516265392303,-0.16179795563220978
20261006,train,pedal_depth,gradual,Chopin/Etudes_op_10/1/Avdeeva02.mid,263,0.0,-0.07296081632375717,0.03067624568939209,-0.14974717795848846
20261006,train,pedal_depth,gradual,Chopin/Etudes_op_10/1/Avdeeva02.mid,264,-0.4545976221561432,0.020986879244446754,0.10034167021512985,0.02228536456823349
20261006,validation,pedal_depth,gradual,Chopin/Etudes_op_10/12/Bult-ItoS04M.mid,290,0.05440310388803482,-0.19535991549491882,-0.16200168430805206,-0.26004838943481445
20261006,validation,pedal_depth,gradual,Chopin/Etudes_op_10/12/Bult-ItoS04M.mid,291,-0.029889820143580437,-0.21114897727966309,-0.14303018152713776,-0.32122182846069336
20261006,validation,pedal_depth,gradual,Chopin/Etudes_op_10/12/Bult-ItoS04M.mid,292,-0.13029655814170837,-0.29886123538017273,-0.12941643595695496,-0.4042893052101135
20261006,validation,pedal_depth,gradual,Chopin/Etudes_op_10/12/Bult-ItoS04M.mid,293,-0.20456217229366302,-0.15098929405212402,-0.20789584517478943,-0.40402114391326904
20261006,train,pedal_depth,abrupt,Chopin/Sonata_3/4th/GarritsonL11M.mid,290,-0.5771711468696594,-0.3776569664478302,-0.5246541500091553,-0.15035897493362427
20261006,train,pedal_depth,abrupt,Chopin/Sonata_3/4th/GarritsonL11M.mid,291,-0.9945330619812012,-0.39288008213043213,-0.6137810945510864,-0.35381272435188293
20261006,train,pedal_depth,abrupt,Chopin/Sonata_3/4th/GarritsonL11M.mid,292,1.2207039594650269,-0.4761185348033905,-0.8551663756370544,-0.379342257976532
20261006,train,pedal_depth,abrupt,Chopin/Sonata_3/4th/GarritsonL11M.mid,293,0.08465796709060669,-0.3260082006454468,-0.6515396237373352,-0.4593912363052368
20261006,validation,pedal_depth,abrupt,Beethoven/Piano_Sonatas/31-1/LeungM03M.mid,56,-0.5816528797149658,-0.5722348690032959,-0.5567740201950073,-0.6673876643180847
20261006,validation,pedal_depth,abrupt,Beethoven/Piano_Sonatas/31-1/LeungM03M.mid,57,-2.89880108833313,-0.8769991397857666,-1.0411391258239746,-1.0218743085861206
20261006,validation,pedal_depth,abrupt,Beethoven/Piano_Sonatas/31-1/LeungM03M.mid,58,-2.656745672225952,-0.71335768699646,-0.5236434936523438,-0.66865473985672
20261006,validation,pedal_depth,abrupt,Beethoven/Piano_Sonatas/31-1/LeungM03M.mid,59,-0.9792594909667969,-0.6785643100738525,-0.7542716264724731,-0.7469303607940674
20261006,train,pedal_depth,mixed,Chopin/Sonata_3/2nd/HONG08.mid,84,0.0,0.21566443145275116,0.27078649401664734,0.3175605535507202
20261006,train,pedal_depth,mixed,Chopin/Sonata_3/2nd/HONG08.mid,85,0.0,0.12475164979696274,0.20852091908454895,0.2812522351741791
20261006,train,pedal_depth,mixed,Chopin/Sonata_3/2nd/HONG08.mid,86,1.0467032194137573,0.2593081593513489,0.28900423645973206,0.2108597457408905
20261006,train,pedal_depth,mixed,Chopin/Sonata_3/2nd/HONG08.mid,87,1.0681865215301514,0.1684863120317459,0.18412691354751587,0.08217114210128784
20261006,validation,pedal_depth,mixed,Beethoven/Piano_Sonatas/31-1/Zuber04M.mid,135,0.3862070143222809,0.7475612163543701,0.204522505402565,0.566092848777771
20261006,validation,pedal_depth,mixed,Beethoven/Piano_Sonatas/31-1/Zuber04M.mid,136,-0.4059787392616272,0.5389941334724426,0.26573652029037476,0.43829232454299927
20261006,validation,pedal_depth,mixed,Beethoven/Piano_Sonatas/31-1/Zuber04M.mid,137,-0.12574775516986847,0.49633166193962097,0.28676754236221313,0.4384367763996124
20261006,validation,pedal_depth,mixed,Beethoven/Piano_Sonatas/31-1/Zuber04M.mid,138,-0.1679285168647766,0.7000520825386047,0.2763374149799347,0.467685729265213
20261006,train,pedal_down_ratio,small,Bach/Fugue/bwv_848/Denisova06M.mid,8,0.0,0.051836006343364716,0.3282771706581116,0.03172871842980385
20261006,train,pedal_down_ratio,small,Bach/Fugue/bwv_848/Denisova06M.mid,9,0.0,0.4264449179172516,0.28837740421295166,0.19396837055683136
20261006,train,pedal_down_ratio,small,Bach/Fugue/bwv_848/Denisova06M.mid,10,0.0,0.2522692084312439,0.44749554991722107,0.16028712689876556
20261006,train,pedal_down_ratio,small,Bach/Fugue/bwv_848/Denisova06M.mid,11,0.0,0.447317510843277,0.4631001353263855,0.2381337285041809
20261006,validation,pedal_down_ratio,small,Bach/Fugue/bwv_860/Nikiforov05M.mid,10,0.0,0.020116113126277924,-0.012434170581400394,0.19231310486793518
20261006,validation,pedal_down_ratio,small,Bach/Fugue/bwv_860/Nikiforov05M.mid,11,0.0,0.12289968132972717,0.19728758931159973,0.18955834209918976
20261006,validation,pedal_down_ratio,small,Bach/Fugue/bwv_860/Nikiforov05M.mid,12,0.0,0.06724473088979721,0.09560452401638031,0.16579435765743256
20261006,validation,pedal_down_ratio,small,Bach/Fugue/bwv_860/Nikiforov05M.mid,13,0.0,0.029620910063385963,0.06878425180912018,0.08046751469373703
20261006,train,pedal_down_ratio,gradual,Liszt/Gran_Etudes_de_Paganini/2_La_campanella/Faliks03.mid,72,-0.09517867118120193,0.03373825550079346,0.05649622157216072,0.19373434782028198
20261006,train,pedal_down_ratio,gradual,Liszt/Gran_Etudes_de_Paganini/2_La_campanella/Faliks03.mid,73,-0.19560571014881134,-0.029327766969799995,-0.15692374110221863,-0.044198572635650635
20261006,train,pedal_down_ratio,gradual,Liszt/Gran_Etudes_de_Paganini/2_La_campanella/Faliks03.mid,74,-0.22069407999515533,-0.13046881556510925,-0.17369793355464935,-0.009796162135899067
20261006,train,pedal_down_ratio,gradual,Liszt/Gran_Etudes_de_Paganini/2_La_campanella/Faliks03.mid,75,-0.2870333194732666,-0.0443345308303833,-0.05384901165962219,-0.12572669982910156
20261006,validation,pedal_down_ratio,gradual,Beethoven/Piano_Sonatas/4-1/Chon03M.mid,469,0.9453144073486328,-0.08877648413181305,0.03289581090211868,-0.049201734364032745
20261006,validation,pedal_down_ratio,gradual,Beethoven/Piano_Sonatas/4-1/Chon03M.mid,470,0.0,-0.051080211997032166,-0.14824317395687103,0.10102776437997818
20261006,validation,pedal_down_ratio,gradual,Beethoven/Piano_Sonatas/4-1/Chon03M.mid,471,0.0,0.01952325366437435,-0.17552295327186584,0.004379162099212408
20261006,validation,pedal_down_ratio,gradual,Beethoven/Piano_Sonatas/4-1/Chon03M.mid,472,0.0,0.14569342136383057,0.2354477494955063,0.023068096488714218
20261006,train,pedal_down_ratio,abrupt,Balakirev/Islamey/CHEN10M.mid,274,0.10890568047761917,-0.20751561224460602,-0.3213732838630676,-0.10302233695983887
20261006,train,pedal_down_ratio,abrupt,Balakirev/Islamey/CHEN10M.mid,275,0.0,-0.28197818994522095,-0.4014306664466858,-0.16071873903274536
20261006,train,pedal_down_ratio,abrupt,Balakirev/Islamey/CHEN10M.mid,276,0.38380271196365356,-0.016791313886642456,0.020321587100625038,0.11094112694263458
20261006,train,pedal_down_ratio,abrupt,Balakirev/Islamey/CHEN10M.mid,277,2.9893393516540527,-0.09035275876522064,-0.2528352737426758,-0.0011406028643250465
20261006,validation,pedal_down_ratio,abrupt,Beethoven/Piano_Sonatas/4-1/BENABD01.mid,251,0.0,0.11773361265659332,-0.18720704317092896,0.12976795434951782
20261006,validation,pedal_down_ratio,abrupt,Beethoven/Piano_Sonatas/4-1/BENABD01.mid,252,0.6277633309364319,0.18746863305568695,0.10793500393629074,0.2704271078109741
20261006,validation,pedal_down_ratio,abrupt,Beethoven/Piano_Sonatas/4-1/BENABD01.mid,253,2.7899675369262695,0.3440086841583252,0.1739620417356491,0.3410370945930481
20261006,validation,pedal_down_ratio,abrupt,Beethoven/Piano_Sonatas/4-1/BENABD01.mid,254,0.25666484236717224,0.29220229387283325,0.15433740615844727,0.42620721459388733
20261006,train,pedal_down_ratio,mixed,Chopin/Scherzos/31/Jussow04.mid,1636,0.0,-0.18924887478351593,-0.2863713204860687,-0.23449109494686127
20261006,train,pedal_down_ratio,mixed,Chopin/Scherzos/31/Jussow04.mid,1637,-0.8744382858276367,-0.016862083226442337,-0.10121000558137894,-0.15228664875030518
20261006,train,pedal_down_ratio,mixed,Chopin/Scherzos/31/Jussow04.mid,1638,0.08888118714094162,-0.2683405876159668,-0.29554063081741333,-0.1482999473810196
20261006,train,pedal_down_ratio,mixed,Chopin/Scherzos/31/Jussow04.mid,1639,0.0,-0.18537743389606476,-0.2872983515262604,-0.15570774674415588
20261006,validation,pedal_down_ratio,mixed,Chopin/Etudes_op_25/11/Guzman04.mid,195,-0.1285567432641983,0.21721136569976807,0.09499762207269669,0.16600187122821808
20261006,validation,pedal_down_ratio,mixed,Chopin/Etudes_op_25/11/Guzman04.mid,196,-0.326678603887558,0.09640078246593475,-0.10320311039686203,0.1204141303896904
20261006,validation,pedal_down_ratio,mixed,Chopin/Etudes_op_25/11/Guzman04.mid,197,0.35863977670669556,0.1688961386680603,0.01870696246623993,0.10409869998693466
20261006,validation,pedal_down_ratio,mixed,Chopin/Etudes_op_25/11/Guzman04.mid,198,-0.2634679675102234,0.03248029202222824,-0.0300615057349205,0.056825824081897736
20261006,train,pedal_changes,small,Bach/Fugue/bwv_848/Denisova06M.mid,8,0.0,0.012439321726560593,-0.21805378794670105,-0.12912200391292572
20261006,train,pedal_changes,small,Bach/Fugue/bwv_848/Denisova06M.mid,9,0.0,0.29399117827415466,0.21511691808700562,0.05160200595855713
20261006,train,pedal_changes,small,Bach/Fugue/bwv_848/Denisova06M.mid,10,0.0,0.2541252374649048,0.08766964077949524,0.12600931525230408
20261006,train,pedal_changes,small,Bach/Fugue/bwv_848/Denisova06M.mid,11,0.0,0.6496318578720093,0.45203569531440735,0.2444327175617218
20261006,validation,pedal_changes,small,Bach/Fugue/bwv_860/Nikiforov05M.mid,10,0.0,0.238084077835083,0.2257295846939087,0.055138520896434784
20261006,validation,pedal_changes,small,Bach/Fugue/bwv_860/Nikiforov05M.mid,11,0.0,0.1767590194940567,0.10719498246908188,0.015536371618509293
20261006,validation,pedal_changes,small,Bach/Fugue/bwv_860/Nikiforov05M.mid,12,0.0,0.18646679818630219,0.1964811235666275,0.044797562062740326
20261006,validation,pedal_changes,small,Bach/Fugue/bwv_860/Nikiforov05M.mid,13,0.0,0.20945529639720917,0.20824351906776428,0.14906489849090576
20261006,train,pedal_changes,gradual,Chopin/Etudes_op_10/4/Arciglione04.mid,49,0.0,0.3166501522064209,0.3374727964401245,0.4376157522201538
20261006,train,pedal_changes,gradual,Chopin/Etudes_op_10/4/Arciglione04.mid,50,0.0,0.13426026701927185,0.07194310426712036,0.1192193403840065
20261006,train,pedal_changes,gradual,Chopin/Etudes_op_10/4/Arciglione04.mid,51,0.0,0.23305033147335052,0.30759721994400024,0.470333456993103
20261006,train,pedal_changes,gradual,Chopin/Etudes_op_10/4/Arciglione04.mid,52,0.0,-0.012895630672574043,-0.20554497838020325,0.1521475613117218
20261006,validation,pedal_changes,gradual,Chopin/Etudes_op_25/11/ChenS02.mid,82,0.0,0.18534350395202637,0.25838401913642883,0.21368594467639923
20261006,validation,pedal_changes,gradual,Chopin/Etudes_op_25/11/ChenS02.mid,83,0.0,0.07206066697835922,0.075149305164814,0.034916967153549194
20261006,validation,pedal_changes,gradual,Chopin/Etudes_op_25/11/ChenS02.mid,84,0.0,0.1546003669500351,0.2775007486343384,0.08304683119058609
20261006,validation,pedal_changes,gradual,Chopin/Etudes_op_25/11/ChenS02.mid,85,0.0,0.06479797512292862,0.164217010140419,0.12787839770317078
20261006,train,pedal_changes,abrupt,Chopin/Etudes_op_25/10/Shelest01.mid,229,1.1049808263778687,0.29143983125686646,-0.043947987258434296,0.16936469078063965
20261006,train,pedal_changes,abrupt,Chopin/Etudes_op_25/10/Shelest01.mid,230,0.5524904131889343,0.30641457438468933,0.09062311053276062,0.32153815031051636
20261006,train,pedal_changes,abrupt,Chopin/Etudes_op_25/10/Shelest01.mid,231,3.3149423599243164,0.36452892422676086,0.040625642985105515,0.34206831455230713
20261006,train,pedal_changes,abrupt,Chopin/Etudes_op_25/10/Shelest01.mid,232,0.0,0.2292034775018692,0.08565840870141983,0.3520555794239044
20261006,validation,pedal_changes,abrupt,Beethoven/Piano_Sonatas/31-1/AbdelmoulaJS03M.mid,237,1.758960247039795,0.5687781572341919,0.22651295363903046,0.40502068400382996
20261006,validation,pedal_changes,abrupt,Beethoven/Piano_Sonatas/31-1/AbdelmoulaJS03M.mid,238,1.758960247039795,0.4074157178401947,0.1271030455827713,0.20451830327510834
20261006,validation,pedal_changes,abrupt,Beethoven/Piano_Sonatas/31-1/AbdelmoulaJS03M.mid,239,0.0,0.4465451240539551,0.23503415286540985,0.2929127514362335
20261006,validation,pedal_changes,abrupt,Beethoven/Piano_Sonatas/31-1/AbdelmoulaJS03M.mid,240,-0.8794801235198975,-0.06326373666524887,-0.30197352170944214,-0.05585906282067299
20261006,train,pedal_changes,mixed,Liszt/Gran_Etudes_de_Paganini/2_La_campanella/Albright04.mid,194,0.8334231376647949,-0.09588753432035446,-0.14645807445049286,0.08546888828277588
20261006,train,pedal_changes,mixed,Liszt/Gran_Etudes_de_Paganini/2_La_campanella/Albright04.mid,195,0.0,-0.22418057918548584,-0.10001379996538162,0.2600511610507965
20261006,train,pedal_changes,mixed,Liszt/Gran_Etudes_de_Paganini/2_La_campanella/Albright04.mid,196,0.8334231376647949,-0.1371099352836609,-0.12797453999519348,0.06414701789617538
20261006,train,pedal_changes,mixed,Liszt/Gran_Etudes_de_Paganini/2_La_campanella/Albright04.mid,197,-0.8334231376647949,-0.1771690994501114,-0.1306481510400772,0.11226614564657211
20261006,validation,pedal_changes,mixed,Chopin/Etudes_op_25/11/Tang03.mid,215,0.0,-0.19154447317123413,-0.0016149923903867602,-0.2047790139913559
20261006,validation,pedal_changes,mixed,Chopin/Etudes_op_25/11/Tang03.mid,216,1.1505075693130493,-0.16240805387496948,-0.09974034875631332,-0.0718124657869339
20261006,validation,pedal_changes,mixed,Chopin/Etudes_op_25/11/Tang03.mid,217,0.5752537846565247,-0.018827591091394424,0.1370132714509964,-0.015007274225354195
20261006,validation,pedal_changes,mixed,Chopin/Etudes_op_25/11/Tang03.mid,218,-1.1505075693130493,-0.01312670111656189,0.03375571593642235,-0.10328616946935654
