epoch,train_objective,validation_value_mse,validation_delta_mse,clip_fraction,seconds,seed,arm
0,,1.5751968543729948,2.023690632824404,,,20261006,baseline
1,1.5278673420895588,1.407897958569284,2.061303743896521,0.0054945054945054,6.351729458197951,20261006,baseline
2,1.4434139283148797,1.3855678079174818,2.0495138180258703,0.0109890109890109,6.3782543749548495,20261006,baseline
3,1.437196597948179,1.3645582481375942,2.047273592916292,0.0054945054945054,6.479319958016276,20261006,baseline
4,1.441080752309862,1.3486571533718634,2.041674222246491,0.0109890109890109,6.324286125134677,20261006,baseline
5,1.4002764965151693,1.3427743032632675,2.048479899091242,0.0219780219780219,6.235478000249714,20261006,baseline
6,1.3733099332222571,1.3248214855098448,2.035414783690461,0.0274725274725274,6.287814166862518,20261006,baseline
7,1.4108477251215297,1.3262571305291178,2.033297012695363,0.0494505494505494,6.934969250112772,20261006,baseline
8,1.3707224765976709,1.3178883808782615,2.0375855643016,0.0494505494505494,6.433637792244554,20261006,baseline
9,1.378825617688043,1.3182902076790224,2.040243710861872,0.0769230769230769,6.344052333384752,20261006,baseline
10,1.3714289291874393,1.3164897524696388,2.0426508001573636,0.0989010989010989,6.254581000190228,20261006,baseline
11,1.3858152618120003,1.3166577834403357,2.0373604674285675,0.0824175824175824,6.526162750087678,20261006,baseline
12,1.3511706315554106,1.3147993060999312,2.0354098807830825,0.0604395604395604,6.16751804202795,20261006,baseline
13,1.3260138902690384,1.311765319003937,2.035526294967725,0.0769230769230769,7.290375208016485,20261006,baseline
14,1.329518424285637,1.3187542442340798,2.0362818831194587,0.0824175824175824,6.8228630418889225,20261006,baseline
15,1.307076109634651,1.308660835069271,2.032400828906929,0.0659340659340659,6.31525924988091,20261006,baseline
16,1.3251747380901169,1.3050523044996427,2.034042211691426,0.0934065934065934,6.55145458271727,20261006,baseline
17,1.34731106705718,1.3099976999097056,2.0329402214158883,0.0989010989010989,6.327626249752939,20261006,baseline
18,1.3336953265326363,1.302936850383034,2.02776888374676,0.1428571428571428,6.539233916904777,20261006,baseline
19,1.352190192584153,1.310648006496167,2.0291192357566565,0.1703296703296703,7.0787094589322805,20261006,baseline
20,1.340436769055796,1.3076888622067322,2.032933771954286,0.1318681318681318,6.304634625092149,20261006,baseline
0,,1.5751968543729948,2.023690632824404,,,20261006,delta_loss
1,1.7398774709020342,1.4240336490150969,2.0448432932712186,0.0,6.203340999782085,20261006,delta_loss
2,1.674872263447269,1.4034254725802182,2.043849722679338,0.0,6.39972429163754,20261006,delta_loss
3,1.6793649596172375,1.3875087977303917,2.038376017877438,0.0,6.915216375142336,20261006,delta_loss
4,1.6967378081856193,1.3707390680357725,2.036536274577233,0.0054945054945054,8.662725624628365,20261006,delta_loss
5,1.65523438335775,1.361795033419283,2.037671169852595,0.0054945054945054,8.313818000257015,20261006,delta_loss
6,1.6103888330878793,1.3461661304209176,2.032307661780492,0.0164835164835164,9.089513207785783,20261006,delta_loss
7,1.6568951266152518,1.3513904754055628,2.0302919827795933,0.0164835164835164,9.87594808312133,20261006,delta_loss
8,1.6171256271037426,1.3405235880305593,2.0405085212696723,0.0219780219780219,9.700194124598056,20261006,delta_loss
9,1.6249256952778324,1.3400565146251122,2.0370110588346697,0.0219780219780219,9.273252167273313,20261006,delta_loss
10,1.6183089496015193,1.3330498684981085,2.0414681353114954,0.0164835164835164,7.96497912472114,20261006,delta_loss
11,1.6317688207049943,1.337850445755577,2.036302981819476,0.0274725274725274,8.589774124789983,20261006,delta_loss
12,1.5992183554303514,1.3324758176960945,2.038777129200351,0.0274725274725274,9.92380666686222,20261006,delta_loss
13,1.5731404096215635,1.3294015990461188,2.038779979739407,0.0164835164835164,8.7860928340815,20261006,delta_loss
14,1.5703342183605655,1.3312464688536694,2.0386903634055975,0.0054945054945054,8.06452229199931,20261006,delta_loss
15,1.5454186233845386,1.3251031250727523,2.0368346350780024,0.0109890109890109,8.62371945893392,20261006,delta_loss
16,1.5714098129953658,1.3297696673202526,2.0358157712239424,0.0439560439560439,8.29952941602096,20261006,delta_loss
17,1.578794233746581,1.329641464436011,2.0351646149918707,0.0494505494505494,8.043447124771774,20261006,delta_loss
18,1.5719330448370714,1.3180638679914538,2.029675798985328,0.0549450549450549,7.548905999865383,20261006,delta_loss
19,1.5964801403192372,1.3269809536103438,2.03386457266556,0.0879120879120879,8.382113667204976,20261006,delta_loss
20,1.586126943210979,1.3242460066248234,2.040997651835006,0.0714285714285714,8.498626417014748,20261006,delta_loss
0,,1.5740245583485055,2.0236901765800717,,,20261006,wide_encoder
1,1.5374638307225572,1.4121328572898058,2.0674657716291396,0.0219780219780219,17.759258500300348,20261006,wide_encoder
2,1.446311016004164,1.386257862854389,2.0553865691911897,0.0164835164835164,17.87001408310607,20261006,wide_encoder
3,1.4369995587474698,1.381031607614431,2.0517574312477507,0.0164835164835164,16.360702500212938,20261006,wide_encoder
4,1.4384925601246592,1.3488604355296538,2.049607557776852,0.0219780219780219,17.96742504183203,20261006,wide_encoder
5,1.3992196904433951,1.3424094151324488,2.0545483935635787,0.0164835164835164,21.1952742501162,20261006,wide_encoder
6,1.373747210908722,1.327298743598524,2.0426981506908595,0.0604395604395604,20.890787417069077,20261006,wide_encoder
7,1.411125883951292,1.33176809404365,2.042613032509661,0.1208791208791208,17.952741166111082,20261006,wide_encoder
8,1.369748816385374,1.3319641544795031,2.0506973195209097,0.0879120879120879,17.111978833097965,20261006,wide_encoder
9,1.3784347962547134,1.3240574894089805,2.0516731752730246,0.0934065934065934,17.325370875187218,20261006,wide_encoder
10,1.3691019553404589,1.3253076069841974,2.0518474677322027,0.1373626373626373,18.34402950014919,20261006,wide_encoder
11,1.3851393091154622,1.3197475718460747,2.0391598820414494,0.1538461538461538,17.58055349998176,20261006,wide_encoder
12,1.3520171681603232,1.323449299144929,2.045541828466285,0.1208791208791208,17.789018500130624,20261006,wide_encoder
13,1.325611922439638,1.3143114470452404,2.044576118033084,0.1648351648351648,18.40565854124725,20261006,wide_encoder
14,1.3282530998790658,1.3219746759973945,2.0462216271219495,0.1538461538461538,18.159118499606848,20261006,wide_encoder
15,1.3074063481865348,1.319372408333341,2.035863667699801,0.1593406593406593,20.62743745930493,20261006,wide_encoder
16,1.3229714317636176,1.3082630326207767,2.036360276723101,0.1758241758241758,19.6326129171066,20261006,wide_encoder
17,1.346637827681971,1.3146067648737838,2.040691845145364,0.1373626373626373,18.52041345788166,20261006,wide_encoder
18,1.3296743221990357,1.3148027386969772,2.0365801412260383,0.2307692307692307,18.187848000321537,20261006,wide_encoder
19,1.3479575036646243,1.3308890427267943,2.0348983206632347,0.3296703296703296,19.997531791683286,20261006,wide_encoder
20,1.3351992283548628,1.3215276497413615,2.0370648032156393,0.2802197802197802,18.474297374952585,20261006,wide_encoder
0,,1.5763103232455993,2.025782744556588,,,20261007,baseline
1,1.5566252587915776,1.4055062427986142,2.075628296867935,0.0109890109890109,8.594254916068166,20261007,baseline
2,1.4880031052526537,1.3803558792130073,2.0499040904955885,0.0219780219780219,8.372053916100413,20261007,baseline
3,1.4513362161405794,1.3602245692649495,2.047851640634251,0.0164835164835164,9.83252341672778,20261007,baseline
4,1.4423180635158832,1.34857287124936,2.041860369454111,0.0219780219780219,9.486629833001643,20261007,baseline
5,1.3897109778372796,1.336476370160692,2.045664806865414,0.0164835164835164,9.345381166785955,20261007,baseline
6,1.4010623762240777,1.324805392113494,2.040760000132442,0.0604395604395604,8.520864458754659,20261007,baseline
7,1.3769023785224328,1.3260855772550235,2.042895699109804,0.0384615384615384,8.038785375189036,20261007,baseline
8,1.37620836692852,1.320740806380183,2.035094025454319,0.0329670329670329,8.77965308399871,20261007,baseline
9,1.3895772525242396,1.3170171049631896,2.033962446891297,0.0824175824175824,10.001494667027146,20261007,baseline
10,1.3882092355371831,1.3152581336915894,2.0424004165389644,0.0769230769230769,8.10858958400786,20261007,baseline
11,1.368022097336067,1.3211175717088453,2.0411129750573265,0.0714285714285714,8.070771333295852,20261007,baseline
12,1.3625629550808078,1.312552152223793,2.0376378637988624,0.0604395604395604,8.581584875006229,20261007,baseline
13,1.352470305267271,1.3185352608039305,2.041787956416574,0.0714285714285714,7.954532750416547,20261007,baseline
14,1.366889422083949,1.31234872324659,2.034988415476529,0.0879120879120879,7.723111249972135,20261007,baseline
15,1.3358779133676173,1.3114682060545406,2.0379573819996697,0.1043956043956044,7.543053541798145,20261007,baseline
16,1.3572829929026928,1.3105590344610765,2.0315973543432735,0.1263736263736263,8.827036458067596,20261007,baseline
17,1.361487776696027,1.3180147166051366,2.039632796045087,0.1428571428571428,8.071398291736841,20261007,baseline
18,1.3315130495108092,1.312521252107309,2.035078787321826,0.0879120879120879,8.255859250202775,20261007,baseline
19,1.3486943385758243,1.3176911860356282,2.0470048207817486,0.1263736263736263,9.163180415984243,20261007,baseline
20,1.3095174657774495,1.312935706211091,2.036998817757014,0.0989010989010989,9.104872040916234,20261007,baseline
0,,1.5763103232455993,2.025782744556588,,,20261007,delta_loss
1,1.784604476048396,1.4304539859236451,2.052333698878641,0.0164835164835164,8.063737959135324,20261007,delta_loss
2,1.7418585183856252,1.4035697351080545,2.0447491816269996,0.0,7.639337167143822,20261007,delta_loss
3,1.7077226049297458,1.3842092650342157,2.040761755322139,0.0,7.955179625190795,20261007,delta_loss
4,1.70068857892529,1.3694766111753534,2.0359231939253553,0.0054945054945054,8.913164457771927,20261007,delta_loss
5,1.6439755598267356,1.352822325149965,2.036925533356471,0.0109890109890109,8.615488332696259,20261007,delta_loss
6,1.662335182939257,1.3464088073400475,2.035143639848809,0.0219780219780219,8.641477916855365,20261007,delta_loss
7,1.629029623099736,1.3406688812971417,2.0371933935947872,0.0109890109890109,13.042962375096977,20261007,delta_loss
8,1.635009500351581,1.3369526025904763,2.0356043878381165,0.0109890109890109,11.301830042153597,20261007,delta_loss
9,1.6376451063942123,1.3331031675141314,2.0392685343580466,0.0054945054945054,8.74834750033915,20261007,delta_loss
10,1.630081614950201,1.3246737747027812,2.0387688572511573,0.0274725274725274,8.693710624706,20261007,delta_loss
11,1.6093941691157585,1.3355611746273184,2.0358868101215535,0.0109890109890109,8.799632417038083,20261007,delta_loss
12,1.611982993372194,1.3231969060913056,2.0335617684151868,0.0329670329670329,8.4154983330518,20261007,delta_loss
13,1.600394526680747,1.3216269168799797,2.039703733774629,0.0384615384615384,8.00419675000012,20261007,delta_loss
14,1.620517137286427,1.325332751040212,2.034461229938826,0.0329670329670329,7.863000124692917,20261007,delta_loss
15,1.5806516094522165,1.3198178198429926,2.034726354435966,0.0329670329670329,8.82283554179594,20261007,delta_loss
16,1.6010406967047806,1.3228591357165231,2.0307993017222,0.0549450549450549,9.286550667136908,20261007,delta_loss
17,1.6155536829770267,1.321343892780837,2.0432569452714575,0.0989010989010989,8.844191417098045,20261007,delta_loss
18,1.577468367068322,1.32034585656053,2.0378791641699703,0.0659340659340659,8.400774125009775,20261007,delta_loss
19,1.5934144795595944,1.332912981895872,2.057801641003932,0.0769230769230769,8.515008124988526,20261007,delta_loss
20,1.558725858782674,1.3236200161500116,2.0411959033047262,0.0714285714285714,8.769584291614592,20261007,delta_loss
0,,1.5783671745777226,2.027637366233517,,,20261007,wide_encoder
1,1.56094903081328,1.4075023753925489,2.072396553167337,0.0219780219780219,16.948429374955595,20261007,wide_encoder
2,1.4935618049495822,1.3811660205142071,2.0544876823656266,0.0329670329670329,18.054053833242502,20261007,wide_encoder
3,1.4566285531599443,1.3609092582990954,2.048168006441621,0.0164835164835164,18.287946291733533,20261007,wide_encoder
4,1.4456534215382166,1.3516135798404405,2.043383981987132,0.0274725274725274,18.039338290691376,20261007,wide_encoder
5,1.3949439466654598,1.33696112582125,2.045076307838346,0.0274725274725274,17.201683124992996,20261007,wide_encoder
6,1.405771179841115,1.3292912713585774,2.0414564439333054,0.0494505494505494,18.221474084071815,20261007,wide_encoder
7,1.3820917016857273,1.3299012596287887,2.043117153467393,0.0549450549450549,17.4558045421727,20261007,wide_encoder
8,1.3810149824226297,1.3243091886957294,2.035899101706377,0.0494505494505494,18.19769183266908,20261007,wide_encoder
9,1.3929816723524868,1.3274775603193092,2.0373499933293644,0.1098901098901098,17.319629916921258,20261007,wide_encoder
10,1.3903943179072915,1.3237756915335184,2.0492094490394437,0.0824175824175824,18.15021058404818,20261007,wide_encoder
11,1.372607790506803,1.327445908323718,2.045601173600958,0.0934065934065934,17.520389082841575,20261007,wide_encoder
12,1.3674012894158836,1.3194209902347374,2.0405926180212077,0.0989010989010989,18.252549207769334,20261007,wide_encoder
13,1.3568040355221256,1.322067754097732,2.0403353115761815,0.0659340659340659,14.37888358393684,20261007,wide_encoder
14,1.3700480294096602,1.3218376034210515,2.0399157773532552,0.1373626373626373,13.42120683286339,20261007,wide_encoder
15,1.3394079362298106,1.3133409698727412,2.041581951057966,0.1318681318681318,13.17716412479058,20261007,wide_encoder
16,1.3615087693209176,1.3171469843500812,2.0344657262691284,0.1813186813186813,13.44956716708839,20261007,wide_encoder
17,1.3662598388535636,1.3204875502562454,2.042761275411505,0.1648351648351648,13.198483624961227,20261007,wide_encoder
18,1.334740774317102,1.3196784683758864,2.0368109308568116,0.1648351648351648,12.988268833141774,20261007,wide_encoder
19,1.3494021011577857,1.3246297237816105,2.047015021122354,0.2142857142857142,13.355198916979134,20261007,wide_encoder
20,1.3133584627738366,1.3218761177468,2.0353412363076813,0.1923076923076923,12.998029333073646,20261007,wide_encoder
0,,1.576488120786235,2.0294331345044845,,,20261008,baseline
1,1.5811334468506195,1.4117687636658427,2.057634054779247,0.0109890109890109,8.61204900033772,20261008,baseline
2,1.4779320784977503,1.3850673921856889,2.0550952273794265,0.0109890109890109,8.366164832841605,20261008,baseline
3,1.4310118811471122,1.3556904145274526,2.048046404409682,0.0274725274725274,9.833364207763225,20261008,baseline
4,1.417215149481218,1.3491641814165642,2.0466322167466964,0.0109890109890109,9.441560958977789,20261008,baseline
5,1.363274624714485,1.3369186641275177,2.0470266402981663,0.0439560439560439,9.38140079099685,20261008,baseline
6,1.383685663506225,1.3293695998197843,2.049527402706675,0.0879120879120879,8.517736250068992,20261008,baseline
7,1.3707613892607635,1.3332201717073322,2.0399588500758785,0.0219780219780219,8.043440999928862,20261008,baseline
8,1.3667980000212951,1.3186208608441217,2.0393739071583763,0.0879120879120879,8.78626324981451,20261008,baseline
9,1.349602315779571,1.316940992364804,2.0455199647720312,0.0989010989010989,9.998997833114116,20261008,baseline
10,1.358936879333559,1.3153272251503494,2.04524164740522,0.0824175824175824,8.106306416913867,20261008,baseline
11,1.3676360760416304,1.3142163444207218,2.0430295725461964,0.1098901098901098,8.063812125008553,20261008,baseline
12,1.373214779319344,1.3123968082125237,2.043929229210484,0.1373626373626373,8.553299458231777,20261008,baseline
13,1.3400013509032491,1.3165986582027795,2.0467789864440737,0.1208791208791208,7.953989875037223,20261008,baseline
14,1.3471590955178816,1.3153840345064292,2.046117733075502,0.0989010989010989,7.72216875012964,20261008,baseline
15,1.3470307139904945,1.315513510377707,2.0425730533979314,0.1208791208791208,7.5391167919151485,20261008,baseline
16,1.3220713023956006,1.3128074227840216,2.0404039570114807,0.0989010989010989,8.781668666284531,20261008,baseline
17,1.3094909793728,1.313777912769424,2.034551615278948,0.0934065934065934,8.073055499698967,20261008,baseline
18,1.3355299843536628,1.3112669950667375,2.0529280767000593,0.1593406593406593,8.261939084157348,20261008,baseline
19,1.3109063181903335,1.3129323493693996,2.0428994049785594,0.1593406593406593,9.1641409159638,20261008,baseline
20,1.3217897316911718,1.3084655469554636,2.039213045631235,0.1043956043956044,9.083270666655151,20261008,baseline
0,,1.576488120786235,2.0294331345044845,,,20261008,delta_loss
1,1.811080964057,1.4357084713660224,2.0400289766948028,0.0,8.037480374798179,20261008,delta_loss
2,1.7178918496593014,1.4040973612356311,2.043146637429641,0.0054945054945054,7.630360791925341,20261008,delta_loss
3,1.6627891220889248,1.3795747566153682,2.039647946781807,0.0,7.898793417029083,20261008,delta_loss
4,1.6709278854694996,1.3701539550498278,2.039553577836002,0.0,8.925227582920343,20261008,delta_loss
5,1.6153692223213532,1.359162614867644,2.0389055513197625,0.0109890109890109,8.617684499826282,20261008,delta_loss
6,1.6464108922979337,1.3489267877735345,2.041094560376445,0.0054945054945054,8.608209666796029,20261008,delta_loss
7,1.6104403537708325,1.3472806402797854,2.034200601820733,0.0,12.958010042086244,20261008,delta_loss
8,1.609518438250154,1.3354284437336494,2.0321771467895338,0.0164835164835164,11.381205749697983,20261008,delta_loss
9,1.592003543298323,1.3303573435707432,2.0393054541977564,0.0219780219780219,8.8007133747451,20261008,delta_loss
10,1.6076930067041415,1.3287264281823046,2.0406401738080344,0.0219780219780219,8.667392124887556,20261008,delta_loss
11,1.619405589915894,1.328440576417575,2.0409921128897768,0.0384615384615384,8.80851108301431,20261008,delta_loss
12,1.6220447840271417,1.3282894567638217,2.0412792598244116,0.0329670329670329,8.430632791947573,20261008,delta_loss
13,1.5970621010759374,1.332851345633867,2.042315614629375,0.0494505494505494,8.00783241679892,20261008,delta_loss
14,1.59219937141125,1.3269840853659818,2.0417470167612537,0.0439560439560439,7.837007791735232,20261008,delta_loss
15,1.6126272829024346,1.3294674840411456,2.0456261884775273,0.0659340659340659,8.775985582731664,20261008,delta_loss
16,1.5651082796054885,1.3251606106380756,2.0405731492516117,0.0549450549450549,9.286589665804058,20261008,delta_loss
17,1.5595063062814565,1.3310433590556072,2.042941681570233,0.0384615384615384,8.841324250213802,20261008,delta_loss
18,1.5793480368760917,1.3246118638770408,2.049845570011353,0.0769230769230769,8.414574624970555,20261008,delta_loss
19,1.5625719015414898,1.3243676953607335,2.0541332443227107,0.0824175824175824,8.470691583119333,20261008,delta_loss
20,1.568050734944396,1.328248594096887,2.0533461108188584,0.0989010989010989,8.789969707839191,20261008,delta_loss
0,,1.5770782510162378,2.029166030902537,,,20261008,wide_encoder
1,1.5937837932136032,1.4201119233951665,2.0647426117551095,0.0109890109890109,17.736894959118217,20261008,wide_encoder
2,1.484095382821429,1.3804716246212974,2.060291392347428,0.0329670329670329,18.46118045784533,20261008,wide_encoder
3,1.431279827605237,1.3507916291781854,2.0493416445354833,0.0439560439560439,18.299591457936913,20261008,wide_encoder
4,1.4185881516435643,1.35477800667144,2.051481776587326,0.0274725274725274,19.91192500013858,20261008,wide_encoder
5,1.3668390607440866,1.344645097944507,2.0487846351714127,0.0274725274725274,19.266502500046045,20261008,wide_encoder
6,1.3881546835322955,1.3429997109964749,2.049382860439139,0.0384615384615384,16.88989783404395,20261008,wide_encoder
7,1.3768686311585565,1.3327494547354206,2.042855678294978,0.0384615384615384,19.078690375201404,20261008,wide_encoder
8,1.370232410810806,1.3245568797238172,2.0411111264649904,0.0604395604395604,18.64001225028187,20261008,wide_encoder
9,1.355815201342761,1.3230196429430363,2.055217281823602,0.0714285714285714,18.07513620890677,20261008,wide_encoder
10,1.3607270268948524,1.319514420652509,2.049409459913415,0.0604395604395604,16.351520791184157,20261008,wide_encoder
11,1.3713299858046102,1.3245734409300538,2.0479588839920977,0.0989010989010989,17.64916899986565,20261008,wide_encoder
12,1.3779338827499976,1.324239481330656,2.0447387974283044,0.0824175824175824,17.79206799995154,20261008,wide_encoder
13,1.3457924520576394,1.3240221143299835,2.044656982040915,0.0989010989010989,17.60682454193011,20261008,wide_encoder
14,1.352613495928901,1.324821425938929,2.0436979485503004,0.1648351648351648,16.543909292202443,20261008,wide_encoder
15,1.3524378829604975,1.3232730661262857,2.045656817171421,0.1263736263736263,17.769699832890183,20261008,wide_encoder
16,1.3268835426686885,1.3273999367814997,2.0431919446913542,0.1373626373626373,16.720214957837015,20261008,wide_encoder
17,1.3144041293269986,1.323638741091179,2.0365950888804485,0.1043956043956044,18.149529250338674,20261008,wide_encoder
18,1.341346050356771,1.322318643916771,2.0497400286588183,0.2087912087912088,16.765020249877125,20261008,wide_encoder
19,1.3163126232204856,1.3277630915958234,2.047663106196161,0.1978021978021978,17.98182454193011,20261008,wide_encoder
20,1.3239438622207431,1.3240131185445965,2.0529989693706083,0.1593406593406593,16.765329166781157,20261008,wide_encoder
