seed,arm,split,mse,slope_mse,step_amplitude_percent,direction_percent
20261006,baseline,train,1.3080193690901925,2.037403375065229,18.32109637764584,54.01476454203784
20261006,baseline,validation,1.3076888480479412,2.0329337625993413,16.935444529646446,51.73590591858476
20261006,delta_loss,train,1.321355850945561,2.0088921085884412,20.49460851848971,55.01674147612791
20261006,delta_loss,validation,1.324246012833362,2.0409976484097188,18.740897294911345,51.73611718299311
20261006,wide_encoder,train,1.301739717923628,2.0282170457582573,19.776990940390142,54.139305225885906
20261006,wide_encoder,validation,1.3215276552761446,2.037064803161331,17.63210332700893,51.89933687105689
20261007,baseline,train,1.3063400949719308,2.028971732079225,18.154104105138025,54.15848384633821
20261007,baseline,validation,1.312935712090551,2.0369988147313522,16.626281849081955,51.42106892928315
20261007,delta_loss,train,1.3198397073842436,2.00212715268382,20.290080983900037,54.93155437636149
20261007,delta_loss,validation,1.3236200225585044,2.0411958665150234,18.43580300388508,51.58307281822624
20261007,wide_encoder,train,1.3115611004640058,2.0323884942161627,18.043951031151728,53.92050294719049
20261007,wide_encoder,validation,1.3218761156742482,2.035341276806805,16.391899657640522,51.39213390909181
20261008,baseline,train,1.3007181756113986,2.0345860734073815,18.558887129147433,54.184203645280625
20261008,baseline,validation,1.308465539002352,2.0392130423480785,16.655757669855383,51.78520935126363
20261008,delta_loss,train,1.3183108572499544,2.01090249715189,21.11797067541951,55.021156641791855
20261008,delta_loss,validation,1.328248594041368,2.0533460892520012,18.925183247303234,51.936055750082815
20261008,wide_encoder,train,1.3081450980693234,2.037903725679056,20.121515430071888,54.209047608591696
20261008,wide_encoder,validation,1.3240131309914003,2.05299896932028,18.060816844926652,51.523968454937105
