seed,split,piece,arm,value_gain_percent,delta_gain_percent,amplitude_change_pp,direction_change_pp
20261006,train,Bach/Fugue/bwv_848/midi_score.mid,delta_loss,0.4346986510901929,1.304653992524385,1.7775694425013242,1.6609845981290547
20261006,train,Bach/Fugue/bwv_848/midi_score.mid,wide_encoder,-1.5377994114657678,-0.05655109650972712,1.5204717458661356,-0.38471113677815083
20261006,train,Bach/Fugue/bwv_854/midi_score.mid,delta_loss,0.7504744375884886,1.2031378608902021,1.4461906331176841,0.17207496268084554
20261006,train,Bach/Fugue/bwv_854/midi_score.mid,wide_encoder,1.3415542056555263,-0.31225068861138183,1.7054729756069698,-7.5126982214110924
20261006,train,Bach/Fugue/bwv_857/midi_score.mid,delta_loss,-1.7323264018796802,-0.8893083927882905,1.8594743061703412,0.8335320603308034
20261006,train,Bach/Fugue/bwv_857/midi_score.mid,wide_encoder,1.715975682680082,0.2646481394567246,2.8482953988502757,-0.7229489589322355
20261006,train,Bach/Fugue/bwv_883/midi_score.mid,delta_loss,-0.08890174111921834,2.5745444058587252,3.7109886561791754,1.0826422217541634
20261006,train,Bach/Fugue/bwv_883/midi_score.mid,wide_encoder,-2.903873898737075,-0.765294004230821,5.481297981098081,0.47012514419221674
20261006,train,Bach/Fugue/bwv_885/midi_score.mid,delta_loss,-3.6818811813204233,-0.265906919853065,1.4583541067532977,-4.128408344323745
20261006,train,Bach/Fugue/bwv_885/midi_score.mid,wide_encoder,0.606640095596378,2.172132191105103,6.319829278286171,-1.2493044018672919
20261006,train,Bach/Fugue/bwv_889/midi_score.mid,delta_loss,0.640010514131184,-0.32311213090610025,-0.17012279118612028,-0.11459203564466236
20261006,train,Bach/Fugue/bwv_889/midi_score.mid,wide_encoder,2.4105966007622937,1.134319278484841,-1.439178541760775,2.040796435533281
20261006,train,Bach/Prelude/bwv_860/midi_score.mid,delta_loss,-0.34728133512977877,-1.0416151809550023,1.9614220854689215,0.8357320324809052
20261006,train,Bach/Prelude/bwv_860/midi_score.mid,wide_encoder,0.0408858551640523,-0.1194388538512392,1.7591228753859696,0.9202167414050777
20261006,train,Bach/Prelude/bwv_885/midi_score.mid,delta_loss,-6.90629366963047,0.8804496034896192,-0.2000215524225979,-2.9480589176501297
20261006,train,Bach/Prelude/bwv_885/midi_score.mid,wide_encoder,-1.414815718304685,2.292185309042505,1.2070643377910457,-2.373578509250457
20261006,train,Bach/Prelude/bwv_889/midi_score.mid,delta_loss,0.628937066054891,4.3989750168921145,2.4677857817997193,4.995987158908498
20261006,train,Bach/Prelude/bwv_889/midi_score.mid,wide_encoder,1.7426389376310136,0.22965828210895767,3.4994750630683242,-1.7281968967362218
20261006,train,Balakirev/Islamey/midi_score.mid,delta_loss,-1.3477510829148498,1.1270343613464684,1.8996718651423699,1.1780143721506917
20261006,train,Balakirev/Islamey/midi_score.mid,wide_encoder,0.0987936280782975,0.4590227970988403,1.2406839054314815,0.2002540295421369
20261006,train,Beethoven/Piano_Sonatas/11-1/midi_score.mid,delta_loss,-2.0072089550333683,0.6016175366281407,2.017890159371092,-0.18312750307063652
20261006,train,Beethoven/Piano_Sonatas/11-1/midi_score.mid,wide_encoder,0.25996178504653633,-0.4242544292601069,1.6916106780408455,-0.9172203491768585
20261006,train,Beethoven/Piano_Sonatas/16-1/midi_score.mid,delta_loss,-1.8145446529651554,0.8842310655810093,2.1642473893423038,-0.025070037344740115
20261006,train,Beethoven/Piano_Sonatas/16-1/midi_score.mid,wide_encoder,1.2359216294233977,0.6075609498299328,1.8277679044264303,-0.319847820844835
20261006,train,Beethoven/Piano_Sonatas/17-1_no_repeat/midi_score.mid,delta_loss,0.5597164411803468,3.6025135389804896,3.220544072070867,1.480740231850838
20261006,train,Beethoven/Piano_Sonatas/17-1_no_repeat/midi_score.mid,wide_encoder,1.2611984691845213,1.125585213939162,0.9911223659365636,0.5888210336305235
20261006,train,Beethoven/Piano_Sonatas/24-1_no_2_repeat/midi_score.mid,delta_loss,-1.9177016407959213,2.8183485517421003,1.1959771916029176,2.4435358277042596
20261006,train,Beethoven/Piano_Sonatas/24-1_no_2_repeat/midi_score.mid,wide_encoder,1.318762653519212,1.5615999882653164,2.1387881705777687,0.1388190553712434
20261006,train,Beethoven/Piano_Sonatas/26-1/midi_score.mid,delta_loss,-0.2345595993858307,1.833285117650063,2.7801218591072683,1.6410544511614518
20261006,train,Beethoven/Piano_Sonatas/26-1/midi_score.mid,wide_encoder,0.9099015981460568,0.6172961048162007,1.4440382318351794,0.5317256024055013
20261006,train,Beethoven/Piano_Sonatas/26-2/midi_score.mid,delta_loss,-3.5933306259774866,0.20614567596174416,1.504255023123342,-0.55884723974048
20261006,train,Beethoven/Piano_Sonatas/26-2/midi_score.mid,wide_encoder,-1.9873454933217571,3.7111307411414884,1.5955591273530594,3.8265577611878356
20261006,train,Beethoven/Piano_Sonatas/27-1/midi_score.mid,delta_loss,-1.1801250748283199,1.2422369870830896,1.1035776519940974,0.5120847062051368
20261006,train,Beethoven/Piano_Sonatas/27-1/midi_score.mid,wide_encoder,-0.012444096674224525,-0.4422977151730567,2.2999506154314915,-0.12283104335861594
20261006,train,Beethoven/Piano_Sonatas/28-1/midi_score.mid,delta_loss,0.9590583924655838,1.5165110818480487,1.1402932231163376,1.228978885018435
20261006,train,Beethoven/Piano_Sonatas/28-1/midi_score.mid,wide_encoder,-0.5656511458834723,-1.4942811753778429,1.9485935971635016,-1.4382857790633707
20261006,train,Beethoven/Piano_Sonatas/32-1/midi_score.mid,delta_loss,-2.625441584913224,2.5963467165228793,1.2425111383105332,3.4223015894924202
20261006,train,Beethoven/Piano_Sonatas/32-1/midi_score.mid,wide_encoder,2.6005042506748843,1.8443394470132546,2.5071527604626915,1.860952429291892
20261006,train,Beethoven/Piano_Sonatas/7-1/midi_score.mid,delta_loss,-1.0560461488946293,1.2460311151823666,1.84209465158807,1.0238659567795025
20261006,train,Beethoven/Piano_Sonatas/7-1/midi_score.mid,wide_encoder,-0.30740093784580313,0.524386677901012,0.6170255924428112,0.0005249811743510691
20261006,train,Chopin/Ballades/1/midi_score.mid,delta_loss,-1.8338157704665514,0.596232983504208,2.3441759276195775,1.048718536124703
20261006,train,Chopin/Ballades/1/midi_score.mid,wide_encoder,-0.6353440163318069,0.2011536846379447,1.1144950561585212,-0.21542577738298974
20261006,train,Chopin/Ballades/4/midi_score.mid,delta_loss,-0.9640777212625684,0.8027146515433237,1.0444642405710276,0.3310802617711772
20261006,train,Chopin/Ballades/4/midi_score.mid,wide_encoder,0.602264185160506,0.2933130434793374,0.9847842687197748,0.3970954715292123
20261006,train,Chopin/Barcarolle/midi_score.mid,delta_loss,-2.3062981051205522,0.8479729992854956,1.5574558574000683,1.0062369637293145
20261006,train,Chopin/Barcarolle/midi_score.mid,wide_encoder,-1.081839233756754,-0.16362081859111477,1.9041079320815797,0.4645625790411714
20261006,train,Chopin/Etudes_op_10/1/midi_score.mid,delta_loss,1.325028715409493,3.3090644173811357,5.652396978921047,1.5178863307433161
20261006,train,Chopin/Etudes_op_10/1/midi_score.mid,wide_encoder,1.3636924856560872,0.6990592686367147,1.1840678918899563,0.6344555100896372
20261006,train,Chopin/Etudes_op_10/2/midi_score.mid,delta_loss,-0.2862032553550886,1.8988276852908603,1.0456125155889247,1.1999277829925958
20261006,train,Chopin/Etudes_op_10/2/midi_score.mid,wide_encoder,1.4819012657248942,0.6994544432212146,0.7673574862200887,-2.3144200907571744
20261006,train,Chopin/Etudes_op_10/4/midi_score.mid,delta_loss,-1.521754446196577,0.6569250029925255,1.9990239879107676,0.8054167507769208
20261006,train,Chopin/Etudes_op_10/4/midi_score.mid,wide_encoder,0.010624863691821584,0.4728848985578127,1.1216050779219557,0.4173004935772866
20261006,train,Chopin/Etudes_op_10/8/midi_score.mid,delta_loss,-0.41970966814004473,2.173766531466803,2.0090746260457983,0.6325890980662123
20261006,train,Chopin/Etudes_op_10/8/midi_score.mid,wide_encoder,-0.24978575091512134,0.25420400281321864,1.036688756982393,-0.7553310696478661
20261006,train,Chopin/Etudes_op_25/10/midi_score.mid,delta_loss,-1.6685660806382785,0.25652474823619764,2.0653813258133056,0.46948047995486064
20261006,train,Chopin/Etudes_op_25/10/midi_score.mid,wide_encoder,-0.8788313224260991,-0.7920124200791578,1.4219227932782381,0.3445372783668077
20261006,train,Chopin/Etudes_op_25/12/midi_score.mid,delta_loss,0.9515944086350592,2.8302417960764825,5.578108490585706,1.9809380179684482
20261006,train,Chopin/Etudes_op_25/12/midi_score.mid,wide_encoder,0.687616456853779,0.3493732221726331,1.2877732914103746,-0.04513715433751031
20261006,train,Chopin/Scherzos/31/midi_score.mid,delta_loss,-0.962647720153198,1.0101108862723973,1.8410877349283101,0.7844317910977452
20261006,train,Chopin/Scherzos/31/midi_score.mid,wide_encoder,-0.060593628419880474,0.48429892335479785,0.9826173796334725,0.27501894090550394
20261006,train,Chopin/Sonata_3/2nd/midi_score.mid,delta_loss,-1.1819445911330329,0.09190042500790696,1.7976366669004378,1.0149793538299363
20261006,train,Chopin/Sonata_3/2nd/midi_score.mid,wide_encoder,0.6762824074584506,0.4188468861241357,1.6111291782187642,-0.32874142799705197
20261006,train,Chopin/Sonata_3/4th/midi_score.mid,delta_loss,-1.3379826381592297,0.7044690734764325,1.7787223529074545,0.6449109664973918
20261006,train,Chopin/Sonata_3/4th/midi_score.mid,wide_encoder,-1.109969332924443,-0.14625037498554594,1.3702825146938444,-0.7164110243348318
20261006,train,Haydn/Keyboard_Sonatas/50-1_no_repeat/midi_score.mid,delta_loss,-1.0639344586280464,0.8595531208976048,1.4066893146369708,1.9621448838305255
20261006,train,Haydn/Keyboard_Sonatas/50-1_no_repeat/midi_score.mid,wide_encoder,1.176159195515325,0.5263429598567404,1.3080537736858808,1.3220085479106771
20261006,train,Liszt/Gran_Etudes_de_Paganini/2_La_campanella/midi_score.mid,delta_loss,-1.2429220241550354,1.0024436179593033,2.0322638016834453,0.3982551665093297
20261006,train,Liszt/Gran_Etudes_de_Paganini/2_La_campanella/midi_score.mid,wide_encoder,2.5732164343065245,1.4003570743784555,2.4898107950551207,0.7583681807950171
20261006,train,Liszt/Transcendental_Etudes/5/midi_score.mid,delta_loss,-1.8030897788569922,3.3878213292137582,2.4632258458945415,2.5855306620872867
20261006,train,Liszt/Transcendental_Etudes/5/midi_score.mid,wide_encoder,1.7729220112236765,-2.0769118563553235,2.5695289785870266,-1.180096143102709
20261006,train,Mozart/Piano_Sonatas/8-1/midi_score.mid,delta_loss,-1.4907680534940404,0.5686776911060121,1.7915990058045104,0.5616143369712177
20261006,train,Mozart/Piano_Sonatas/8-1/midi_score.mid,wide_encoder,-0.09191851490493175,1.682402177675535,1.1077825098067677,-0.005439699065732384
20261006,train,Schubert/Impromptu_op.90_D.899/3/midi_score.mid,delta_loss,0.29179816907967115,1.8331866593317425,4.155072423196891,1.8800526433543396
20261006,train,Schubert/Impromptu_op.90_D.899/3/midi_score.mid,wide_encoder,-1.137381287673489,-0.541028461598092,1.872020305358685,0.10216427289391561
20261006,train,Schubert/Piano_Sonatas/894-2_no_repeat/midi_score.mid,delta_loss,-1.3531580571913615,0.9541068117339679,1.249216603098759,1.2950926068966595
20261006,train,Schubert/Piano_Sonatas/894-2_no_repeat/midi_score.mid,wide_encoder,-0.4568290099951744,0.3188494674073228,0.7381348903137521,-0.41463502810481856
20261006,train,Scriabin/Sonatas/5/midi_score.mid,delta_loss,-0.527860513130296,0.40737746841854605,1.5956339118446756,0.3653929119851611
20261006,train,Scriabin/Sonatas/5/midi_score.mid,wide_encoder,0.4705043876684578,0.12359831638860674,1.2950780570300786,-0.03275904847840394
20261006,validation,Bach/Fugue/bwv_860/midi_score.mid,delta_loss,-3.578082340226807,-1.912033140675673,0.8159997643782155,0.5780973777942222
20261006,validation,Bach/Fugue/bwv_860/midi_score.mid,wide_encoder,-4.213683066275409,0.1566687377943854,0.9520219900612226,0.706749582338233
20261006,validation,Bach/Prelude/bwv_848/midi_score.mid,delta_loss,-1.5232281620063848,-0.4806265631269735,1.2680308098116733,-0.27111301650850805
20261006,validation,Bach/Prelude/bwv_848/midi_score.mid,wide_encoder,-0.9846313049774347,-0.09024594901405614,0.7833434843527272,-1.912485623935666
20261006,validation,Bach/Prelude/bwv_854/midi_score.mid,delta_loss,-2.821156058574892,-4.2302347683307095,4.834772198222744,0.3180622882341808
20261006,validation,Bach/Prelude/bwv_854/midi_score.mid,wide_encoder,-1.6267287453357815,-0.4219003452683667,0.6676472999586167,2.631650296800281
20261006,validation,Bach/Prelude/bwv_857/midi_score.mid,delta_loss,-0.11717633712304831,2.2358991158963115,2.898333486155547,-1.4462242562929077
20261006,validation,Bach/Prelude/bwv_857/midi_score.mid,wide_encoder,0.07789336850149153,-0.7079079208466288,1.314333977029186,-0.25553012967200317
20261006,validation,Beethoven/Piano_Sonatas/31-1/midi_score.mid,delta_loss,-1.0721204651586103,-0.42660462233103935,1.2724713563500636,-0.8653480882013156
20261006,validation,Beethoven/Piano_Sonatas/31-1/midi_score.mid,wide_encoder,-1.5498468026620804,-0.1596663851055613,0.6305167238586975,-0.8553925164484681
20261006,validation,Beethoven/Piano_Sonatas/4-1/midi_score.mid,delta_loss,-0.9597116480864809,-0.15616091049581726,1.49868633445492,1.099563692513577
20261006,validation,Beethoven/Piano_Sonatas/4-1/midi_score.mid,wide_encoder,-1.1147089031888546,-0.3896175652748024,0.7043788626389258,0.9322462045703261
20261006,validation,Chopin/Etudes_op_10/12/midi_score.mid,delta_loss,-0.46784270196307265,-0.35942671357409584,2.6974605543198855,-0.8799351051497055
20261006,validation,Chopin/Etudes_op_10/12/midi_score.mid,wide_encoder,0.09178802304334877,0.26363861426832447,0.9037340448042528,-0.1673242986105734
20261006,validation,Chopin/Etudes_op_25/11/midi_score.mid,delta_loss,-1.8780072377064805,-0.505082509345578,2.216633907293396,0.037904300386308876
20261006,validation,Chopin/Etudes_op_25/11/midi_score.mid,wide_encoder,-0.9811675132540998,-0.35265523576710756,0.48489262428343594,0.5003738048460846
20261007,train,Bach/Fugue/bwv_848/midi_score.mid,delta_loss,0.5249607521525257,2.3951396351955534,2.9995083630092303,3.5157229456595473
20261007,train,Bach/Fugue/bwv_848/midi_score.mid,wide_encoder,-2.475455405318172,-0.7422262096869359,0.24342457644225135,-0.6508122291365197
20261007,train,Bach/Fugue/bwv_854/midi_score.mid,delta_loss,1.8481585761499275,3.2391501861655736,1.7201206674110026,5.797929971119814
20261007,train,Bach/Fugue/bwv_854/midi_score.mid,wide_encoder,-0.36209001389695405,0.8879444174012208,0.35374805836764267,1.4326409008384502
20261007,train,Bach/Fugue/bwv_857/midi_score.mid,delta_loss,-3.4149844858081924,-0.05171945485065166,1.635618517092773,0.5836138731555636
20261007,train,Bach/Fugue/bwv_857/midi_score.mid,wide_encoder,-0.20310805550187716,0.40369181607388116,0.40043729431404174,0.04616486431260114
20261007,train,Bach/Fugue/bwv_883/midi_score.mid,delta_loss,-1.0634851563989356,-1.145169204175156,2.0911081640343383,-0.5392798125438745
20261007,train,Bach/Fugue/bwv_883/midi_score.mid,wide_encoder,-4.408913213063337,0.5343862615846295,-1.3111002293729541,0.953378170666781
20261007,train,Bach/Fugue/bwv_885/midi_score.mid,delta_loss,-2.6437839511650685,0.08820267021462103,0.5448290369395323,-0.6784671976061531
20261007,train,Bach/Fugue/bwv_885/midi_score.mid,wide_encoder,-3.867188660818033,-1.9368755695511775,0.6106693914437855,-0.5201752452498454
20261007,train,Bach/Fugue/bwv_889/midi_score.mid,delta_loss,0.38509690744016334,2.641977234438897,1.147529053193992,5.317738791422997
20261007,train,Bach/Fugue/bwv_889/midi_score.mid,wide_encoder,-1.23339568264349,0.35094137283707694,-0.5863442088608295,2.083402951824006
20261007,train,Bach/Prelude/bwv_860/midi_score.mid,delta_loss,-0.8402411344543559,1.467506236570737,2.539736551323479,3.478753417094225
20261007,train,Bach/Prelude/bwv_860/midi_score.mid,wide_encoder,-2.8034637464175116,-1.5673482945395945,-1.1922418159074155,-0.34840894706365333
20261007,train,Bach/Prelude/bwv_885/midi_score.mid,delta_loss,-2.0974297588781665,0.8443614605348815,3.210198556534177,-0.44420766224366304
20261007,train,Bach/Prelude/bwv_885/midi_score.mid,wide_encoder,-1.10182071495315,1.7374216132033937,2.518481284792916,-1.6734830165485164
20261007,train,Bach/Prelude/bwv_889/midi_score.mid,delta_loss,-2.57826584808023,4.672151559615756,-0.6821790312506337,-5.374531835205985
20261007,train,Bach/Prelude/bwv_889/midi_score.mid,wide_encoder,0.4757704901850457,-2.941654508467084,-0.4347827375862394,-10.643838059568395
20261007,train,Balakirev/Islamey/midi_score.mid,delta_loss,-1.3254258899348725,1.0476925307301155,1.781663198995819,0.7277967099718623
20261007,train,Balakirev/Islamey/midi_score.mid,wide_encoder,-0.9336619428467641,-0.5383136353667162,0.24444860215195874,-0.20412278770878345
20261007,train,Beethoven/Piano_Sonatas/11-1/midi_score.mid,delta_loss,-1.1414787430263251,1.4514921666308078,2.00141511452572,0.2139726043170853
20261007,train,Beethoven/Piano_Sonatas/11-1/midi_score.mid,wide_encoder,0.32196941170743454,0.9285679018733228,0.12177541763913524,0.18657496803587748
20261007,train,Beethoven/Piano_Sonatas/16-1/midi_score.mid,delta_loss,-1.2641069825998885,2.1604023503911995,1.3800994015909325,1.1048658578749624
20261007,train,Beethoven/Piano_Sonatas/16-1/midi_score.mid,wide_encoder,0.411431829122455,0.3764194727584602,0.5450459787956312,-0.08299915021463988
20261007,train,Beethoven/Piano_Sonatas/17-1_no_repeat/midi_score.mid,delta_loss,0.1632135570449611,2.1061806722356913,2.6229806394666024,0.8782234310361758
20261007,train,Beethoven/Piano_Sonatas/17-1_no_repeat/midi_score.mid,wide_encoder,0.8024731027158838,-0.011413724253195312,0.2830998176640609,-1.179298210371293
20261007,train,Beethoven/Piano_Sonatas/24-1_no_2_repeat/midi_score.mid,delta_loss,-2.5773861842001144,0.7710471373359784,2.609718330030212,-1.3617299319294602
20261007,train,Beethoven/Piano_Sonatas/24-1_no_2_repeat/midi_score.mid,wide_encoder,-0.0015499263581464362,-0.0041592504172127676,-1.1061112630016794,-1.1240440968840701
20261007,train,Beethoven/Piano_Sonatas/26-1/midi_score.mid,delta_loss,-0.6375426741346057,2.279362516724903,2.2973338409244626,1.2022935521032636
20261007,train,Beethoven/Piano_Sonatas/26-1/midi_score.mid,wide_encoder,0.1878676396984691,0.13170885715936276,-0.5687061920774461,0.06688477557394634
20261007,train,Beethoven/Piano_Sonatas/26-2/midi_score.mid,delta_loss,-1.5311581379612749,-1.6598546228118627,2.0255880174955614,-0.33141396218210417
20261007,train,Beethoven/Piano_Sonatas/26-2/midi_score.mid,wide_encoder,1.5048808884682519,-0.3290918908776197,-0.8595807651657061,2.4370571000448322
20261007,train,Beethoven/Piano_Sonatas/27-1/midi_score.mid,delta_loss,-2.113980459756948,-0.32181542597033985,1.3784900932732462,-0.39548304297834846
20261007,train,Beethoven/Piano_Sonatas/27-1/midi_score.mid,wide_encoder,-0.5095046918494051,-0.7351070459436837,-0.003557728791506065,-0.6033270656276315
20261007,train,Beethoven/Piano_Sonatas/28-1/midi_score.mid,delta_loss,-1.186011375528384,1.021425411187138,0.9907830656182988,3.3461911207192543
20261007,train,Beethoven/Piano_Sonatas/28-1/midi_score.mid,wide_encoder,-1.8291483106608553,0.1600531877217315,-0.8517106268121246,1.0267562154417718
20261007,train,Beethoven/Piano_Sonatas/32-1/midi_score.mid,delta_loss,-3.6122639677049095,1.2114261098348789,2.3289170941232307,0.5027617185252211
20261007,train,Beethoven/Piano_Sonatas/32-1/midi_score.mid,wide_encoder,-0.9170921149062039,-1.2131513107751513,-1.507896759013665,-1.5524164091067831
20261007,train,Beethoven/Piano_Sonatas/7-1/midi_score.mid,delta_loss,-0.41188028546668143,0.680673954205957,2.0528347425610285,0.874838741890926
20261007,train,Beethoven/Piano_Sonatas/7-1/midi_score.mid,wide_encoder,-0.6242205642793985,-0.6606691483122651,-0.0534871167055897,-0.6569627822751087
20261007,train,Chopin/Ballades/1/midi_score.mid,delta_loss,-0.6437655120227648,0.957453166892519,1.9336214486641232,1.7741547247725862
20261007,train,Chopin/Ballades/1/midi_score.mid,wide_encoder,-0.33039588803001063,-0.32579056437354037,-0.34972310777956395,0.44264536845580693
20261007,train,Chopin/Ballades/4/midi_score.mid,delta_loss,-2.4313641444798195,-0.5098133603029575,1.6863817935634025,0.06554490083221509
20261007,train,Chopin/Ballades/4/midi_score.mid,wide_encoder,-1.1024660296083288,-1.65116102976115,0.19343762850416368,-1.6734897889980331
20261007,train,Chopin/Barcarolle/midi_score.mid,delta_loss,-0.21720667939648663,1.7210743928000927,1.6483043156394181,2.1975637075056724
20261007,train,Chopin/Barcarolle/midi_score.mid,wide_encoder,0.24885408215723492,0.13594267304799512,-0.7210469187680317,0.24898428580804222
20261007,train,Chopin/Etudes_op_10/1/midi_score.mid,delta_loss,1.7880708884571606,2.9778233970390366,4.696548140816553,1.8090012281674035
20261007,train,Chopin/Etudes_op_10/1/midi_score.mid,wide_encoder,-0.14976327949054458,-0.15731688778664044,-0.5139154213119461,-0.037512978365995764
20261007,train,Chopin/Etudes_op_10/2/midi_score.mid,delta_loss,0.18727684781627563,0.49083818806939794,1.5378768163086463,0.07854308022003664
20261007,train,Chopin/Etudes_op_10/2/midi_score.mid,wide_encoder,-1.3257691281954198,-1.1822071723640581,-0.2501468463568983,-1.386120988032438
20261007,train,Chopin/Etudes_op_10/4/midi_score.mid,delta_loss,-0.959791745674754,1.2184394576861157,1.8842174880581517,0.9660537143222498
20261007,train,Chopin/Etudes_op_10/4/midi_score.mid,wide_encoder,-0.6733513170382954,0.3811858612493446,-0.14386129767336442,0.15374961216765115
20261007,train,Chopin/Etudes_op_10/8/midi_score.mid,delta_loss,-1.3101798779312723,0.4067925028891861,1.3740976165087417,-0.21581390769066644
20261007,train,Chopin/Etudes_op_10/8/midi_score.mid,wide_encoder,-0.4582712995550686,-0.5549481041844384,-0.39200909556598873,-0.6174694213234915
20261007,train,Chopin/Etudes_op_25/10/midi_score.mid,delta_loss,-0.8586350816377042,1.2828743504144091,1.8491888165185308,1.1189294474541143
20261007,train,Chopin/Etudes_op_25/10/midi_score.mid,wide_encoder,0.5787455553019405,0.46034346866824505,0.645455146325844,0.19868401190299778
20261007,train,Chopin/Etudes_op_25/12/midi_score.mid,delta_loss,-0.5237002545698255,2.7567512748728706,5.935719981334302,1.098418048804568
20261007,train,Chopin/Etudes_op_25/12/midi_score.mid,wide_encoder,-1.6764747339292008,-0.5254554783510557,0.2149725262269193,-0.658822551647603
20261007,train,Chopin/Scherzos/31/midi_score.mid,delta_loss,-0.5095474325969684,0.564159244056639,1.9765299353441197,1.0604379321038593
20261007,train,Chopin/Scherzos/31/midi_score.mid,wide_encoder,-0.10404698538089008,-0.03697137711442533,0.29386563344843886,0.6765208743949671
20261007,train,Chopin/Sonata_3/2nd/midi_score.mid,delta_loss,-1.5600324686737777,0.5064913634579948,1.86107959063769,-0.21164486038730246
20261007,train,Chopin/Sonata_3/2nd/midi_score.mid,wide_encoder,-0.13102292181825792,0.202528836179372,0.7745193886396393,-0.23119957732939156
20261007,train,Chopin/Sonata_3/4th/midi_score.mid,delta_loss,-0.8724545619664514,0.8026784325686043,1.8954020736583495,0.36863500279280004
20261007,train,Chopin/Sonata_3/4th/midi_score.mid,wide_encoder,-0.6758295430843164,0.10235162505526363,0.276275650747138,0.3845437428490541
20261007,train,Haydn/Keyboard_Sonatas/50-1_no_repeat/midi_score.mid,delta_loss,-1.4630939156287992,2.00600687585496,1.997171206918722,-0.06338580378874781
20261007,train,Haydn/Keyboard_Sonatas/50-1_no_repeat/midi_score.mid,wide_encoder,0.08350578101899986,-0.25812878381479276,-0.19523843835984067,-0.6666558286211597
20261007,train,Liszt/Gran_Etudes_de_Paganini/2_La_campanella/midi_score.mid,delta_loss,-0.7592097577844292,2.7589020089180627,2.3164974315490916,0.540813188469599
20261007,train,Liszt/Gran_Etudes_de_Paganini/2_La_campanella/midi_score.mid,wide_encoder,-0.5164549245548988,0.5155850576529453,-1.1030008860937706,-0.2927485696725327
20261007,train,Liszt/Transcendental_Etudes/5/midi_score.mid,delta_loss,-2.3143898446502664,2.487598514952205,1.9217851075229504,0.9674611227594454
20261007,train,Liszt/Transcendental_Etudes/5/midi_score.mid,wide_encoder,-2.8821623735191038,-0.23025424620608526,1.4361743632193722,-0.6985145194443589
20261007,train,Mozart/Piano_Sonatas/8-1/midi_score.mid,delta_loss,-0.27054551927321313,3.395650908746961,1.9169494154634101,2.3686050241620507
20261007,train,Mozart/Piano_Sonatas/8-1/midi_score.mid,wide_encoder,-0.20195177714918966,0.19435851708673457,-0.5045688526689212,-1.251383701263535
20261007,train,Schubert/Impromptu_op.90_D.899/3/midi_score.mid,delta_loss,-0.5654837565135296,1.941002724489893,3.150123064177876,1.1312715322997065
20261007,train,Schubert/Impromptu_op.90_D.899/3/midi_score.mid,wide_encoder,-0.6276929107050133,0.24695915715027272,0.18655867004578397,-0.567359174544876
20261007,train,Schubert/Piano_Sonatas/894-2_no_repeat/midi_score.mid,delta_loss,-1.7428675792240833,0.9146817733237111,1.6702701375070674,0.8705652845639946
20261007,train,Schubert/Piano_Sonatas/894-2_no_repeat/midi_score.mid,wide_encoder,-0.3719993989057757,0.2695062195672948,0.0496158009163139,1.0635080776726582
20261007,train,Scriabin/Sonatas/5/midi_score.mid,delta_loss,-1.5324659872216984,0.31213668796594707,1.8633488527467357,0.1556987164427568
20261007,train,Scriabin/Sonatas/5/midi_score.mid,wide_encoder,-0.3775687844118414,-0.20964549008115618,0.5801656694262434,-0.1049150813958164
20261007,validation,Bach/Fugue/bwv_860/midi_score.mid,delta_loss,0.42818984707545527,0.8214313089012881,1.5964455699704772,-0.3636915974301189
20261007,validation,Bach/Fugue/bwv_860/midi_score.mid,wide_encoder,1.3904683093725279,1.381049558059122,-0.43189722230344074,1.0964023157336058
20261007,validation,Bach/Prelude/bwv_848/midi_score.mid,delta_loss,-0.12647931568012805,-0.03850924284616308,1.2066867662319396,0.4981426719844393
20261007,validation,Bach/Prelude/bwv_848/midi_score.mid,wide_encoder,0.32273062309764455,0.14482202326558946,0.7178954938649262,2.2341658955468446
20261007,validation,Bach/Prelude/bwv_854/midi_score.mid,delta_loss,0.134285210369689,1.6358648355006555,1.1768008083385624,1.5018085934836876
20261007,validation,Bach/Prelude/bwv_854/midi_score.mid,wide_encoder,-0.6411135146602964,1.1419090881795713,-0.5855506895645064,1.9741223275095905
20261007,validation,Bach/Prelude/bwv_857/midi_score.mid,delta_loss,-0.06974635637699844,0.9708069701009903,-0.40378166465793797,0.2868039664378301
20261007,validation,Bach/Prelude/bwv_857/midi_score.mid,wide_encoder,2.207284211885374,2.063606792676842,-0.9397276536695927,-1.215865751334853
20261007,validation,Beethoven/Piano_Sonatas/31-1/midi_score.mid,delta_loss,-1.5562924214140628,-0.3227120264314376,1.6875368680287615,-0.2523433065655425
20261007,validation,Beethoven/Piano_Sonatas/31-1/midi_score.mid,wide_encoder,-1.6212439958319003,0.2057049913414266,-0.12627690417949466,-0.5958070576230128
20261007,validation,Beethoven/Piano_Sonatas/4-1/midi_score.mid,delta_loss,0.10341598758236703,-0.3095587007184708,1.9409197901437327,0.47222945840493935
20261007,validation,Beethoven/Piano_Sonatas/4-1/midi_score.mid,wide_encoder,-0.2954407710708429,0.284742020566775,-0.6463807844124414,-0.14391950737751813
20261007,validation,Chopin/Etudes_op_10/12/midi_score.mid,delta_loss,-0.5756310202095438,-0.17451132166992345,2.5558514840272704,-0.5434178145852258
20261007,validation,Chopin/Etudes_op_10/12/midi_score.mid,wide_encoder,-1.8010915754178125,-0.8648180689177831,-0.44754761909704577,-1.0780533733801008
20261007,validation,Chopin/Etudes_op_25/11/midi_score.mid,delta_loss,-1.7384013019879463,-0.33940937379040026,1.7339882092978165,0.5279564931640266
20261007,validation,Chopin/Etudes_op_25/11/midi_score.mid,wide_encoder,-0.3940899392131936,0.0008826743503553836,-0.1304877378735263,0.4946815705715366
20261008,train,Bach/Fugue/bwv_848/midi_score.mid,delta_loss,-1.1186822876615876,1.387221731149857,3.067686089293513,2.8571355008699655
20261008,train,Bach/Fugue/bwv_848/midi_score.mid,wide_encoder,-1.5153234246642722,-0.7586020440922825,2.256994828596312,0.5015346181941922
20261008,train,Bach/Fugue/bwv_854/midi_score.mid,delta_loss,0.3112514842778191,0.9013845991015845,2.7626862959217995,2.0011691719766773
20261008,train,Bach/Fugue/bwv_854/midi_score.mid,wide_encoder,-0.17132110804347622,-1.2933539287184548,3.9547457547689007,-3.3314037989512073
20261008,train,Bach/Fugue/bwv_857/midi_score.mid,delta_loss,-3.1247605461687256,-2.3861723439438265,3.827112014856038,-2.1413437854473827
20261008,train,Bach/Fugue/bwv_857/midi_score.mid,wide_encoder,-2.5947293710869124,-0.7128670889674726,-0.02515599175290717,-1.1524121632977824
20261008,train,Bach/Fugue/bwv_883/midi_score.mid,delta_loss,-0.768302982286273,2.5784306274101443,4.161371257637427,3.2658757991776355
20261008,train,Bach/Fugue/bwv_883/midi_score.mid,wide_encoder,-1.7676928365974565,-0.7671752047603508,7.402564290163511,0.7824182850162913
20261008,train,Bach/Fugue/bwv_885/midi_score.mid,delta_loss,-3.8895929628679493,-3.6505495190193082,1.5220318589742767,-1.0676677796722558
20261008,train,Bach/Fugue/bwv_885/midi_score.mid,wide_encoder,0.08486942710861367,-4.111356315530235,0.9100091899822829,-1.4737556257483817
20261008,train,Bach/Fugue/bwv_889/midi_score.mid,delta_loss,-0.5500278737846198,0.4654077155598624,4.677950809806852,3.7088554720133615
20261008,train,Bach/Fugue/bwv_889/midi_score.mid,wide_encoder,-0.48643064558957505,-0.9633823179772572,3.389028186292048,0.46686159844054487
20261008,train,Bach/Prelude/bwv_860/midi_score.mid,delta_loss,1.1281123477368982,2.1104311484196336,3.2459975508131436,2.024720909250064
20261008,train,Bach/Prelude/bwv_860/midi_score.mid,wide_encoder,1.3189159755819913,0.9579614613714704,0.8133140655818387,3.338509473599153
20261008,train,Bach/Prelude/bwv_885/midi_score.mid,delta_loss,-5.1636371778658985,1.5162985908575122,4.395706904396967,5.713675022809781
20261008,train,Bach/Prelude/bwv_885/midi_score.mid,wide_encoder,-0.38763418062230937,-2.568820819286932,3.8429894246134992,4.267006668892698
20261008,train,Bach/Prelude/bwv_889/midi_score.mid,delta_loss,-4.099179738143732,3.378685664687331,7.911548648548468,0.7142857142857153
20261008,train,Bach/Prelude/bwv_889/midi_score.mid,wide_encoder,-1.8821319417024585,1.9761534428870853,3.650789856009254,2.9057428214731544
20261008,train,Balakirev/Islamey/midi_score.mid,delta_loss,-1.2271800033131441,1.3513344943509864,1.8150422013960608,1.3988181481430928
20261008,train,Balakirev/Islamey/midi_score.mid,wide_encoder,-1.0421597090513046,-0.15855770493988786,1.38764957053737,0.5135615635763315
20261008,train,Beethoven/Piano_Sonatas/11-1/midi_score.mid,delta_loss,-1.390411078924969,1.9572802171107684,2.7829240002843356,1.1732002109300836
20261008,train,Beethoven/Piano_Sonatas/11-1/midi_score.mid,wide_encoder,0.34235267291613525,-0.041620212608006746,1.9952756741306388,0.5056187409312969
20261008,train,Beethoven/Piano_Sonatas/16-1/midi_score.mid,delta_loss,-2.2421921357463015,0.3116108613691715,2.6766212719186484,0.4776658997624281
20261008,train,Beethoven/Piano_Sonatas/16-1/midi_score.mid,wide_encoder,0.5664547251374108,-0.05697619944864396,1.588341681211915,-0.1886326679612651
20261008,train,Beethoven/Piano_Sonatas/17-1_no_repeat/midi_score.mid,delta_loss,0.03364897827967672,2.752244573674689,3.160879809750085,0.911529646847697
20261008,train,Beethoven/Piano_Sonatas/17-1_no_repeat/midi_score.mid,wide_encoder,0.399503146545499,0.051765550904780966,0.6943825651765394,0.22565618030812828
20261008,train,Beethoven/Piano_Sonatas/24-1_no_2_repeat/midi_score.mid,delta_loss,-1.7051758393333394,1.4581193648322222,2.0828029071195786,1.3886234857088482
20261008,train,Beethoven/Piano_Sonatas/24-1_no_2_repeat/midi_score.mid,wide_encoder,0.9021629176605761,0.42486482282371174,1.4467690852536954,0.1081410289095075
20261008,train,Beethoven/Piano_Sonatas/26-1/midi_score.mid,delta_loss,-1.2110993868220232,1.4959090075892245,2.1758850007773134,1.6566373021732588
20261008,train,Beethoven/Piano_Sonatas/26-1/midi_score.mid,wide_encoder,-0.5363740637352787,-0.6917112728946906,1.3891096687254354,-0.44676204574979295
20261008,train,Beethoven/Piano_Sonatas/26-2/midi_score.mid,delta_loss,-1.346529932976348,1.2251965582797286,1.6417281524884224,-0.17232381489816362
20261008,train,Beethoven/Piano_Sonatas/26-2/midi_score.mid,wide_encoder,-0.40740058638271126,0.8899638707955515,2.732682864963561,2.5302034378397025
20261008,train,Beethoven/Piano_Sonatas/27-1/midi_score.mid,delta_loss,-2.005617459891429,1.013651123039605,1.4154455127929708,0.9739073084062753
20261008,train,Beethoven/Piano_Sonatas/27-1/midi_score.mid,wide_encoder,0.20865972949843936,0.5495550046703324,1.1773419497696445,0.7142739039637718
20261008,train,Beethoven/Piano_Sonatas/28-1/midi_score.mid,delta_loss,-2.8454613775911852,0.45174579634448264,1.591271694504293,-1.0965014413159366
20261008,train,Beethoven/Piano_Sonatas/28-1/midi_score.mid,wide_encoder,-3.030668804142689,-0.32052426797453126,1.4010862878717347,-1.0143594792654227
20261008,train,Beethoven/Piano_Sonatas/32-1/midi_score.mid,delta_loss,-3.1889446663592835,3.1923021921951844,3.1419920592642328,1.7959338068850599
20261008,train,Beethoven/Piano_Sonatas/32-1/midi_score.mid,wide_encoder,0.11806667081025735,0.18811709404440435,2.0423928108755156,0.19466900968026124
20261008,train,Beethoven/Piano_Sonatas/7-1/midi_score.mid,delta_loss,-0.6972749847183435,0.8445246933849626,2.629684300120296,0.7280471316981334
20261008,train,Beethoven/Piano_Sonatas/7-1/midi_score.mid,wide_encoder,-0.9870839435322853,-0.9171740689783547,0.4658314094970173,-1.0808313899077575
20261008,train,Chopin/Ballades/1/midi_score.mid,delta_loss,-1.404297961473544,0.30547403072980206,2.457473348277567,1.0386931140571747
20261008,train,Chopin/Ballades/1/midi_score.mid,wide_encoder,-0.9102076148291838,-0.07866600455181949,1.5376846974311427,0.3499379971798575
20261008,train,Chopin/Ballades/4/midi_score.mid,delta_loss,-2.0896292224825697,0.9555077249553734,1.7620873950208242,1.0102102322349609
20261008,train,Chopin/Ballades/4/midi_score.mid,wide_encoder,-0.5324388392145218,0.21346068799111828,1.5533291317567297,-0.4483894972281206
20261008,train,Chopin/Barcarolle/midi_score.mid,delta_loss,-1.4854251706536425,1.5165755915194534,1.7600550421091832,0.5482672774278967
20261008,train,Chopin/Barcarolle/midi_score.mid,wide_encoder,-2.257862516828535,-1.3035773194145284,1.2182562449651897,-0.8192574631799161
20261008,train,Chopin/Etudes_op_10/1/midi_score.mid,delta_loss,0.23763562805709793,2.6279049325260595,5.140482870099632,1.4596671973987796
20261008,train,Chopin/Etudes_op_10/1/midi_score.mid,wide_encoder,-0.10964569758593612,0.8891806972066485,2.0376581796704656,0.6570835396664734
20261008,train,Chopin/Etudes_op_10/2/midi_score.mid,delta_loss,-0.8288511891280548,0.34970078230524004,3.311295465180695,-2.3830777367380946
20261008,train,Chopin/Etudes_op_10/2/midi_score.mid,wide_encoder,-1.4051897229366395,-0.158287643187216,0.7179743876424638,-1.1460381515562403
20261008,train,Chopin/Etudes_op_10/4/midi_score.mid,delta_loss,-1.1367032583737613,0.2959302459274893,2.6336578655173817,0.4337472995327474
20261008,train,Chopin/Etudes_op_10/4/midi_score.mid,wide_encoder,-0.9205831638233075,-0.5130113944057157,1.4971643083764832,-0.4251181461258682
20261008,train,Chopin/Etudes_op_10/8/midi_score.mid,delta_loss,-1.3138681489394566,0.9316168700419958,2.617763981026126,0.7159765425025313
20261008,train,Chopin/Etudes_op_10/8/midi_score.mid,wide_encoder,-0.741724884497108,0.06230274485969911,1.6356931015723823,-0.32959755595871343
20261008,train,Chopin/Etudes_op_25/10/midi_score.mid,delta_loss,-0.9274101209624908,2.544226132242977,1.1792008948762032,0.4902754410262986
20261008,train,Chopin/Etudes_op_25/10/midi_score.mid,wide_encoder,-0.6785083747434584,-0.13968622630924354,2.058687859845481,-0.21719407720113537
20261008,train,Chopin/Etudes_op_25/12/midi_score.mid,delta_loss,1.150461034055239,4.189157975355162,6.098253839060266,2.511166281134976
20261008,train,Chopin/Etudes_op_25/12/midi_score.mid,wide_encoder,0.4467827676557512,1.0181549807164791,1.9783073219004415,0.900934785983651
20261008,train,Chopin/Scherzos/31/midi_score.mid,delta_loss,-0.8219761150052296,0.46071302591157437,1.767581624195941,-0.1497969181245935
20261008,train,Chopin/Scherzos/31/midi_score.mid,wide_encoder,-0.3398980536998719,-0.16477553033007464,1.0808404798537978,0.04176668700429076
20261008,train,Chopin/Sonata_3/2nd/midi_score.mid,delta_loss,-1.6016849358305052,0.2463004450159012,1.928850541256434,1.3529690322318828
20261008,train,Chopin/Sonata_3/2nd/midi_score.mid,wide_encoder,-0.31868328900630516,0.5301603658873777,1.2027579024320119,1.6980950574696294
20261008,train,Chopin/Sonata_3/4th/midi_score.mid,delta_loss,-1.1934610908211019,0.37054865320487185,2.4741531873512344,0.7267551146567257
20261008,train,Chopin/Sonata_3/4th/midi_score.mid,wide_encoder,-0.9947511725872271,0.11846444365281039,1.687270545786273,0.8826711412495527
20261008,train,Haydn/Keyboard_Sonatas/50-1_no_repeat/midi_score.mid,delta_loss,-1.4521787536696973,0.6196029508140244,2.229117620015977,-0.10469836656586295
20261008,train,Haydn/Keyboard_Sonatas/50-1_no_repeat/midi_score.mid,wide_encoder,-0.49628186897126003,-0.19766055516154957,1.6324929707084586,-0.7380462581587395
20261008,train,Liszt/Gran_Etudes_de_Paganini/2_La_campanella/midi_score.mid,delta_loss,-1.8576444176951146,0.7484004082113915,3.0684589891977474,0.8082306972163025
20261008,train,Liszt/Gran_Etudes_de_Paganini/2_La_campanella/midi_score.mid,wide_encoder,-0.7526313658583916,0.14053305745231892,2.017233559827332,0.2614124305151009
20261008,train,Liszt/Transcendental_Etudes/5/midi_score.mid,delta_loss,-4.058087305555991,-0.5873563741068066,4.563515692234969,1.1629688041517383
20261008,train,Liszt/Transcendental_Etudes/5/midi_score.mid,wide_encoder,-2.1110086515016446,-3.1372211113624315,5.830720782922189,-0.07617790159188331
20261008,train,Mozart/Piano_Sonatas/8-1/midi_score.mid,delta_loss,-1.0124194778777573,1.1555887236684215,1.437273354148104,1.0270528031378845
20261008,train,Mozart/Piano_Sonatas/8-1/midi_score.mid,wide_encoder,-0.09011667210749863,0.031926563459139246,1.119966586774538,0.8364921065861424
20261008,train,Schubert/Impromptu_op.90_D.899/3/midi_score.mid,delta_loss,-1.0973004714848411,1.0194086497994248,3.6161354931692067,1.0288388972307274
20261008,train,Schubert/Impromptu_op.90_D.899/3/midi_score.mid,wide_encoder,-1.3210607690599563,-2.0829749908682915,2.0396514268282395,-0.9850541394075449
20261008,train,Schubert/Piano_Sonatas/894-2_no_repeat/midi_score.mid,delta_loss,-2.0266983633179025,1.3783311763861938,1.5244026541220208,0.5825571399572453
20261008,train,Schubert/Piano_Sonatas/894-2_no_repeat/midi_score.mid,wide_encoder,-0.6637795271706493,0.3695459951545965,1.7593487119303575,-0.028614477706675245
20261008,train,Scriabin/Sonatas/5/midi_score.mid,delta_loss,-1.4233717674135615,1.1975366147146005,1.6641923736661646,2.346231511765268
20261008,train,Scriabin/Sonatas/5/midi_score.mid,wide_encoder,-1.7267539901060225,0.25307810956270993,1.2435274721989202,-0.08377073559084636
20261008,validation,Bach/Fugue/bwv_860/midi_score.mid,delta_loss,-4.713168152329916,-1.0501398317212862,1.7658601185902825,-2.0311543442430064
20261008,validation,Bach/Fugue/bwv_860/midi_score.mid,wide_encoder,-0.8976117983350962,-1.924834723772828,1.526079365437024,-1.1963127099988498
20261008,validation,Bach/Prelude/bwv_848/midi_score.mid,delta_loss,-2.3852002000438244,-0.9228293969472334,2.7769111821099095,0.8953448107160185
20261008,validation,Bach/Prelude/bwv_848/midi_score.mid,wide_encoder,-0.8082960692221919,0.21400377306740603,1.1420645299415035,-0.02413515288039747
20261008,validation,Bach/Prelude/bwv_854/midi_score.mid,delta_loss,-0.84213222095193,-2.008086769843298,3.902226660354259,-0.7171085415102993
20261008,validation,Bach/Prelude/bwv_854/midi_score.mid,wide_encoder,0.6622017498554067,-4.011851842531189,3.6241897532121428,-0.8385773247586528
20261008,validation,Bach/Prelude/bwv_857/midi_score.mid,delta_loss,-3.362505940787641,-2.6336858771597305,1.8786320306385136,-2.083905415713197
20261008,validation,Bach/Prelude/bwv_857/midi_score.mid,wide_encoder,-1.6214621946709196,-2.8624049151636077,3.4686008502831243,-4.031273836765827
20261008,validation,Beethoven/Piano_Sonatas/31-1/midi_score.mid,delta_loss,-0.8788112817674554,-0.8153284487355972,1.3957843132544703,0.6024415073993481
20261008,validation,Beethoven/Piano_Sonatas/31-1/midi_score.mid,wide_encoder,-1.1424767348825915,-0.6650468898812933,1.0844684654395778,0.4443107542664606
20261008,validation,Beethoven/Piano_Sonatas/4-1/midi_score.mid,delta_loss,-0.6509522782270238,-0.4891348740527768,2.186771292135621,0.33910965128650616
20261008,validation,Beethoven/Piano_Sonatas/4-1/midi_score.mid,wide_encoder,-0.8929460589915506,-0.4608513291888494,1.259985989056208,0.17066562507372396
20261008,validation,Chopin/Etudes_op_10/12/midi_score.mid,delta_loss,-1.2970955099626869,-0.6345446647178843,2.6715499466632675,0.4609435051699151
20261008,validation,Chopin/Etudes_op_10/12/midi_score.mid,wide_encoder,-1.9106510082850248,-0.9268231990638087,1.0169774726287368,-0.023244317978317497
20261008,validation,Chopin/Etudes_op_25/11/midi_score.mid,delta_loss,-2.3495360906702567,-0.5511939137356592,2.8518946661301534,-0.30521286646709456
20261008,validation,Chopin/Etudes_op_25/11/midi_score.mid,wide_encoder,-1.340174527782212,-0.7255875124974498,2.0921345239431446,-1.1448568690713259
