mode,kind,condition,metric,macro_value,ci_low,ci_high,works,queries,bootstrap_samples,seed
full,config,all,neighbor_changed,0.0,0.0,0.0,55,570,2000,20261005
full,config,all,baseline_rank_fraction,0.0,0.0,0.0,55,570,2000,20261005
full,config,all,top5_retained,1.0,1.0,1.0,55,570,2000,20261005
full,config,only_Articulation,neighbor_changed,0.9775757575757575,0.9604040404040404,0.9913131313131314,55,570,2000,20261005
full,config,only_Articulation,baseline_rank_fraction,0.14561036758166834,0.1277479482233386,0.1646577506821318,55,570,2000,20261005
full,config,only_Articulation,top5_retained,0.046450630696287284,0.03706180195887461,0.056543849224793004,55,570,2000,20261005
full,config,only_Dynamics,neighbor_changed,0.9840482585047803,0.9723970685111989,0.9936444609134828,55,570,2000,20261005
full,config,only_Dynamics,baseline_rank_fraction,0.1760915956856706,0.15792158562639866,0.19655092138463723,55,570,2000,20261005
full,config,only_Dynamics,top5_retained,0.04596097618535865,0.03764586004878379,0.054673791674389384,55,570,2000,20261005
full,config,only_Pedaling,neighbor_changed,0.9782692707849447,0.965556337601792,0.9895872179022649,55,570,2000,20261005
full,config,only_Pedaling,baseline_rank_fraction,0.12925921243322577,0.10914384657490513,0.1519932408657918,55,570,2000,20261005
full,config,only_Pedaling,top5_retained,0.06126886856672631,0.04820520140847731,0.07628523294745654,55,570,2000,20261005
full,config,only_Rubato,neighbor_changed,0.9901515151515152,0.9808080808080808,0.997979797979798,55,570,2000,20261005
full,config,only_Rubato,baseline_rank_fraction,0.19943052502032843,0.1794140817215787,0.22086472323798062,55,570,2000,20261005
full,config,only_Rubato,top5_retained,0.03819232318198877,0.026252630502351906,0.05457178429697611,55,570,2000,20261005
full,config,only_Tempo,neighbor_changed,0.9533072823092585,0.9320068346508562,0.972571453168044,55,570,2000,20261005
full,config,only_Tempo,baseline_rank_fraction,0.09241382977159812,0.07697133138086147,0.11099907825613578,55,570,2000,20261005
full,config,only_Tempo,top5_retained,0.08831670957051584,0.06994249573105572,0.11215044742905601,55,570,2000,20261005
full,config,without_Articulation,neighbor_changed,0.5954828249885736,0.55330019509931,0.641026741588262,55,570,2000,20261005
full,config,without_Articulation,baseline_rank_fraction,0.005669839285749372,0.004365517835933735,0.007135509783739354,55,570,2000,20261005
full,config,without_Articulation,top5_retained,0.4901948616902476,0.46935082950948764,0.510961951665412,55,570,2000,20261005
full,config,without_Dynamics,neighbor_changed,0.5511904333536832,0.4945381594735504,0.6046440556191646,55,570,2000,20261005
full,config,without_Dynamics,baseline_rank_fraction,0.0034312475260624823,0.0028382854561738143,0.004062753126857457,55,570,2000,20261005
full,config,without_Dynamics,top5_retained,0.5677884436230531,0.5455529772565125,0.5903328235933186,55,570,2000,20261005
full,config,without_Dynamics_Articulation,neighbor_changed,0.7750715497029504,0.7365333094472046,0.8120177805686968,55,570,2000,20261005
full,config,without_Dynamics_Articulation,baseline_rank_fraction,0.01665356520952253,0.012594933930478442,0.021615475557413236,55,570,2000,20261005
full,config,without_Dynamics_Articulation,top5_retained,0.30706029461215906,0.2846512172477955,0.3310081674893013,55,570,2000,20261005
full,config,without_Pedaling,neighbor_changed,0.6405820157562135,0.6009656498689091,0.68474762147467,55,570,2000,20261005
full,config,without_Pedaling,baseline_rank_fraction,0.009150551386862838,0.004481185856595229,0.016377599661976074,55,570,2000,20261005
full,config,without_Pedaling,top5_retained,0.4990533246872871,0.46569116614358164,0.5291310037885077,55,570,2000,20261005
full,config,without_Rubato,neighbor_changed,0.464539188181645,0.4175087275244475,0.5133196445308011,55,570,2000,20261005
full,config,without_Rubato,baseline_rank_fraction,0.0028302628390389556,0.001973437011386596,0.00390243754688723,55,570,2000,20261005
full,config,without_Rubato,top5_retained,0.6231917227727425,0.6005239852247869,0.6450488968412744,55,570,2000,20261005
full,config,without_Tempo,neighbor_changed,0.6870766388563372,0.6450036607648212,0.7267853136653656,55,570,2000,20261005
full,config,without_Tempo,baseline_rank_fraction,0.006862631347323525,0.005163229206773344,0.009208592642453769,55,570,2000,20261005
full,config,without_Tempo,top5_retained,0.42799421163375,0.4032874200368851,0.4531415395093156,55,570,2000,20261005
full,config,without_Tempo_Rubato,neighbor_changed,0.8247117582376022,0.7884777750370595,0.8594539177039721,55,570,2000,20261005
full,config,without_Tempo_Rubato,baseline_rank_fraction,0.022616773935132513,0.016548891567888857,0.030049156546764263,55,570,2000,20261005
full,config,without_Tempo_Rubato,top5_retained,0.2624378316374605,0.2372225763845628,0.2876238839576206,55,570,2000,20261005
means_only,config,all,neighbor_changed,0.0,0.0,0.0,55,570,2000,20261005
means_only,config,all,baseline_rank_fraction,0.0,0.0,0.0,55,570,2000,20261005
means_only,config,all,top5_retained,1.0,1.0,1.0,55,570,2000,20261005
means_only,config,only_Articulation,neighbor_changed,0.9826775510779231,0.9692032412677611,0.9934911882467684,55,570,2000,20261005
means_only,config,only_Articulation,baseline_rank_fraction,0.12938904533161547,0.12192479056646444,0.13718330957588457,55,570,2000,20261005
means_only,config,only_Articulation,top5_retained,0.04000045247035523,0.03132447586519645,0.049159041923024525,55,570,2000,20261005
means_only,config,only_Dynamics,neighbor_changed,0.9959776334776335,0.9902232142857142,1.0,55,570,2000,20261005
means_only,config,only_Dynamics,baseline_rank_fraction,0.12124208494802197,0.11162188593405634,0.13190443400126262,55,570,2000,20261005
means_only,config,only_Dynamics,top5_retained,0.03300995689301537,0.02465901507969111,0.04226829319121809,55,570,2000,20261005
means_only,config,only_Pedaling,neighbor_changed,0.986002886002886,0.9747474747474748,0.9954545454545454,55,570,2000,20261005
means_only,config,only_Pedaling,baseline_rank_fraction,0.15628463474356125,0.14185387116435774,0.17181254199012924,55,570,2000,20261005
means_only,config,only_Pedaling,top5_retained,0.04334710885167075,0.03439976188662291,0.05343882366537751,55,570,2000,20261005
means_only,config,only_Rubato,neighbor_changed,0.9971533516988063,0.9922773186409549,1.0,55,570,2000,20261005
means_only,config,only_Rubato,baseline_rank_fraction,0.3788032213166535,0.3518225199840229,0.40590395469425167,55,570,2000,20261005
means_only,config,only_Rubato,top5_retained,0.010702023221553563,0.007045057363585033,0.01466998646745798,55,570,2000,20261005
means_only,config,only_Tempo,neighbor_changed,0.9729842423337721,0.9586223195343491,0.9862391774891774,55,570,2000,20261005
means_only,config,only_Tempo,baseline_rank_fraction,0.10595789909469783,0.09687648681585147,0.11495965422817647,55,570,2000,20261005
means_only,config,only_Tempo,top5_retained,0.06047382467892133,0.049508118858572966,0.07196190116767669,55,570,2000,20261005
means_only,config,without_Articulation,neighbor_changed,0.7290049630329155,0.6875908737180169,0.7696284878799055,55,570,2000,20261005
means_only,config,without_Articulation,baseline_rank_fraction,0.008179496769060103,0.006443539495547319,0.01050893762291339,55,570,2000,20261005
means_only,config,without_Articulation,top5_retained,0.39510408309826656,0.3733015061955908,0.4175941510933189,55,570,2000,20261005
means_only,config,without_Dynamics,neighbor_changed,0.7427330600015781,0.7027787854677219,0.7844624607611171,55,570,2000,20261005
means_only,config,without_Dynamics,baseline_rank_fraction,0.006941297778465497,0.005810920090157511,0.008261911268871883,55,570,2000,20261005
means_only,config,without_Dynamics,top5_retained,0.3857470611305846,0.36153997244806846,0.4099430872969872,55,570,2000,20261005
means_only,config,without_Dynamics_Articulation,neighbor_changed,0.9246673135454012,0.8965078926627414,0.9513353014315613,55,570,2000,20261005
means_only,config,without_Dynamics_Articulation,baseline_rank_fraction,0.03339287843665495,0.028072061701301818,0.038917938684751005,55,570,2000,20261005
means_only,config,without_Dynamics_Articulation,top5_retained,0.17016339350318213,0.1543625801871213,0.1864852052784124,55,570,2000,20261005
means_only,config,without_Pedaling,neighbor_changed,0.6363488873692795,0.5954847954448939,0.6755099384879225,55,570,2000,20261005
means_only,config,without_Pedaling,baseline_rank_fraction,0.006613155781411954,0.00525156394107873,0.008191028447208693,55,570,2000,20261005
means_only,config,without_Pedaling,top5_retained,0.49220675067925107,0.4731812500993328,0.5106013607439991,55,570,2000,20261005
means_only,config,without_Rubato,neighbor_changed,0.2573531260617062,0.21640349801312966,0.3024221323416468,55,570,2000,20261005
means_only,config,without_Rubato,baseline_rank_fraction,0.000722255215181319,0.0005847314328651313,0.0008780434800416448,55,570,2000,20261005
means_only,config,without_Rubato,top5_retained,0.8342662840063565,0.817327702007803,0.8507584696113234,55,570,2000,20261005
means_only,config,without_Tempo,neighbor_changed,0.7757977500704936,0.7312757700397202,0.8177366698346893,55,570,2000,20261005
means_only,config,without_Tempo,baseline_rank_fraction,0.008881603240820884,0.007451413008084331,0.010461637283266578,55,570,2000,20261005
means_only,config,without_Tempo,top5_retained,0.3200993145360253,0.29984109771253925,0.34036370882968936,55,570,2000,20261005
means_only,config,without_Tempo_Rubato,neighbor_changed,0.8095342290831109,0.7630444216972929,0.8498825194023528,55,570,2000,20261005
means_only,config,without_Tempo_Rubato,baseline_rank_fraction,0.01030949256946701,0.008844903060389198,0.011888345615042522,55,570,2000,20261005
means_only,config,without_Tempo_Rubato,top5_retained,0.3001757186563486,0.28044413269414425,0.319614047314529,55,570,2000,20261005
full,feature,Articulation,pairwise_agreement,0.5397004674895771,0.509603677981009,0.5664210303207866,55,570,2000,20261005
full,feature,Articulation,pairwise_ties,0.0,0.0,0.0,55,570,2000,20261005
full,feature,Dynamics,pairwise_agreement,0.523361331731591,0.497160585430659,0.5487701328476201,55,570,2000,20261005
full,feature,Dynamics,pairwise_ties,0.0,0.0,0.0,55,570,2000,20261005
full,feature,Pedaling,pairwise_agreement,0.5232687370147094,0.49090426343027,0.5558707769241888,55,570,2000,20261005
full,feature,Pedaling,pairwise_ties,0.0033140495867768596,0.0006198347107438016,0.006952479338842963,55,570,2000,20261005
full,feature,Rubato,pairwise_agreement,0.5999955169424204,0.5676735761019835,0.63259523386992,55,570,2000,20261005
full,feature,Rubato,pairwise_ties,0.0,0.0,0.0,55,570,2000,20261005
full,feature,Tempo,pairwise_agreement,0.6107589610150139,0.5758636536172826,0.6454769351761958,55,570,2000,20261005
full,feature,Tempo,pairwise_ties,0.0,0.0,0.0,55,570,2000,20261005
means_only,feature,Articulation,pairwise_agreement,0.48583045942714487,0.4568513219873692,0.5154467859913902,55,570,2000,20261005
means_only,feature,Articulation,pairwise_ties,0.0,0.0,0.0,55,570,2000,20261005
means_only,feature,Dynamics,pairwise_agreement,0.5252518863722198,0.49673077268339655,0.5547861147743002,55,570,2000,20261005
means_only,feature,Dynamics,pairwise_ties,0.0,0.0,0.0,55,570,2000,20261005
means_only,feature,Pedaling,pairwise_agreement,0.5173015631500149,0.4874593034699803,0.5474637490481306,55,570,2000,20261005
means_only,feature,Pedaling,pairwise_ties,0.010070616252434434,0.005181437123482578,0.01535933195592286,55,570,2000,20261005
means_only,feature,Rubato,pairwise_agreement,0.487739205781848,0.45736525902406594,0.5157034171127276,55,570,2000,20261005
means_only,feature,Rubato,pairwise_ties,0.0,0.0,0.0,55,570,2000,20261005
means_only,feature,Tempo,pairwise_agreement,0.5083811474860421,0.474048103459374,0.541856370535676,55,570,2000,20261005
means_only,feature,Tempo,pairwise_ties,0.0,0.0,0.0,55,570,2000,20261005
