key,reason
Beethoven/Piano_Sonatas/16-1/LuoJ03M.mid,ASAP aligned flag false
Beethoven/Piano_Sonatas/17-1/USHIKI05.mid,ASAP aligned flag false
Beethoven/Piano_Sonatas/17-2/KaszoS10.mid,ASAP aligned flag false
Beethoven/Piano_Sonatas/17-3/KaszoS11M.mid,ASAP aligned flag false
Beethoven/Piano_Sonatas/18-3/KOLESO06.mid,ASAP aligned flag false
Beethoven/Piano_Sonatas/21-1/Sekino05M.mid,ASAP aligned flag false
Beethoven/Piano_Sonatas/21-1/YOO05.mid,ASAP aligned flag false
Beethoven/Piano_Sonatas/24-2/Lisiecki05M.mid,ASAP aligned flag false
Beethoven/Piano_Sonatas/26-3/HONG05M.mid,ASAP aligned flag false
Beethoven/Piano_Sonatas/29-4/DANILO01.mid,ASAP aligned flag false
Beethoven/Piano_Sonatas/3-1/LUO01.mid,ASAP aligned flag false
Beethoven/Piano_Sonatas/31-3_4/HuangSW10M.mid,ASAP aligned flag false
Chopin/Ballades/1/MunA19M.mid,ASAP aligned flag false
Chopin/Etudes_op_10/1/LuM02M.mid,ASAP aligned flag false
Chopin/Scherzos/20/Wong04M.mid,ASAP aligned flag false
Chopin/Sonata_2/3rd/KaszoS15.mid,ASAP aligned flag false
Liszt/Mephisto_Waltz/Avdeeva07M.mid,ASAP aligned flag false
Liszt/Sonata/Yeletskiy05M.mid,ASAP aligned flag false
Liszt/Sonata/Zuber07M.mid,ASAP aligned flag false
Liszt/Transcendental_Etudes/4/LeeE04M.mid,ASAP aligned flag false
Rachmaninoff/Preludes_op_32/10/FONG08.mid,ASAP aligned flag false
Ravel/Miroirs/4_Alborada_del_gracioso/CHOE02.mid,ASAP aligned flag false
Ravel/Miroirs/4_Alborada_del_gracioso/Shamray08.mid,ASAP aligned flag false
Schubert/Impromptu_op142/1/Lisiecki10M.mid,ASAP aligned flag false
Schubert/Impromptu_op142/3/Richardson07M.mid,ASAP aligned flag false
Schubert/Impromptu_op142/3/SunY08M.mid,ASAP aligned flag false
Schumann/Kreisleriana/2/JohannsonP03.mid,ASAP aligned flag false
Schumann/Kreisleriana/5/JohannsonP06.mid,ASAP aligned flag false
Scriabin/Sonatas/5/ChernovA06M.mid,ASAP aligned flag false
Scriabin/Sonatas/5/FALIKS06.mid,ASAP aligned flag false
Scriabin/Sonatas/5/Ko07M.mid,ASAP aligned flag false
