key,work,performer,composer,title,beat_count,note_count,velocity_min,velocity_max,velocity_unique,velocity_low_ratio,pedal_event_count,pedal_unique,onset_inside_ratio,empty_beat_ratio,duration,dynamics_mean,dynamics_range,pedal_depth_mean,pedal_usage,pedal_change_rate,interval_min,interval_median,interval_max,short_interval_count,long_interval_count,flag_no_pedal_events,flag_binary_pedal,flag_short_beat_interval,flag_long_beat_interval,flag_many_empty_beats,z_dynamics_mean,within_z_dynamics_mean,z_dynamics_range,within_z_dynamics_range,z_pedal_depth_mean,within_z_pedal_depth_mean,z_pedal_usage,within_z_pedal_usage,z_pedal_change_rate,within_z_pedal_change_rate,flag_global_outlier,flag_within_work_outlier,flags,flagged,statistical_outlier
Bach/Fugue/bwv_856/LuoJ01M.mid,Bach/Fugue/bwv_856,LuoJ01M,Bach,Fugue_bwv_856,214,740,18,95,54,0.0,28,5,0.9986486486486487,0.004672897196261682,65.111458,0.5460493201260641,0.18157480314960633,0.31094493192215966,0.0,0.0,0.253733000000004,0.29635400000000045,1.1354159999999922,0,0,False,True,False,False,False,0.7353278362433806,,-1.2172792090994862,,-0.8713073053374312,,-1.8446171004828062,,-1.4987070043869586,,False,False,binary_pedal,True,False
Bach/Prelude/bwv_870/ChenW01M.mid,Bach/Prelude/bwv_870,ChenW01M,Bach,Prelude_bwv_870,132,834,21,97,71,0.0,1,1,0.9952038369304557,0.0,147.900347,0.530152693981434,0.2902296587926509,0.0,0.0,0.0,1.0374999999999996,1.091145499999996,3.6532980000000066,0,0,False,True,False,False,False,0.4569159488736547,,-0.13392743608397362,,-1.9270510750267744,,-1.8446171004828062,,-1.4987070043869586,,False,False,binary_pedal,True,False
Bach/Prelude/bwv_858/Zhang01M.mid,Bach/Prelude/bwv_858,Zhang01M,Bach,Prelude_bwv_858,119,486,33,91,54,0.0,1,1,0.9958847736625515,0.0,84.066406,0.52224000790963,0.19652230971128593,0.0,0.0,0.0,0.6186440000000033,0.704426999999999,1.138672000000028,0,0,False,True,False,False,False,0.31833397283848897,,-1.0682439208013217,,-1.9270510750267744,,-1.8446171004828062,,-1.4987070043869586,,False,False,binary_pedal,True,False
Bach/Prelude/bwv_883/GuoE01M.mid,Bach/Prelude/bwv_883,GuoE01M,Bach,Prelude_bwv_883,126,892,14,84,69,0.0,5707,111,0.9977578475336323,0.0,167.944618,0.39190731795249983,0.2275098425196851,0.509590440467478,0.5374701859353278,3.0555555555555554,1.1104170000000018,1.2703125000000135,3.1327380000000034,0,0,False,False,False,False,False,-1.9642994530721742,,-0.7592802908680046,,-0.1968510383480371,,-0.21478224895872886,,3.723171322804419,,True,False,global_outlier,True,True
Bach/Prelude/bwv_885/Huang04M.mid,Bach/Prelude/bwv_885,Huang04M,Bach,Prelude_bwv_885,83,517,3,101,65,0.005802707930367505,2901,82,1.0,0.0,151.946615,0.5693711992189366,0.259271653543307,0.3976181971979884,0.5919596035740751,3.289156626506024,1.6375869999999964,1.782876999999992,3.518229000000048,0,0,False,False,False,False,False,1.143784845685512,-0.002065562826982188,-0.44259665917034363,0.6506624079713377,-0.5770276743817649,-2.13250503899789,-0.04954749877006037,-0.8220217089762204,4.122390498311493,-1.9001796339546755,True,False,global_outlier,True,True
Bach/Prelude/bwv_885/SINKEV01.mid,Bach/Prelude/bwv_885,SINKEV01,Bach,Prelude_bwv_885,83,523,9,90,57,0.0019120458891013384,2816,119,0.9961759082217974,0.0,161.03278,0.5776902442233054,0.18020247469066364,0.6142152317383367,0.6799454937433256,4.0,1.8109169999999963,1.9350000000000023,2.344999999999999,0,0,False,False,False,False,False,1.2894837505793904,0.4086638623085518,-1.2309621177956185,-2.329978142428668,0.15837897249809,0.9892770078811205,0.21726259412962165,0.8220217089762204,5.337206442118118,3.5686300442563423,True,False,global_outlier,True,True
Bach/Prelude/bwv_885/SINKEV06.mid,Bach/Prelude/bwv_885,SINKEV06,Bach,Prelude_bwv_885,83,525,10,94,65,0.0019047619047619048,2624,114,0.9980952380952381,0.0,160.69337,0.5694548723578228,0.24219160104986875,0.7509537661654915,0.7931990564623282,3.9879518072289155,1.7874000000000008,1.9201670000000064,2.475999999999999,0,0,False,False,False,False,False,1.1452502884975584,0.0020655628269767067,-0.6128946641923478,0.006802211069839061,0.6226439949428326,2.9600699266166774,0.5606948596002668,2.938199359616296,5.316616341375632,3.4759383547951375,True,False,global_outlier,True,True
Beethoven/Piano_Sonatas/11-2/MaximovI04.mid,Beethoven/Piano_Sonatas/11-2,MaximovI04,Beethoven,Piano_Sonatas_11-2,229,2176,3,91,78,0.0027573529411764708,3809,98,0.9981617647058824,0.0,460.018904,0.38909183612858705,0.24055944055944056,0.6621102636541122,0.6764846031484187,3.2925764192139737,1.494390000000001,1.9898490000000209,3.26655599999998,0,0,False,False,False,False,False,-2.013609514296424,,-0.6291682485681828,,0.3209958102499604,,0.2067677234251659,,4.128234850050626,,True,False,global_outlier,True,True
Beethoven/Piano_Sonatas/7-2/Larionova04.mid,Beethoven/Piano_Sonatas/7-2,Larionova04,Beethoven,Piano_Sonatas_7-2,173,2076,3,110,100,0.004816955684007707,13940,98,0.9985549132947977,0.0,677.750644,0.4175617618559777,0.41462123269074125,0.5695059981288426,0.6250113153592066,4.236994219653179,2.946050000000014,3.850074916666699,5.356308499999841,0,0,False,False,False,False,False,-1.5149901416746236,,1.1063285224108999,,0.006578798303178388,,0.05067914296671191,,5.742224435335904,,True,False,global_outlier,True,True
Beethoven/Piano_Sonatas/21-2/KimSY03.mid,Beethoven/Piano_Sonatas/21-2,KimSY03,Beethoven,Piano_Sonatas_21-2,55,490,3,96,83,0.00816326530612245,5587,116,0.9857142857142858,0.0,206.4474425,0.3533590703418908,0.38543307086614176,0.7013043504766643,0.7847052924920166,3.890909090909091,3.113644999999991,3.6705354999999997,5.382606999999993,0,0,False,False,False,False,False,-2.639429526234938,,0.8153056622119433,,0.4540705406074603,,0.534938207600412,,5.150772439031616,,True,False,global_outlier,True,True
Beethoven/Piano_Sonatas/21-2/YOO05M.mid,Beethoven/Piano_Sonatas/21-2,YOO05M,Beethoven,Piano_Sonatas_21-2,55,494,12,101,78,0.0,2433,120,0.9858299595141701,0.0,237.7875,0.33950504559968453,0.33788997529155007,0.723487159570316,0.856669661331177,4.7272727272727275,3.3557294999999954,4.404166999999944,5.478645999999941,0,0,False,False,False,False,False,-2.882067501177028,,0.3412734932807339,,0.529387293159303,,0.7531643333861314,,6.580099796028132,,True,False,global_outlier,True,True
Beethoven/Piano_Sonatas/26-2/HONG05M.mid,Beethoven/Piano_Sonatas/26-2,HONG05M,Beethoven,Piano_Sonatas_26-2,83,861,10,97,82,0.0011614401858304297,2794,121,0.9941927990708479,0.0,206.953125,0.3879071987565758,0.2693378327709037,0.6358737107129095,0.6019734216943619,3.433734939759036,2.197915999999992,2.4791670000000003,3.0869790000000137,0,0,False,False,False,False,False,-2.034357132287162,0.980495287642405,-0.34223102848435905,-1.3324701086021944,0.2319154797407198,-1.0964311483859106,-0.019181405549718335,-3.320939994441548,4.369471707221315,-3.0588257522197226,True,False,global_outlier,True,True
Beethoven/Piano_Sonatas/26-2/LEE_K05M.mid,Beethoven/Piano_Sonatas/26-2,LEE_K05M,Beethoven,Piano_Sonatas_26-2,83,868,7,86,67,0.001152073732718894,2334,120,0.9953917050691244,0.0,223.988542,0.33281940645374336,0.21831692913385814,0.8451307942348342,0.8680414262436346,3.8313253012048194,2.277083,2.6005210000000147,3.659374999999983,0,0,False,False,False,False,False,-2.9991591026249984,-1.7393093597234779,-0.8509389558836918,-3.2557855711548327,0.9424009693287568,1.9195612353847717,0.7876482903807102,1.6506225000167383,5.048945031723326,0.0,True,False,global_outlier,True,True
Beethoven/Piano_Sonatas/29-3/ChowK04.mid,Beethoven/Piano_Sonatas/29-3,ChowK04,Beethoven,Piano_Sonatas_29-3,372,5150,3,96,94,0.005048543689320388,16883,115,0.9988349514563106,0.0,937.897033,0.36784093883497193,0.292369217852785,0.8102784541458757,0.915556649163522,3.650537634408602,1.6913715000000025,2.3804729999999807,4.818371000000127,0,0,False,False,False,False,False,-2.3857955599382032,,-0.11259479441278573,,0.8240676661275872,,0.9317343593744729,,4.73998282111969,,True,False,global_outlier,True,True
Beethoven/Piano_Sonatas/3-2/MiyashitaM04M.mid,Beethoven/Piano_Sonatas/3-2,MiyashitaM04M,Beethoven,Piano_Sonatas_3-2,163,1477,3,102,86,0.002708192281651997,9514,113,0.997968855788761,0.0,427.954167,0.4225467773948453,0.274623172103487,0.7198818362229555,0.7529713850902937,3.6932515337423313,2.2156249999999886,2.4828125000000085,4.316146000000003,0,0,False,False,False,False,False,-1.4276830884599152,,-0.2895331375060341,,0.5171462264271263,,0.4387077010312732,,4.812979950821716,,True,False,global_outlier,True,True
Chopin/Etudes_op_10/7/Namirovsky02.mid,Chopin/Etudes_op_10/7,Namirovsky02,Chopin,Etudes_op_10_7,116,1765,5,99,84,0.0011331444759206798,2462,94,0.9977337110481587,0.0,81.6251855,0.525211165084041,0.1943795748357542,0.5244235582508623,0.6079350511368171,2.9482758620689653,0.587606000000001,0.669737,1.148502999999998,0,0,False,False,False,False,False,0.37037051625806844,,-1.0896082271893912,,-0.1464885140641669,,-0.0011032466276999224,,3.539832647993938,,True,False,global_outlier,True,True
Beethoven/Piano_Sonatas/21-2/Sekino05.mid,Beethoven/Piano_Sonatas/21-2,Sekino05,Beethoven,Piano_Sonatas_21-2,55,492,3,103,90,0.008130081300813009,4025,109,0.9878048780487805,0.0,205.44624199999998,0.34198017265483266,0.47480314960629916,0.7887076562311007,0.8936924440253595,3.4909090909090907,3.0683785000000015,3.7441275000000047,4.599363000000025,0,0,False,False,False,False,False,-2.8387183786252317,,1.70637705230019,,0.7508288602561587,,0.8654329263507315,,4.467181094381107,,True,False,global_outlier,True,True
Liszt/Transcendental_Etudes/3/Huang14M.mid,Liszt/Transcendental_Etudes/3,Huang14M,Liszt,Transcendental_Etudes_3,193,1911,3,107,100,0.004709576138147566,6897,112,0.9984301412872841,0.0,250.06901,0.43072336552704027,0.3698967174557724,0.575791550737248,0.8154007245683456,3.533678756476684,0.8404950000000042,1.174478999999991,6.838540999999992,0,0,False,False,False,False,False,-1.2844791586815014,,0.6603992301550647,,0.027919982301121013,,0.628019621769515,,4.540273527370117,,True,False,global_outlier,True,True
Beethoven/Piano_Sonatas/16-2/LuoJ04M.mid,Beethoven/Piano_Sonatas/16-2,LuoJ04M,Beethoven,Piano_Sonatas_16-2,358,4614,5,97,89,0.0013003901170351106,17364,112,0.99913307325531,0.0,600.131249,0.4189275167434736,0.25258504618740846,0.5976391129679959,0.6966590303030079,3.776536312849162,1.3370710000000372,1.6096350000000257,5.122917000000001,0,0,False,False,False,False,False,-1.4910704500084389,,-0.5092660030445764,,0.1020984793276826,,0.26794504143558223,,4.955311836168113,,True,False,global_outlier,True,True
Beethoven/Piano_Sonatas/7-2/LeeS03.mid,Beethoven/Piano_Sonatas/7-2,LeeS03,Beethoven,Piano_Sonatas_7-2,173,2064,4,96,89,0.001937984496124031,7348,115,0.998546511627907,0.0,520.7606969999999,0.3616295471954037,0.35370078740157485,0.6146076030690766,0.6591973969537647,4.040462427745664,2.270963999999992,2.947379500000011,5.673070999999993,0,0,False,False,False,False,False,-2.494581238976702,,0.4989164373612266,,0.1597111813405774,,0.15434566936741695,,5.406355855594325,,True,False,global_outlier,True,True
Liszt/Transcendental_Etudes/9/ADIG07.mid,Liszt/Transcendental_Etudes/9,ADIG07,Liszt,Transcendental_Etudes_9,242,5141,6,106,97,0.001167088115152694,4736,121,0.9992219412565648,0.004132231404958678,506.149601,0.49265068871490936,0.3179977502812148,0.8483735407571582,0.8249775330040297,3.4297520661157024,0.5918800000000033,1.9687482500000186,4.559823999999999,0,0,False,False,False,False,False,-0.19989034268837924,,0.14293650128317692,,0.9534109877794915,,0.6570605184802506,,4.362665062347766,,True,False,global_outlier,True,True
Schubert/Impromptu_op142/3/WangH06M.mid,Schubert/Impromptu_op142/3,WangH06M,Schubert,Impromptu_op142_3,430,6304,3,106,101,0.006186548223350254,6824,108,0.9993654822335025,0.0,674.803646,0.41912384049826434,0.3375600322666936,0.8232998981322884,0.8409545077815465,2.958139534883721,1.097395000000006,1.3752600000000008,6.307812000000013,0,0,False,False,False,False,False,-1.4876320558102294,-0.33916014120660626,0.3379837704344157,1.7035708992295866,0.8682790584022019,1.5329438179325447,0.7055094017778468,0.5559028028237764,3.5566894514005165,1.4671154383091913,True,False,global_outlier,True,True
Bach/Italian_concerto/KyykhynenT03.mid,Bach/Italian_concerto,KyykhynenT03,Bach,Italian_concerto,144,1221,3,96,66,0.000819000819000819,4612,98,0.9975429975429976,0.0,287.877425,0.5057584445560256,0.17762279715035623,0.5719929304420883,0.6088302168316181,3.8472222222222223,1.6784999999999854,1.9375500000000017,4.866600000000005,0,0,False,False,False,False,False,0.029677554908525947,,-1.2566829953446306,,0.015022619140256797,,0.0016112709129082563,,5.076112525758549,,True,False,global_outlier,True,True
Bach/Fugue/bwv_874/BianF01.mid,Bach/Fugue/bwv_874,BianF01,Bach,Fugue_bwv_874,98,867,11,93,66,0.0,4973,113,0.9919261822376009,0.0,165.31581,0.43305332850769135,0.19178239083750886,0.3516348176190422,0.3642625676306676,3.7244897959183674,1.5279169999999986,1.645775000000004,3.348500000000058,0,0,False,False,False,False,False,-1.2436724249102735,,-1.1155036542524035,,-0.7331539254180274,,-0.7400203370419685,,4.86636546493537,,True,False,global_outlier,True,True
Bach/Italian_concerto/LeeN07.mid,Bach/Italian_concerto,LeeN07,Bach,Italian_concerto,144,1196,7,90,70,0.0008361204013377926,5070,113,0.9966555183946488,0.0,293.65923799999996,0.42940821033708026,0.21389763779527554,0.5788728326228623,0.6086159644629482,3.6666666666666665,1.7143000000000015,1.9686664999999977,4.361112999999989,0,0,False,False,False,False,False,-1.3075126524108953,,-0.895001847309861,,0.038381783795310584,,0.0009615679403199252,,4.767546988242694,,True,False,global_outlier,True,True
Beethoven/Piano_Sonatas/26-2/Huang02.mid,Beethoven/Piano_Sonatas/26-2,Huang02,Beethoven,Piano_Sonatas_26-2,83,873,9,96,83,0.001145475372279496,6538,121,0.993127147766323,0.0,221.62521000000004,0.36804793393332375,0.3046850393700788,0.7119468419411067,0.779703436862403,4.602409638554217,2.043804999999992,2.5448739999999983,4.033124000000015,0,0,False,False,False,False,False,-2.38217026891833,0.0,0.010201071431769404,0.0,0.4902047332058133,0.0,0.5197704851094437,0.0,6.366711479242377,5.932268125517039,True,True,"global_outlier,within_work_outlier",True,True
Bach/Prelude/bwv_885/JeonH01M.mid,Bach/Prelude/bwv_885,JeonH01M,Bach,Prelude_bwv_885,83,516,3,86,67,0.003875968992248062,3503,113,1.0,0.0,172.030209,0.43341325557196914,0.24330708661417305,0.7577687907389705,0.7430960859270715,3.783132530120482,1.7211809999999979,2.0593749999999886,3.2697919999999954,0,0,False,False,False,False,False,-1.2373686990523893,-6.714606245970643,-0.6017726277521879,0.048852243137929366,0.6457828822347195,3.0582939000319875,0.40876165534050307,2.002009945951181,4.966584628753385,1.9001796339546755,True,True,"global_outlier,within_work_outlier",True,True
Beethoven/Piano_Sonatas/26-2/Tysman01.mid,Beethoven/Piano_Sonatas/26-2,Tysman01,Beethoven,Piano_Sonatas_26-2,83,874,3,99,93,0.009153318077803204,6690,96,0.9954233409610984,0.0,215.567513,0.35187202142654084,0.3631710808876162,0.5912185553189487,0.6827689525863367,4.36144578313253,1.9615399999999985,2.4764979999999923,4.193914000000007,0,0,False,False,False,False,False,-2.66547354912174,-0.7986401373552585,0.5933407424542766,2.2047259059618063,0.08029891599661128,-1.740039509438937,0.22582450462178272,-1.8112506509864927,5.954909464392673,4.078434336292962,True,True,"global_outlier,within_work_outlier",True,True
Liszt/Mephisto_Waltz/Avdeeva03.mid,Liszt/Mephisto_Waltz,Avdeeva03,Liszt,Mephisto_Waltz,2601,9643,3,114,112,0.0033184693560095405,8329,96,0.9998962978326247,0.05613225682429835,667.2590809999998,0.513895587722957,0.4370078740157481,0.5961701051152194,0.6020224935340693,0.35870818915801617,0.07211499999982607,0.18763400000000274,7.164790000000039,0,2,False,False,False,True,False,0.17219064959235098,-0.1610268410606056,1.3295362882100072,0.4444935742727574,0.09711079267009226,0.0,-0.01903259916626383,-0.5497536694551158,-0.8856824709777662,0.011831465167673963,False,False,long_beat_interval,True,False
Liszt/Mephisto_Waltz/ChenGuang24M.mid,Liszt/Mephisto_Waltz,ChenGuang24M,Liszt,Mephisto_Waltz,2601,9992,1,122,120,0.007706164931945556,5365,81,0.999599679743795,0.058823529411764705,675.1950350000001,0.5082972945880897,0.42521653543307103,0.6381078323989855,0.6705759734524127,0.3571703191080354,0.03971400000000358,0.17447900000001937,8.717447999999763,0,5,False,False,False,True,False,0.07414271517238694,-0.4374268028130319,1.2119698206631229,0.0,0.2395009388000525,0.604442458776973,0.18885028194598494,0.7311891865038,-0.8883106576161767,0.0,False,False,long_beat_interval,True,False
Liszt/Mephisto_Waltz/Pavlovic03.mid,Liszt/Mephisto_Waltz,Pavlovic03,Liszt,Mephisto_Waltz,2601,10108,2,126,124,0.00741986545310645,6400,94,0.999604273842501,0.05228758169934641,677.1626219999999,0.5232076757950244,0.4251968503937008,0.6495488273754944,0.641492515522697,0.4302191464821223,0.05074799999999868,0.18162399999999934,9.310887999999863,0,6,False,False,False,True,False,0.3352816093915903,0.2987312896675174,1.2117735494318245,-0.000742059389442353,0.2783462709649132,0.7693398812735167,0.10065704894982291,0.18775583044330676,-0.7634717922916893,0.561994595464507,False,False,long_beat_interval,True,False
Liszt/Mephisto_Waltz/DANILO06.mid,Liszt/Mephisto_Waltz,DANILO06,Liszt,Mephisto_Waltz,2601,10104,6,111,105,0.00395882818685669,4675,121,0.9995051464766429,0.05536332179930796,620.3517629999998,0.49482988543369494,0.4186476690413697,0.5497332218588046,0.5056901971751898,0.31103421760861205,0.05769199999997454,0.17254199999996445,6.93482199999994,0,4,False,False,False,True,False,-0.16172411383534946,-1.1023422128324196,1.1464744223209575,-0.24762404038309088,-0.060555228379654595,-0.6692881496301726,-0.3111524935187663,-2.349752254005537,-0.9671562567684843,-0.35494395503021503,False,False,long_beat_interval,True,False
Liszt/Mephisto_Waltz/Duepree10.mid,Liszt/Mephisto_Waltz,Duepree10,Liszt,Mephisto_Waltz,2601,10284,3,126,119,0.003500583430571762,8140,111,0.999708284714119,0.0530565167243368,635.9866629999998,0.5456382728239829,0.43712973378327724,0.5652303807574879,0.6347276602255544,0.35101883890811225,0.06410299999981817,0.17093999999999987,7.41185199999984,0,5,False,False,False,True,False,0.7281287957596037,1.4061788654785388,1.3307513005942275,0.44908727525499,-0.007938101436847889,-0.4459298172771564,0.08014317261338358,0.061352428678839194,-0.8988234041698175,-0.04732586067069542,False,False,long_beat_interval,True,False
Liszt/Mephisto_Waltz/Giltburg03.mid,Liszt/Mephisto_Waltz,Giltburg03,Liszt,Mephisto_Waltz,2601,10038,6,116,111,0.005379557680812911,5044,121,0.9998007571229328,0.05420991926182238,618.5841099999999,0.520376642945567,0.4291338582677166,0.6249580296382825,0.6314442018981118,0.33217993079584773,0.026174999999994952,0.1789529999999928,4.5534139999998615,0,1,False,False,False,True,False,0.2856991890935962,0.1589570133909961,1.251027795691219,0.14766981849795896,0.19485373309891163,0.4149162343506843,0.07018635090376633,0.0,-0.9310186904903432,-0.19226130897469987,False,False,long_beat_interval,True,False
Liszt/Mephisto_Waltz/JIA03.mid,Liszt/Mephisto_Waltz,JIA03,Liszt,Mephisto_Waltz,2601,9882,6,115,110,0.0034405990690143697,6694,124,0.9995952236389395,0.05651672433679354,708.102033,0.4878136101370734,0.4287401574803149,0.696857261782189,0.6821971231843369,0.46212995001922336,0.04700900000000274,0.18269200000000296,9.692813999999998,0,8,False,False,False,True,False,-0.28460644307084276,-1.4487510515465545,1.2471023710652784,0.1328286307092144,0.4389714484517357,1.4511895728456379,0.2240904782275863,0.9483339433399004,-0.7089369195446765,0.8074974976937387,False,False,long_beat_interval,True,False
Beethoven/Piano_Sonatas/29-4/ChowK05M.mid,Beethoven/Piano_Sonatas/29-4,ChowK05M,Beethoven,Piano_Sonatas_29-4,1221,8035,2,118,115,0.0029869321717486,10610,115,0.9993777224642191,0.010647010647010647,671.2949219999998,0.5557041203288534,0.3402970651395848,0.3199701956612905,0.3660860951529688,1.2186732186732188,0.203125,0.4459640000000036,12.429688,0,3,False,False,False,True,False,0.9044210213117231,,0.3652735716871976,,-0.8406640467273317,,-0.7344906373742786,,0.5839791562190109,,False,False,long_beat_interval,True,False
Liszt/Mephisto_Waltz/JIA08.mid,Liszt/Mephisto_Waltz,JIA08,Liszt,Mephisto_Waltz,2601,10003,6,113,108,0.00369889033290013,5654,114,0.9995001499550135,0.05536332179930796,684.187089,0.48695036185651247,0.42640419947506547,0.6280237091431456,0.6535669754575709,0.39100346020761245,0.04380300000002535,0.18162300000000187,9.226486000000023,0,5,False,False,False,True,False,-0.2997252853253567,-1.4913715049565117,1.2238115182847036,0.04477091649602049,0.20526256020896014,0.459101434116122,0.13727187174402447,0.4133708278374845,-0.8304905515711509,0.2602922336888242,False,False,long_beat_interval,True,False
Liszt/Mephisto_Waltz/DANILO03.mid,Liszt/Mephisto_Waltz,DANILO03,Liszt,Mephisto_Waltz,2601,10098,2,114,109,0.004456327985739751,4549,122,0.9995048524460289,0.05190311418685121,618.6636020000002,0.49501871105443934,0.432742782152231,0.5657550333455618,0.5523404030198065,0.3337178008458285,0.06036300000016581,0.16987100000000055,6.769211000000155,0,4,False,False,False,True,False,-0.15841704119132377,-1.0930194794395265,1.2870108547623298,0.28371403989474014,-0.006156761256493863,-0.43836807464400623,-0.1696895188162455,-1.4780788104859306,-0.9283905038519329,-0.1804298438070259,False,False,long_beat_interval,True,False
Liszt/Mephisto_Waltz/ChernovA04M.mid,Liszt/Mephisto_Waltz,ChernovA04M,Liszt,Mephisto_Waltz,2601,10366,2,123,120,0.0038587690526721975,4381,98,0.9996141230947327,0.05459438677431757,681.429368,0.5373599132257897,0.4173228346456693,0.46184719448046413,0.472036962217777,0.3687043444828912,0.05078100000000063,0.18294200000002547,10.376954000000183,0,4,False,False,False,True,False,0.583142450915806,0.9974581677247059,1.1332650569130363,-0.29756581516424074,-0.35895252102521324,-1.9359768788801184,-0.41320320560555657,-2.978573299267604,-0.8685992578280995,0.08873598875755365,False,False,long_beat_interval,True,False
Liszt/Mephisto_Waltz/WangV03.mid,Liszt/Mephisto_Waltz,WangV03,Liszt,Mephisto_Waltz,2601,10134,2,117,114,0.0061180185514110915,4430,117,0.9997039668442865,0.05497885428681276,652.6808479999999,0.5231712421190448,0.3858267716535433,0.5400624608641414,0.5483351971328708,0.3018069973087274,0.009347999999988588,0.17561399999999594,6.842273999999975,0,4,False,False,False,True,False,0.3346435137100909,0.29693247949365487,0.8192310868378824,-1.4848608382634387,-0.09339012813234199,-0.8086714432051051,-0.1818349816026085,-1.5529173142880115,-0.9829253765989457,-0.42593274603625797,False,False,long_beat_interval,True,False
Beethoven/Piano_Sonatas/13-4/Taverna01.mid,Beethoven/Piano_Sonatas/13-4,Taverna01,Beethoven,Piano_Sonatas_13-4,578,4107,2,108,101,0.0038957876795714633,4928,117,0.998782566350134,0.0034602076124567475,351.78125,0.5544759064107718,0.3003937007874016,0.3157568693456276,0.3132540243135566,0.972318339100346,0.2619799999999941,0.44739549999999895,12.90364599999998,0,1,False,False,False,True,False,0.8829102081419504,,-0.03258605699097075,,-0.8549694511599816,,-0.8946996174917804,,0.162963997747926,,False,False,long_beat_interval,True,False
Liszt/Mephisto_Waltz/Tysman07M.mid,Liszt/Mephisto_Waltz,Tysman07M,Liszt,Mephisto_Waltz,2601,10351,1,122,121,0.006955849676359772,8998,109,0.9994203458603034,0.05459438677431757,639.94224,0.5188842843703664,0.4005643044619422,0.6032892529046936,0.7081993575977853,0.34678969627066514,0.010417000000000343,0.18074499999999816,6.1555980000000545,0,3,False,False,False,True,False,0.2595621733662469,0.0852760104193419,0.9661728153355473,-0.9293057087049418,0.12128226212538656,0.1026072577836652,0.30294015021597137,1.434193690365864,-0.9060509174254457,-0.07986238988179828,False,False,long_beat_interval,True,False
Bach/Fugue/bwv_858/Zhang01M.mid,Bach/Fugue/bwv_858,Zhang01M,Bach,Fugue_bwv_858,135,888,8,86,59,0.0011261261261261261,0,0,0.9966216216216216,0.007407407407407408,125.20920200000002,0.46471696289242415,0.17775590551181103,0.0,0.0,0.0,0.8255210000000002,0.9160160000000133,1.7877610000000175,0,0,True,False,False,False,False,-0.6891187649176889,,-1.2553558279710988,,-1.9270510750267744,,-1.8446171004828062,,-1.4987070043869586,,False,False,no_pedal_events,True,False
Bach/Prelude/bwv_860/ZhangH04M.mid,Bach/Prelude/bwv_860,ZhangH04M,Bach,Prelude_bwv_860,144,608,27,91,55,0.0,0,0,0.9950657894736842,0.0,46.364908,0.5190645440153314,0.21200787401574805,0.0,0.0,0.0,0.26822900000000005,0.3222655000000003,0.4449860000000001,0,0,True,False,False,False,False,0.26271922238499523,-1.1487079308215056,-0.9138438855143695,0.5656966078808087,-1.9270510750267744,-0.6750170318823103,-1.8446171004828062,-0.13036413477570963,-1.4987070043869586,-0.10685291979555425,False,False,no_pedal_events,True,False
Bach/Prelude/bwv_865/ZhangE01M.mid,Bach/Prelude/bwv_865,ZhangE01M,Bach,Prelude_bwv_865,81,610,3,98,61,0.003278688524590164,0,0,0.9950819672131147,0.0,58.18151,0.5496575729661178,0.19702537182852148,0.0,0.0,0.0,0.6687499999999993,0.7104159999999986,1.0492190000000008,0,0,True,False,False,False,False,0.7985224081082969,,-1.0632281004459525,,-1.9270510750267744,,-1.8446171004828062,,-1.4987070043869586,,False,False,no_pedal_events,True,False
Bach/Fugue/bwv_860/ZhangH04M.mid,Bach/Fugue/bwv_860,ZhangH04M,Bach,Fugue_bwv_860,171,1744,33,98,59,0.0,0,0,0.9977064220183486,0.0,162.131944,0.5064614519439807,0.18159448818897628,0.0,0.0,0.0,0.8548179999999945,0.9348949999999974,1.9177520000000072,0,0,True,False,False,False,False,0.041989954529345494,-2.8206696368288378,-1.2170829378681904,-0.18914730590894302,-1.9270510750267744,-1.2130958852565417,-1.8446171004828062,-0.5815455119331312,-1.4987070043869586,-1.9346002320879296,False,False,no_pedal_events,True,False
Bach/Fugue/bwv_870/ChenW01M.mid,Bach/Fugue/bwv_870,ChenW01M,Bach,Fugue_bwv_870,163,1070,8,110,67,0.0009345794392523365,0,0,0.9953271028037384,0.0,92.466458,0.6042717784928306,0.26244844394450695,0.0,0.0,0.0,0.5052089999999998,0.5546869999999942,1.5802599999999956,0,0,True,False,False,False,False,1.7550300279988622,,-0.4109222209386553,,-1.9270510750267744,,-1.8446171004828062,,-1.4987070043869586,,False,False,no_pedal_events,True,False
Bach/Fugue/bwv_885/Guo01M.mid,Bach/Fugue/bwv_885,Guo01M,Bach,Fugue_bwv_885,248,1676,3,107,81,0.0029832935560859188,0,0,0.9988066825775657,0.0,152.773438,0.5790956883230506,0.2066952568428947,0.0,0.0,0.0,0.5533850000000058,0.6041664999999963,1.2022580000000005,0,0,True,False,False,False,False,1.3140985550569355,-0.30917347075778506,-0.9668137523417778,0.17566489236851246,-1.9270510750267744,-1.3987382307748126,-1.8446171004828062,-1.4976912920741472,-1.4987070043869586,-2.574810680234808,False,False,no_pedal_events,True,False
Bach/Prelude/bwv_848/Zhou01M.mid,Bach/Prelude/bwv_848,Zhou01M,Bach,Prelude_bwv_848,309,808,37,91,53,0.0,0,0,0.995049504950495,0.0,65.948133,0.5117033914450013,0.20892388451443572,0.0,0.0,0.0,0.17578100000000063,0.21028699999999922,0.5460069999999888,0,0,True,False,False,False,False,0.13379674778717512,-0.48186381733534045,-0.9445930450842281,0.0,-1.9270510750267744,-0.023692725796505113,-1.8446171004828062,0.0,-1.4987070043869586,0.0,False,False,no_pedal_events,True,False
Bach/Prelude/bwv_848/Denisova06M.mid,Bach/Prelude/bwv_848,Denisova06M,Bach,Prelude_bwv_848,309,811,14,89,44,0.0,0,0,0.9950678175092479,0.0,65.60264699999999,0.5446474530489515,0.12992125984251957,0.0,0.0,0.0,0.14713600000000326,0.20963500000000046,0.5299480000000045,0,0,True,False,False,False,False,0.7107756793750342,1.144656471605781,-1.732294920022739,-2.978131682940488,-1.9270510750267744,-0.023692725796505113,-1.8446171004828062,0.0,-1.4987070043869586,0.0,False,False,no_pedal_events,True,False
Bach/Fugue/bwv_883/LuM01M.mid,Bach/Fugue/bwv_883,LuM01M,Bach,Fugue_bwv_883,276,1544,4,100,75,0.003238341968911917,0,0,0.9974093264248705,0.0036231884057971015,178.602777,0.5181022244279223,0.23538932633420823,0.0,0.0,0.0,0.5244799999999827,0.6410855000000026,1.316318999999993,0,0,True,False,False,False,False,0.2458652553767863,1.01343132417706,-0.6807172785627454,0.2806869087346598,-1.9270510750267744,-1.0208337994715586,-1.8446171004828062,-0.02204999876704306,-1.4987070043869586,-0.04181201209391253,False,False,no_pedal_events,True,False
Bach/Fugue/bwv_883/Herbert02.mid,Bach/Fugue/bwv_883,Herbert02,Bach,Fugue_bwv_883,276,1450,6,85,51,0.001379310344827586,0,0,0.9979310344827587,0.0036231884057971015,198.29889699999998,0.5109631998479529,0.13409448818897635,0.0,0.0,0.0,0.6253390000000074,0.7132999999999896,1.5196669999999983,0,0,True,False,False,False,False,0.12083310772452736,0.6609620851935676,-1.6906854189877805,-3.537785807221588,-1.9270510750267744,-1.0208337994715586,-1.8446171004828062,-0.02204999876704306,-1.4987070043869586,-0.04181201209391253,False,False,no_pedal_events,True,False
Bach/Fugue/bwv_884/LiA01M.mid,Bach/Fugue/bwv_884,LiA01M,Bach,Fugue_bwv_884,213,745,21,92,55,0.0,0,0,0.9973154362416108,0.0,62.390625,0.5226803075671879,0.1889763779527559,0.0,0.0,0.0,0.23933199999999744,0.2854169999999998,0.953472000000005,0,0,True,False,False,False,False,0.3260453360896365,,-1.1434812261318255,,-1.9270510750267744,,-1.8446171004828062,,-1.4987070043869586,,False,False,no_pedal_events,True,False
Bach/Prelude/bwv_885/Guo01M.mid,Bach/Prelude/bwv_885,Guo01M,Bach,Prelude_bwv_885,83,524,4,98,59,0.0057251908396946565,0,0,0.9980916030534351,0.0,142.97135400000005,0.5964407823885104,0.24183070866141732,0.0,0.0,0.0,1.5110679999999945,1.7200520000000026,2.2955720000000497,0,0,True,False,False,False,False,1.6178787617142696,1.3344188927876686,-0.6164929700994589,-0.006802211069839061,-1.9270510750267744,-7.863319184996041,-1.8446171004828062,-11.882968959468581,-1.4987070043869586,-27.205010856863286,False,True,"no_pedal_events,within_work_outlier",True,True
Bach/Prelude/bwv_857/Lan01M.mid,Bach/Prelude/bwv_857,Lan01M,Bach,Prelude_bwv_857,84,566,21,82,56,0.0,0,0,0.9929328621908127,0.0,109.05251700000001,0.42695631023457237,0.16194225721784783,0.0,0.0,0.0,1.1698889999999977,1.2787545000000016,2.7708330000000103,0,0,True,False,False,False,False,-1.35045498048545,-1.153167332152072,-1.4130270504463314,-1.2039471891597735,-1.9270510750267744,-4.225444478152595,-1.8446171004828062,-4.897436467761067,-1.4987070043869586,-8.655086503439895,False,True,"no_pedal_events,within_work_outlier",True,True
Schubert/Piano_Sonatas/894-2_no_repeat/SINKEV12M.mid,Schubert/Piano_Sonatas/894-2_no_repeat,SINKEV12M,Schubert,Piano_Sonatas_894-2,538,3109,9,108,96,0.000643293663557414,6322,120,0.9983917658411064,0.013011152416356878,429.97552099999996,0.4303140669918393,0.47075365579302586,0.7446088448886952,0.7809743015611863,1.7973977695167287,0.03541699999999892,0.7739579999999933,1.921875,1,0,False,False,True,False,False,-1.2916475714406748,1.2270389136530322,1.6660012561476707,1.714863912827503,0.6011012379480862,0.27700724100538415,0.5236242794813942,0.21741936201137116,1.5730068909524508,1.5515520621614678,False,False,short_beat_interval,True,False
Chopin/Scherzos/31/Dossin06.mid,Chopin/Scherzos/31,Dossin06,Chopin,Scherzos_31,2337,5989,6,119,111,0.002504591751544498,5999,121,0.9989981632993822,0.15489944373127942,576.6911975000002,0.5289127215409484,0.3863517060367452,0.7964883153406666,0.8056387673731307,0.378262729995721,0.007478499999990618,0.21634549999998853,1.6175200000000132,2,0,False,False,True,False,False,0.43519919814295444,-0.03824064840099392,0.8244649863391328,-0.8088447344863349,0.7772463430182096,0.5313075427239781,0.5984172764260992,0.9067100678836566,-0.8522641838145915,-0.32920026637911426,False,False,short_beat_interval,True,False
Chopin/Scherzos/31/HuNY08M.mid,Chopin/Scherzos/31,HuNY08M,Chopin,Scherzos_31,2337,6012,3,124,113,0.00249500998003992,5498,115,0.9986693280106453,0.16260162601626016,577.371354,0.515334975094261,0.4244094488188974,0.7589010753105354,0.7609395291715597,0.4321780059905862,0.004166999999995369,0.21770899999999216,1.5640619999999785,1,0,False,False,True,False,False,0.19739993306262166,-0.7086036515768764,1.203922700179943,0.6258034184251936,0.6496273005198332,-0.010431966160836395,0.4628704532461008,0.0714910547962197,-0.7601241437782587,0.0855920692585698,False,False,short_beat_interval,True,False
Chopin/Scherzos/31/LeeN04M.mid,Chopin/Scherzos/31,LeeN04M,Chopin,Scherzos_31,2337,5896,3,118,110,0.0018656716417910447,6122,113,0.9988127544097694,0.1643132220795892,578.404687,0.540744652793046,0.39212598425196815,0.76034866703919,0.7545555472964247,0.4557124518613607,0.005729000000002316,0.21770899999999926,1.0026039999999625,2,0,False,False,True,False,False,0.6424224341399908,0.5459276448183734,0.8820378808529097,-0.591173980251487,0.6545422735317218,0.010431966160834794,0.4435115447449974,-0.047795609940069886,-0.7199042850322402,0.266652215767083,False,False,short_beat_interval,True,False
Chopin/Scherzos/31/LuoJ12M.mid,Chopin/Scherzos/31,LuoJ12M,Chopin,Scherzos_31,2337,5905,3,111,104,0.001693480101608806,8721,113,0.998475867908552,0.16131792896876337,532.103124,0.5510086167950494,0.397736220472441,0.7870146224192337,0.7969288750839151,0.5198973042362003,0.005207999999981894,0.20416599999998652,1.0218749999999943,2,0,False,False,True,False,False,0.8221844517966759,1.0526819696165701,0.9379751817725505,-0.3796870542619273,0.7450805437047268,0.394764563072682,0.5720052327863567,0.7439630517244225,-0.610213761179463,0.760452615335755,False,False,short_beat_interval,True,False
Schubert/Piano_Sonatas/894-2_no_repeat/HouY09.mid,Schubert/Piano_Sonatas/894-2_no_repeat,HouY09,Schubert,Piano_Sonatas_894-2,538,2926,3,104,101,0.00786056049213944,10877,115,0.9982911825017088,0.016728624535315983,447.3593285000002,0.40115336511960836,0.4122609673790776,0.6613550907450175,0.7940310596696928,1.2360594795539033,0.02336999999999989,0.7598820000000188,2.481301000000201,1,0,False,False,True,False,False,-1.8023651269400993,-0.21268864044004898,1.0827953117223859,-0.49011255864243286,0.3184317900265517,-0.9229171973534289,0.5632178420082727,0.46138890288656464,0.61369189985369,-2.7670536776796704,False,False,short_beat_interval,True,False
Schubert/Piano_Sonatas/894-2_no_repeat/Chan01.mid,Schubert/Piano_Sonatas/894-2_no_repeat,Chan01,Schubert,Piano_Sonatas_894-2,538,3057,6,101,93,0.0026169447170428526,6040,117,0.9983644095518482,0.01486988847583643,384.2514335,0.40436138715776604,0.41351706036745384,0.7381122819632051,0.7577026094663071,1.533457249070632,0.017094499999991797,0.6693379999999829,1.8039549999999736,1,0,False,False,True,False,False,-1.7461801564790016,-0.05430158437019089,1.0953192855289524,-0.4427621023640795,0.579043615749253,0.18337320972580692,0.4530547561427817,-0.21741936201137116,1.1219382527536959,-0.47905063670423303,False,False,short_beat_interval,True,False
Chopin/Scherzos/31/SunD04M.mid,Chopin/Scherzos/31,SunD04M,Chopin,Scherzos_31,2337,6111,3,115,110,0.0019636720667648502,6578,113,0.9990181639666176,0.16602481814291828,531.2546875,0.553859047183304,0.39055118110236214,0.8184482548048656,0.7989990353609524,0.46598202824133506,0.006249999999965894,0.19895799999999753,1.0911459999999806,1,0,False,False,True,False,False,0.8721065986088198,1.19341394475817,0.8663361823491549,-0.6505387314064358,0.8518063917341252,0.8478130060391557,0.578282826327447,0.782644633180528,-0.7023538012157959,0.34566027969807056,False,False,short_beat_interval,True,False
Liszt/Sonata/Gasanov06M.mid,Liszt/Sonata,Gasanov06M,Liszt,Sonata,2631,17016,1,124,122,0.00499529854254819,12396,109,0.9998824635637047,0.039148612694792854,1669.153646,0.5175365097036725,0.4577493438320209,0.6544286353591635,0.676646005630385,0.9251235271759787,0.016601000000000088,0.546875,4.450520999999981,2,0,False,False,True,False,False,0.23595738545154174,0.8096364160457183,1.5363407422532476,0.1488648232290034,0.29491456440578756,-0.13261296730724964,0.20725716339247,0.0,0.08230908538816074,0.8158348357480396,False,False,short_beat_interval,True,False
Chopin/Sonata_2/1st_no_repeat/MATSUM03.mid,Chopin/Sonata_2/1st_no_repeat,MATSUM03,Chopin,Sonata_2_1st,480,3958,7,113,104,0.0017685699848408287,2746,120,0.998989388580091,0.008333333333333333,306.59744950000004,0.526398159080782,0.3228346456692913,0.8129438230432527,0.8209477181937852,0.8770833333333333,0.010149249999983567,0.5427350000000075,4.0918765000000015,2,0,False,False,True,False,False,0.3911594079337304,-1.0971882817931693,0.19116314668757578,-1.380183081772753,0.8331173283617797,-0.005052275983812339,0.6448404311250897,-0.0075057644628521445,0.00020943362274831654,-3.4940904773146233,False,False,short_beat_interval,True,False
Liszt/Transcendental_Etudes/4/Travinskyy03.mid,Liszt/Transcendental_Etudes/4,Travinskyy03,Liszt,Transcendental_Etudes_4,681,7164,2,115,111,0.007677275265214964,3903,112,0.9995812395309883,0.020558002936857563,417.2431725,0.5612741581947163,0.31854673057172195,0.6764942719506001,0.6634339031950514,1.1204111600587372,0.0046740000000227155,0.5511670000000208,6.7207464999999615,1,0,False,False,True,False,False,1.0019740958349967,0.13656644283598662,0.14841015239201777,-1.2797539606083201,0.36983348400879323,-1.955695400746139,0.1671925317635744,-2.839427122630958,0.41605142427800973,-0.2993764625108919,False,False,short_beat_interval,True,False
Schubert/Piano_Sonatas/894-2/KimSY16.mid,Schubert/Piano_Sonatas/894-2,KimSY16,Schubert,Piano_Sonatas_894-2,604,3280,5,105,94,0.0006097560975609756,15150,116,0.9984756097560976,0.013245033112582781,470.525037,0.4167487585129146,0.4375820209973754,0.6237151439210721,0.7043736998983948,1.6241721854304636,0.03071600000002661,0.7528702500000009,1.531782999999976,1,0,False,False,True,False,False,-1.529228999223435,,1.3352608657895024,,0.19063379343220155,,0.2913391527808908,,1.276968116068952,,False,False,short_beat_interval,True,False
Chopin/Sonata_2/2nd_no_repeat/Giltburg02.mid,Chopin/Sonata_2/2nd_no_repeat,Giltburg02,Chopin,Sonata_2_2nd,850,4178,6,115,109,0.007659167065581618,3969,121,0.9995213020584012,0.01647058823529412,327.7614585,0.4656042248418299,0.44580052493438327,0.7896354800272106,0.8125761388215768,0.7752941176470588,0.015625,0.3579860833333335,1.5421879999999817,1,0,False,False,True,False,False,-0.6735793497186442,,1.4172041048559876,,0.7539790778398875,,0.619454294032888,,-0.17374613343200404,,False,False,short_beat_interval,True,False
Chopin/Sonata_3/3rd/Shybayeva07.mid,Chopin/Sonata_3/3rd,Shybayeva07,Chopin,Sonata_3_3rd,475,1869,3,102,93,0.003745318352059925,9363,97,0.9957196361690743,0.016842105263157894,489.191146,0.40074882590605326,0.34926509186351706,0.8119806589098939,0.8871432377281813,1.2126315789473685,0.03125,0.8828120000000013,3.670052500000054,1,0,False,False,True,False,False,-1.8094501854258578,0.0,0.45468998657564214,0.1503907029258996,0.8298471205899534,0.0,0.8455729881582781,0.6532676290275455,0.5736541246587911,0.0,False,False,short_beat_interval,True,False
Chopin/Sonata_3/3rd/mikahailoff01.mid,Chopin/Sonata_3/3rd,mikahailoff01,Chopin,Sonata_3_3rd,475,1838,6,95,84,0.001632208922742111,5833,121,0.9951033732317737,0.021052631578947368,470.01354100000003,0.3673417806558897,0.32755905511810945,0.8393384766965638,0.8592231679885098,1.168421052631579,0.03541600000005474,0.9182294999999954,2.779167000000001,1,0,False,False,True,False,False,-2.3945377653263114,-1.649378802960043,0.23826824219884116,-0.6678534504933258,0.9227344543761282,0.39430431071900873,0.760907635717362,0.1315725390991176,0.49809929182899815,-0.3401297152229012,False,False,short_beat_interval,True,False
Haydn/Keyboard_Sonatas/39-2/Yarden07.mid,Haydn/Keyboard_Sonatas/39-2,Yarden07,Haydn,Keyboard_Sonatas_39-2,253,2391,14,90,76,0.0,8270,98,0.9966541196152238,0.0,357.726835,0.4492997040707965,0.2744094488188975,0.5134466536567205,0.48308607397581177,1.9841897233201582,0.029914999999988368,1.3493610000000302,11.159733000000017,1,0,False,False,True,False,False,-0.9591350619321898,,-0.2916640823029735,,-0.1837581314337165,,-0.379697668195531,,1.8922302981284056,,False,False,short_beat_interval,True,False
Liszt/Ballade_2/KIM_J04.mid,Liszt/Ballade_2,KIM_J04,Liszt,Ballade_2,1130,7025,6,113,105,0.002562277580071174,5821,122,0.9998576512455516,0.047787610619469026,742.0195399999998,0.48331368486623394,0.3928805774278215,0.8825543673396171,0.8848631795953307,0.9026548672566371,0.0005350000000134969,0.5245710000000372,3.7521250000000066,1,0,False,False,True,False,False,-0.3634176748554159,-0.7452270512624104,0.8895616113859636,-0.5720041126910206,1.0694643174935017,0.3970930324831483,0.8386588963525087,0.4044536486547801,0.04391063177126661,-0.26892894150314767,False,False,short_beat_interval,True,False
Liszt/Sonata/Dulu07M.mid,Liszt/Sonata,Dulu07M,Liszt,Sonata,2631,16072,2,120,117,0.004666500746640119,31133,96,0.9999377799900449,0.043329532497149374,1743.169271,0.48669283012655123,0.4538003204144936,0.5730293247157561,0.6142953048198374,1.0695553021664765,0.011066999999999938,0.5690100000001621,5.384113999999954,5,0,False,False,True,False,False,-0.3042356697518231,-0.713183423866531,1.4969666940734514,0.0,0.01854146342758015,-1.3058095770123581,0.018183708050690684,-1.1650420206594347,0.32913986357819575,1.9270077303152626,False,False,short_beat_interval,True,False
Chopin/Sonata_2/1st_no_repeat/Knoll10.mid,Chopin/Sonata_2/1st_no_repeat,Knoll10,Chopin,Sonata_2_1st,480,4005,3,120,106,0.0019975031210986267,3535,111,0.998501872659176,0.010416666666666666,295.2950515,0.5659457448338471,0.36234345706786647,0.7640904891368347,0.7876770781644908,1.4458333333333333,0.016796999999996842,0.5634117500000144,2.766145999999999,4,0,False,False,True,False,False,1.083791787298475,0.855362420039124,0.5850888541497052,0.1091654489887015,0.6672467911530711,-0.7091683828496773,0.5439499072016273,-0.6291779058256102,0.9721908767976888,0.8815365883133238,False,False,short_beat_interval,True,False
Chopin/Sonata_3/3rd/GarritsonL10.mid,Chopin/Sonata_3/3rd,GarritsonL10,Chopin,Sonata_3_3rd,475,1847,3,96,92,0.010828370330265295,5419,98,0.9951272333513806,0.016842105263157894,501.843782,0.38500846528612126,0.3572965879265092,0.8637573533032874,0.882714713145597,1.3873684210526316,0.03205100000002403,0.9815694999999778,2.8799380000000383,1,0,False,False,True,False,False,-2.08512525434957,-0.7771359892217862,0.5347686489448064,0.453150933816195,1.0056432726064088,0.7462500830034541,0.8321438456785585,0.5705192852052234,0.8722756067955917,1.3443222077857515,False,False,short_beat_interval,True,False
Beethoven/Piano_Sonatas/32-1/Faliks01.mid,Beethoven/Piano_Sonatas/32-1,Faliks01,Beethoven,Piano_Sonatas_32-1,832,4111,3,109,105,0.005594745803940647,4272,99,0.9987837509121869,0.2620192307692308,408.602022,0.525360085273061,0.4295931758530183,0.5214940770589016,0.5308628419741518,0.6971153846153846,0.0033158707316260916,0.44404300000000774,2.0766539999999907,205,0,False,False,True,False,False,0.3729786892449211,-0.43151512813180304,1.2556074577548137,0.5976051616265913,-0.15643491035278315,0.8175935254194693,-0.2348184849132709,1.3092302892638314,-0.3073518965224922,-1.0079107146099882,False,False,short_beat_interval,True,False
Beethoven/Piano_Sonatas/18-1/Levitsky01.mid,Beethoven/Piano_Sonatas/18-1,Levitsky01,Beethoven,Piano_Sonatas_18-1,756,3220,2,101,91,0.002173913043478261,4379,117,0.9981366459627329,0.041005291005291,346.8225700000001,0.457145018314717,0.28845144356955377,0.2972518718885758,0.2121379221546249,0.2566137566137566,0.006009000000005926,0.4119919999999979,1.1959119999999643,2,0,False,False,True,False,False,-0.8217330292124143,-0.7396380687775193,-0.15165727064446674,-2.2541290719797886,-0.9177990192530554,0.47188185411874367,-1.201326015869766,-0.48017888660816915,-1.0601596470384185,-0.8853527640203066,False,False,short_beat_interval,True,False
Beethoven/Piano_Sonatas/15-1/LEE_H01.mid,Beethoven/Piano_Sonatas/15-1,LEE_H01,Beethoven,Piano_Sonatas_15-1,1377,3914,6,97,92,0.003321410321921308,8784,121,0.9994890137966275,0.06681190994916485,449.508632,0.41830871821956106,0.421259842519685,0.49146163412013594,0.5229118797093818,0.49310094408133626,0.011218000000042139,0.3034190000000194,1.4674130000000787,1,0,False,False,True,False,False,-1.5019080241815153,,1.1725193031724297,,-0.2584033339098194,,-0.25892913465977463,,-0.65600816085447,,False,False,short_beat_interval,True,False
Beethoven/Piano_Sonatas/17-1/Mordvinov02.mid,Beethoven/Piano_Sonatas/17-1,Mordvinov02,Beethoven,Piano_Sonatas_17-1,1272,4009,2,116,102,0.001995510102269893,6813,96,0.9987528061860813,0.07940251572327044,558.1778599999998,0.5504513819845961,0.3969816272965879,0.45945319795976586,0.4922000785791031,0.5306603773584906,0.00868099999999572,0.27377099999999643,3.782047500000033,1,0,False,False,True,False,False,0.8124250982159269,,0.9304514512394993,,-0.36708079922470443,,-0.35206018666054145,,-0.5918199021088676,,False,False,short_beat_interval,True,False
Beethoven/Piano_Sonatas/17-1_no_repeat/Richardson02M.mid,Beethoven/Piano_Sonatas/17-1_no_repeat,Richardson02M,Beethoven,Piano_Sonatas_17-1,904,2804,4,108,94,0.0014265335235378032,2606,111,0.9985734664764622,0.08960176991150443,334.39453100000014,0.5453558242947456,0.36482939632545924,0.4119249504624398,0.41010774893051494,0.3639380530973451,0.005208500000001948,0.22819050000001084,2.550129999999996,1,0,False,False,True,False,False,0.723182021054436,1.5159685967569458,0.6098751067877796,-0.1978825038498691,-0.5284523027554849,-1.2196188828680337,-0.600998534136008,-1.8785935370548876,-0.8767447466712036,-0.33190597210831485,False,False,short_beat_interval,True,False
Beethoven/Piano_Sonatas/17-1_no_repeat/Rizikov02.mid,Beethoven/Piano_Sonatas/17-1_no_repeat,Rizikov02,Beethoven,Piano_Sonatas_17-1,904,2864,4,108,95,0.001047486033519553,7360,113,0.9979050279329609,0.08849557522123894,446.308314,0.5265347434091701,0.3766929133858267,0.5378026105423737,0.4745489027246405,0.5221238938053098,0.009348000000002799,0.27944699999999045,3.4087840000000256,1,0,False,False,True,False,False,0.3935515319168741,0.5867307180698824,0.7281612355160876,0.2493319548508289,-0.10106294300309232,0.5946378089403391,-0.40558594926246,-0.6744907594765952,-0.6064085677856321,0.8850825922888389,False,False,short_beat_interval,True,False
Beethoven/Piano_Sonatas/17-1_no_repeat/TuanS02M.mid,Beethoven/Piano_Sonatas/17-1_no_repeat,TuanS02M,Beethoven,Piano_Sonatas_17-1,904,2831,3,124,102,0.0007064641469445425,2717,111,0.9985870717061109,0.08628318584070796,377.554167,0.5249830718799375,0.3658136482939632,0.40526497006056,0.43573812452370875,0.41814159292035397,0.009895499999998947,0.2722656875000027,2.8656250000000227,1,0,False,False,True,False,False,0.36637571516802087,0.51012130498627,0.6196886683526281,-0.16077953437801928,-0.551064772339964,-1.3156082268370135,-0.5232764939325244,-1.3996820864508968,-0.7841120699901336,0.08510409541238806,False,False,short_beat_interval,True,False
Beethoven/Piano_Sonatas/17-1_no_repeat/WangH03M.mid,Beethoven/Piano_Sonatas/17-1_no_repeat,WangH03M,Beethoven,Piano_Sonatas_17-1,904,2822,3,120,108,0.004606661941885188,3562,111,0.9982282069454288,0.08075221238938053,375.523958,0.49083082800570504,0.39763779527559057,0.5668545276801648,0.5970588265605715,0.5995575221238938,0.006770999999993421,0.26223949999999974,2.658853999999991,1,0,False,False,True,False,False,-0.23176319735513734,-1.176049581958759,0.9369938256160651,1.0388831452117966,-0.0024236748659543887,1.0133589310491378,-0.0340845176474486,1.614644845435509,-0.47407617252696094,1.480811260175557,False,False,short_beat_interval,True,False
Beethoven/Piano_Sonatas/18-1/ChenGuang03M.mid,Beethoven/Piano_Sonatas/18-1,ChenGuang03M,Beethoven,Piano_Sonatas_18-1,756,3264,3,103,92,0.0012254901960784314,3498,96,0.9975490196078431,0.047619047619047616,364.216145,0.4971443468556329,0.34824803149606304,0.3177898417236688,0.33505439066786585,0.6984126984126984,0.004556999999977052,0.4361979999999903,1.3632810000001427,1,0,False,False,True,False,False,-0.12118887278082904,1.2352161613402532,0.4445493062919657,0.0,-0.8480669494571885,0.7678926727645198,-0.8285917704148051,1.816553130632654,-0.30513481531464365,2.5135877323335145,False,False,short_beat_interval,True,False
Chopin/Ballades/1/Zhou06M.mid,Chopin/Ballades/1,Zhou06M,Chopin,Ballades_1,652,5031,3,114,109,0.0027827469687934803,7811,113,0.9994036970781157,0.02607361963190184,533.762369,0.5097669576118619,0.411933508311461,0.8054821514814257,0.8389923705416008,1.2546012269938651,0.022136000000045897,0.6927082500000097,3.743489500000038,1,0,False,False,True,False,False,0.09988224332906598,-0.025797528439501786,1.0795303553668425,-0.20315937061919648,0.8077828962674205,-0.038571034806974415,0.6995593793564702,0.361962242066663,0.645379345015324,0.09439767147582824,False,False,short_beat_interval,True,False
Beethoven/Piano_Sonatas/18-1/Smirnov01.mid,Beethoven/Piano_Sonatas/18-1,Smirnov01,Beethoven,Piano_Sonatas_18-1,756,3208,3,106,96,0.0024937655860349127,4782,96,0.9981296758104738,0.046296296296296294,364.271805,0.46272716657243834,0.35433070866141725,0.3857788075912796,0.3464829774147206,0.5145502645502645,0.01402249999999583,0.41132399999998626,1.4196030000000022,2,0,False,False,True,False,False,-0.7239678545225118,-0.46403521487888394,0.5051971167627285,0.2292963513360277,-0.6172256661513708,1.7478079032837042,-0.7939355058049363,2.030099788869812,-0.6193517363014841,1.0990586036114152,False,False,short_beat_interval,True,False
Beethoven/Piano_Sonatas/18-1/ZhangH01.mid,Beethoven/Piano_Sonatas/18-1,ZhangH01,Beethoven,Piano_Sonatas_18-1,756,3212,3,108,87,0.0006226650062266501,2572,113,0.9975093399750934,0.04365079365079365,358.32362700000004,0.4876665010580455,0.3292650918635171,0.31535177982883084,0.21110056264541005,0.294973544973545,0.010350000000016735,0.42935249999996117,1.5117510000000038,2,0,False,False,True,False,False,-0.2871828964621948,0.7672742095991583,0.2552784155779202,-0.715592604547078,-0.8563448417504662,0.7327532357512804,-1.204471724647521,-0.49956226807870274,-0.994603598774977,-0.5902351760135376,False,False,short_beat_interval,True,False
Beethoven/Piano_Sonatas/18-2/Schmitt01.mid,Beethoven/Piano_Sonatas/18-2,Schmitt01,Beethoven,Piano_Sonatas_18-2,462,2222,3,115,100,0.0036003600360036,2620,92,0.9990999099909991,0.25757575757575757,238.807187,0.44875938022732176,0.3424409448818896,0.09308251346607616,0.0841960665474043,0.3787878787878788,0.006981349593484509,0.6533782500000029,1.8095600000000616,123,0,False,False,True,False,False,-0.9685982385637597,,0.38664929305935714,,-1.6110102794706178,,-1.5892993410774277,,-0.8513667158921596,,False,False,short_beat_interval,True,False
Beethoven/Piano_Sonatas/21-1_no_repeat/Sladek02M.mid,Beethoven/Piano_Sonatas/21-1_no_repeat,Sladek02M,Beethoven,Piano_Sonatas_21-1,1204,6591,5,110,105,0.0018206645425580337,9856,113,0.9992413897739342,0.014950166112956811,488.54622300000005,0.4743261277700236,0.31865157480314965,0.47743156901612044,0.4050064913254151,0.6370431893687708,0.013020999999980631,0.379557499999998,1.7942699999998695,1,0,False,False,True,False,False,-0.5208248322756943,-1.429888130940358,0.1494555100369701,-1.0388831452117882,-0.30603927295001004,1.2217982238512208,-0.6164676850749112,0.8290991671659254,-0.4100139783343435,0.20447601927654285,False,False,short_beat_interval,True,False
Beethoven/Piano_Sonatas/23-1/LiuC02M.mid,Beethoven/Piano_Sonatas/23-1,LiuC02M,Beethoven,Piano_Sonatas_23-1,1045,6189,3,114,106,0.0025852318629827112,5177,111,0.9995152690256908,0.023923444976076555,513.7234370000002,0.46588162627328805,0.3942538432695913,0.750085571388324,0.7758810396637669,0.8947368421052632,0.017187499999977263,0.46927099999993516,3.132291500000008,2,0,False,False,True,False,False,-0.6687209693687094,-1.0923937095679934,0.9032538663312046,0.09258074287261742,0.6196962343178071,1.541383408113969,0.5081793748790899,0.9645929997823336,0.03037889812075594,0.5963313188972946,False,False,short_beat_interval,True,False
Beethoven/Piano_Sonatas/23-1/Yi02M.mid,Beethoven/Piano_Sonatas/23-1,Yi02M,Beethoven,Piano_Sonatas_23-1,1045,6304,2,115,110,0.006821065989847715,10272,113,0.9996827411167513,0.023923444976076555,561.0299480000001,0.4560892710511951,0.41944319460067486,0.643140541186438,0.697296727401125,0.8535885167464115,0.001953500000013264,0.504556999999977,3.111327500000016,1,0,False,False,True,False,False,-0.8402232790017911,-1.5758636786547109,1.1544062723984518,1.0421340720607586,0.25658837262368506,0.0,0.269878806288824,-0.5037790435213472,-0.03994269953467912,0.27976037182836033,False,False,short_beat_interval,True,False
Beethoven/Piano_Sonatas/26-1_no_repeat/Tysman01.mid,Beethoven/Piano_Sonatas/26-1_no_repeat,Tysman01,Beethoven,Piano_Sonatas_26-1,984,2670,3,106,98,0.00299625468164794,9552,96,0.99812734082397,0.12601626016260162,331.9581145,0.473008308224157,0.3938976377952756,0.49573295473596724,0.5223774283470399,0.6849593495934959,0.004273000000011962,0.24973325000001978,3.292737500000001,1,0,False,False,True,False,False,-0.5439049892624249,0.2592095191918257,0.8997022916696406,0.44152533671501304,-0.2439010228393871,-0.4175536809099763,-0.260549815173008,-0.1390776876361523,-0.32812629733807097,0.0,False,False,short_beat_interval,True,False
Schumann/Kreisleriana/3/Yarden09.mid,Schumann/Kreisleriana/3,Yarden09,Schumann,Kreisleriana_3,400,1675,6,118,99,0.001791044776119403,2773,98,0.9976119402985074,0.18,197.388008,0.5111108175294606,0.40656167979002616,0.5867225294166951,0.6167861355777572,0.6675,0.009700859999981049,0.44658199999999937,3.721157000000005,75,0,False,False,True,False,False,0.12341846872778608,,1.0259701171373576,,0.06503366852875926,,0.025736950788129292,,-0.35796394800142395,,False,False,short_beat_interval,True,False
Beethoven/Piano_Sonatas/26-3/Tysman01.mid,Beethoven/Piano_Sonatas/26-3,Tysman01,Beethoven,Piano_Sonatas_26-3,532,3910,3,109,104,0.0020460358056265983,6074,96,0.9979539641943734,0.2669172932330827,251.801521,0.507078331566279,0.33143044619422574,0.5419779369213461,0.5902914260991154,0.9210526315789473,0.0038973169013587494,0.5726504999999911,4.524576999999994,142,0,False,False,True,False,False,0.05279392125545519,0.11327175410605562,0.2768682510205867,-1.2218361208694133,-0.08688655883188089,-0.30750065910588614,-0.05460611198873624,-0.05474235987694753,0.07535201290039455,-0.3326098405666128,False,False,short_beat_interval,True,False
Beethoven/Piano_Sonatas/26-3/Huang02.mid,Beethoven/Piano_Sonatas/26-3,Huang02,Beethoven,Piano_Sonatas_26-3,532,3814,6,106,98,0.0018353434714210803,5466,121,0.9984268484530676,0.2650375939849624,255.321824,0.5024898469705084,0.37007874015748027,0.572015514493078,0.5961508276345535,0.7969924812030075,0.004897349650335059,0.544871999999998,8.872337000000016,143,0,False,False,True,False,False,-0.02756832950471404,-0.11327175410605562,0.6622141018003055,0.23507381372522246,0.015099298219665741,0.12542664571231663,-0.03683795092337109,0.05474235987694753,-0.13666409963218773,-1.2870554700186314,False,False,short_beat_interval,True,False
Beethoven/Piano_Sonatas/31-2/Na06.mid,Beethoven/Piano_Sonatas/31-2,Na06,Beethoven,Piano_Sonatas_31-2,459,1160,3,110,92,0.0017241379310344827,2085,94,0.9956896551724138,0.18518518518518517,104.653945,0.5401757768246884,0.42575459317585285,0.4209088047450108,0.4374602157881639,0.43137254901960786,0.008336575757553533,0.24359050000000337,2.0090834999999885,66,0,False,False,True,False,False,0.6324591985081833,0.09773403019739682,1.2173345676519032,0.807607968837258,-0.49794964066676634,0.801094819594718,-0.5180543915094294,2.5879561311560404,-0.7615006523128817,-0.5363597542678797,False,False,short_beat_interval,True,False
Beethoven/Piano_Sonatas/32-1/FALIKS01_2004.mid,Beethoven/Piano_Sonatas/32-1,FALIKS01_2004,Beethoven,Piano_Sonatas_32-1,832,4113,6,113,105,0.0024313153415998056,3251,119,0.9987843423292001,0.2548076923076923,444.121885,0.5436409701879603,0.387684820647419,0.6484173648425599,0.6418266472798136,0.71875,0.004554929268209662,0.4743585000000081,2.669335499999999,205,0,False,False,True,False,False,0.6931482413020513,0.4710520954043552,0.837756910280857,-0.9821980529631416,0.2745046437275812,2.646920699610638,0.10167027646829806,3.3826231184186732,-0.2703788069680776,-0.8414667433899898,False,False,short_beat_interval,True,False
Schumann/Kreisleriana/3/JohannsonP04.mid,Schumann/Kreisleriana/3,JohannsonP04,Schumann,Kreisleriana_3,400,1718,3,109,100,0.005238649592549476,1407,94,0.9772991850989523,0.1775,196.686503,0.5123953963823049,0.41036745406824143,0.6163615405448155,0.6249762043311513,0.65,0.013363599999948406,0.4674140000000335,2.8859480000000275,75,0,False,False,True,False,False,0.14591645161055175,,1.063915888521439,,0.16566628262166078,,0.05057267161500743,,-0.3878710693298836,,False,False,short_beat_interval,True,False
Beethoven/Piano_Sonatas/32-1/POTAMO01.mid,Beethoven/Piano_Sonatas/32-1,POTAMO01,Beethoven,Piano_Sonatas_32-1,832,4147,6,113,106,0.0021702435495538942,4031,121,0.9987943091391367,0.25841346153846156,397.298748,0.5341001305469292,0.37933599209189756,0.4949998461733651,0.46079547563848006,0.8822115384615384,0.017150772946763482,0.4513884999999931,2.101492999999998,207,0,False,False,True,False,False,0.5260509498778153,0.0,0.7545142593684983,-1.2969206452807014,-0.24639012852343423,0.43573596905976814,-0.4472921040957939,0.0,0.008973425220831716,0.41610992804999475,False,False,short_beat_interval,True,False
Beethoven/Piano_Sonatas/32-1/Park01.mid,Beethoven/Piano_Sonatas/32-1,Park01,Beethoven,Piano_Sonatas_32-1,832,4108,3,123,113,0.0036514118792599806,6780,96,0.9987828627069133,0.2620192307692308,414.843335,0.5413544582975569,0.4659292588426447,0.398392912216572,0.4269143156159692,0.9639423076923077,0.003315873170663508,0.43903525000000343,2.199517,205,0,False,False,True,False,False,0.653102505489388,0.35816200840305085,1.6178992273980644,1.9673525647635532,-0.5743973033089887,-0.9566459380626153,-0.5500339805008174,-0.6330798952019834,0.1486495413152865,1.0448982637699875,False,False,short_beat_interval,True,False
Liszt/Mephisto_Waltz/HSU04.mid,Liszt/Mephisto_Waltz,HSU04,Liszt,Mephisto_Waltz,2601,10088,6,113,108,0.0034694686756542425,5606,120,0.9997026169706582,0.05690119184928873,650.62415,0.5171570768097261,0.4081364829396325,0.5719758568307648,0.5821770144631325,0.44482891195693963,0.001068000000000069,0.1773499999999899,7.295384499999841,5,3,False,False,True,True,False,0.229312036484242,0.0,1.0416718156411158,-0.6438601969015091,0.014964649522712354,-0.34870823643743787,-0.07921240872856845,-0.9205725493905839,-0.738504019226792,0.6743935145574081,False,False,"short_beat_interval,long_beat_interval",True,False
Beethoven/Piano_Sonatas/26-2/Zhdanov05.mid,Beethoven/Piano_Sonatas/26-2,Zhdanov05,Beethoven,Piano_Sonatas_26-2,83,864,3,99,91,0.006944444444444444,4091,106,0.9942129629629629,0.0,193.248047,0.39884662051756203,0.3263273340832395,0.7204825845555164,0.8175964851682588,2.36144578313253,1.9786339999999996,2.256413000000001,3.3279944999999884,0,0,False,False,False,False,False,-1.8427652163988675,1.5205984375647152,0.22598727086912324,0.8158412944438702,0.5191859326391933,0.12302443617011058,0.6346780881272612,0.7080432616361496,2.536952741140135,-11.308386114266852,False,True,within_work_outlier,True,True
Bach/Fugue/bwv_883/GuoE01M.mid,Bach/Fugue/bwv_883,GuoE01M,Bach,Fugue_bwv_883,276,1452,3,90,81,0.0048209366391184574,9596,103,0.9986225895316805,0.0036231884057971015,261.951042,0.39464431512176684,0.3040026246719161,0.5264337463169795,0.6942710435138231,2.5615942028985508,0.8338439999999991,0.9395834999999977,1.8468750000000114,0,0,False,False,False,False,False,-1.9163639640766912,-5.081955356760822,0.0033970020801412358,2.867176136138952,-0.13966337138186596,6.566580412413538,0.2607036647121097,12.950617972975277,2.8790020596339554,19.66558302150353,False,True,within_work_outlier,True,True
Mozart/Piano_Sonatas/12-1/TET01.mid,Mozart/Piano_Sonatas/12-1,TET01,Mozart,Piano_Sonatas_12-1,685,2501,9,107,86,0.00039984006397441024,5020,121,0.9992003198720512,0.016058394160583942,276.62312099999997,0.49166248127468015,0.3217060367454069,0.41946708687868567,0.3961133902653645,1.072992700729927,0.3130339999999996,0.39743500000000154,0.7868579999999952,0,0,False,False,False,False,False,-0.21719770690792203,-0.23792520180768517,0.1799102627598835,0.008410006413621409,-0.5028446702966546,2.4645330032980093,-0.6434352944885806,2.95602433885748,0.33501430334341764,4.076945856608184,False,True,within_work_outlier,True,True
Mozart/Piano_Sonatas/8-1/LEE_J03.mid,Mozart/Piano_Sonatas/8-1,LEE_J03,Mozart,Piano_Sonatas_8-1,530,3295,12,98,78,0.0,590,103,0.9981790591805766,0.0,239.281278,0.5006941830433882,0.25452755905511804,0.04636678362138284,0.0410214002735669,0.10566037735849057,0.3141014999999996,0.44471075000004845,0.6613240000000928,0,0,False,False,False,False,False,-0.05901740420036182,-0.8851615879528668,-0.4898980259129135,-0.5788063237608607,-1.7696230615640465,-3.937363260999078,-1.7202230232414248,-5.214828403622329,-1.318135705800032,-6.0821488384760025,False,True,within_work_outlier,True,True
Mozart/Piano_Sonatas/8-1/Lo01.mid,Mozart/Piano_Sonatas/8-1,Lo01,Mozart,Piano_Sonatas_8-1,530,3306,6,102,92,0.0018148820326678765,5249,111,0.9987900786448881,0.0,255.00575500000002,0.5069839538711177,0.27479986876640417,0.494890573722529,0.5367465295346664,1.0075471698113208,0.4133269999999811,0.47475949999999045,0.7351759999999672,0,0,False,False,False,False,False,0.05114099993766115,-0.5746218619445417,-0.28777136954891597,0.18539117079434195,-0.24676113861983875,2.527145906946412,-0.2169766784418711,4.0479480973325845,0.22316930713837677,0.8564362326254988,False,True,within_work_outlier,True,True
Prokofiev/Toccata/Colafelice11.mid,Prokofiev/Toccata,Colafelice11,Prokofiev,Toccata,451,4570,2,126,122,0.007221006564551422,4928,114,0.9986870897155361,0.0,258.23425000000003,0.5332651516786384,0.36409391133800584,0.473858011701579,0.5195411230970938,1.4434589800443458,0.11818850000003067,0.537525500000001,4.823713999999995,0,0,False,False,False,False,False,0.5114272152237047,-0.6245129939330074,0.6025418959481135,2.744559298421384,-0.31817248524304514,1.5724532918834435,-0.26915068135478204,4.605032912079028,0.9681331584039531,5.015216421801092,False,True,within_work_outlier,True,True
Prokofiev/Toccata/Fab13.mid,Prokofiev/Toccata,Fab13,Prokofiev,Toccata,451,4723,2,117,111,0.004022866821935211,2404,112,0.9993648105017997,0.0,239.72331699999998,0.544287857941528,0.22463910761154848,0.2354176339158601,0.15138728692576772,0.23503325942350334,0.3572379999999953,0.5221679999999935,2.6268659999999784,0,0,False,False,False,False,False,0.7044777673756064,-0.08029790621356958,-0.7879031787654808,-2.5124150241500276,-1.1277433045309544,-1.8641537337027945,-1.3855474017981975,-2.27403474282705,-1.0970402497696978,-4.281698373714537,False,True,within_work_outlier,True,True
Schubert/Impromptu_op.90_D.899/2/Dossin03.mid,Schubert/Impromptu_op.90_D.899/2,Dossin03,Schubert,Impromptu_op.90_D.899_2,847,3178,7,119,95,0.0009439899307740718,3826,121,0.9984266834487099,0.0070838252656434475,229.85019799999998,0.5038846771680294,0.26574803149606296,0.6886306618679711,0.8501379701345578,0.5159386068476978,0.14262799999997355,0.25480750000000185,0.7686960000000056,0,0,False,False,False,False,False,-0.003139415827121505,0.0,-0.37802342407363965,-0.8326966434325083,0.411039873714455,1.001763055603321,0.7333575083189569,4.000457595998379,-0.6169790893566403,-0.20891196597572348,False,True,within_work_outlier,True,True
Schubert/Impromptu_op.90_D.899/1/Duepree08M.mid,Schubert/Impromptu_op.90_D.899/1,Duepree08M,Schubert,Impromptu_op.90_D.899_1,812,4968,3,115,113,0.009863123993558777,12739,111,0.9989935587761675,0.03201970443349754,522.5026045,0.44537244682703603,0.4709926884139483,0.578695842726769,0.7432045017260305,1.2315270935960592,0.2623695000000126,0.5875649999999837,3.631511000000046,0,0,False,False,False,False,False,-1.0279166443556484,0.07885896778371652,1.6683845496705632,4.129383821409885,0.03778085430292956,-1.2901785179558969,0.40909041747880026,0.36315853301634465,0.6059461503251956,-0.18475554112433326,False,True,within_work_outlier,True,True
Liszt/Transcendental_Etudes/5/LiuY06M.mid,Liszt/Transcendental_Etudes/5,LiuY06M,Liszt,Transcendental_Etudes_5,263,4304,3,106,98,0.0055762081784386614,2824,96,0.9983736059479554,0.0,218.923177,0.47847495902317755,0.247017608375876,0.5438688244629286,0.5781284509551816,2.2433460076045626,0.5768230000000001,0.7942709999999948,2.0,0,0,False,False,False,False,False,-0.4481626252727768,-0.8926658567447648,-0.5647765790660668,0.0,-0.08046647432087597,2.072292620266178,-0.09148934999254572,2.9344078217232665,2.3351227802499186,6.2600372175281365,False,True,within_work_outlier,True,True
Schubert/Impromptu_op.90_D.899/2/FaB06M.mid,Schubert/Impromptu_op.90_D.899/2,FaB06M,Schubert,Impromptu_op.90_D.899_2,847,3145,3,102,87,0.001589825119236884,5606,109,0.9993640699523052,0.0070838252656434475,274.013021,0.49232751970213,0.27821522309711283,0.38388434932469373,0.21737273062395984,0.2361275088547816,0.14921900000001642,0.30859350000000063,0.9427089999999794,0,0,False,False,False,False,False,-0.20555029178504353,-0.5706021111409894,-0.2537183109188915,-0.3627256967890767,-0.6236578742581913,-3.3905019140861072,-1.1854518827408225,-7.822955511778103,-1.0951702011694215,-2.3616135284212225,False,True,within_work_outlier,True,True
Schubert/Impromptu_op.90_D.899/4_no_repeat/Huang10M.mid,Schubert/Impromptu_op.90_D.899/4_no_repeat,Huang10M,Schubert,Impromptu_op.90_D.899_4,822,4282,2,109,108,0.014245679588977114,8695,110,0.9988323213451659,0.004866180048661801,399.492839,0.44797657197162427,0.4154780652418447,0.44783766960103005,0.6569600835671054,1.121654501216545,0.36914100000001326,0.46093799999999874,1.4804689999999425,0,0,False,False,False,False,False,-0.9823082624351435,-0.7990021500469836,1.1148716386657764,1.4818366517834622,-0.4065187203401226,-4.482163376642749,0.1475611975459468,-3.7121089464548227,0.41817626741282277,1.8578368974672286,False,True,within_work_outlier,True,True
Bach/Fugue/bwv_860/Tetzloff04M.mid,Bach/Fugue/bwv_860,Tetzloff04M,Bach,Fugue_bwv_860,171,1766,9,105,73,0.0005662514156285391,1759,111,0.9988674971687429,0.0,160.249132,0.542151531157264,0.21004831782390826,0.17007301640427555,0.18325106727733775,1.1403508771929824,0.8040370000000081,0.9049479999999974,2.4131940000000043,0,0,False,False,False,False,False,0.6670623581790859,-1.058572459735152,-0.9333817944480238,0.8834658115499889,-1.349606296135714,1.2381421494475924,-1.2889230660168154,2.842557039175188,0.4501279693973834,6.838586866915472,False,True,within_work_outlier,True,True
Bach/Fugue/bwv_860/Ko04M.mid,Bach/Fugue/bwv_860,Ko04M,Bach,Fugue_bwv_860,171,1739,5,107,55,0.0005750431282346176,1089,98,0.9988499137435307,0.0,164.664063,0.6019653314062479,0.17412510936132986,0.1286776006845682,0.16294881701954994,1.023391812865497,0.855469,0.9518230000000187,1.8691409999999848,0,0,False,False,False,False,False,1.7146351491955485,1.8945655240761232,-1.2915569661880955,-0.47071761867864353,-1.4901551449933683,0.6415159495962612,-1.350487997245369,2.463203249133018,0.25024745926565606,5.938772805479226,False,True,within_work_outlier,True,True
Bach/Fugue/bwv_857/ToA01M.mid,Bach/Fugue/bwv_857,ToA01M,Bach,Fugue_bwv_857,227,1361,3,95,63,0.0007347538574577516,5690,111,0.9977957384276267,0.00881057268722467,210.04349,0.4867179201181826,0.20874890638670163,0.45547295476326105,0.4264057352584853,1.986784140969163,0.8295140000000458,0.9052080000000018,3.3934449999999856,0,0,False,False,False,False,False,-0.3037962461998929,0.1536922195447573,-0.946337678251313,-1.2463880605888322,-0.38059482220807395,1.8825364161674991,-0.5515762092850716,3.624574453113732,1.896664101751576,7.761193575282373,False,True,within_work_outlier,True,True
Bach/Fugue/bwv_857/Lisiecki04M.mid,Bach/Fugue/bwv_857,Lisiecki04M,Bach,Fugue_bwv_857,227,1345,3,91,78,0.002973977695167286,107,49,0.9992565055762082,0.022026431718061675,215.888672,0.4505990872132604,0.2666690101237345,0.007033941204534275,0.009738357378700963,0.039647577092511016,0.8378899999999874,0.9286010000000147,2.9476310000000012,0,0,False,False,False,False,False,-0.9363777982324336,-1.629573463933869,-0.3688407343236742,0.9370039056248605,-1.9031689054183398,-4.580750879610245,-1.8150863196734808,-4.160983648998461,-1.430950153044948,-7.218926775262644,False,True,within_work_outlier,True,True
Bach/Fugue/bwv_857/Lan01M.mid,Bach/Fugue/bwv_857,Lan01M,Bach,Fugue_bwv_857,227,1353,3,94,75,0.0029563932002956393,157,48,0.9992609016999261,0.00881057268722467,188.226563,0.49288097068674497,0.20190885230255307,0.3396134092014323,0.0,0.0,0.7298179999999999,0.809896000000002,3.7296859999999867,0,0,False,False,False,False,False,-0.19585720774372736,0.4579754895327798,-1.0145369747827855,-1.5042349595447178,-0.773969921232231,0.21266937453401144,-1.8446171004828062,-4.342947851660097,-1.4987070043869586,-7.5239518502737415,False,True,within_work_outlier,True,True
Prokofiev/Toccata/Lin06.mid,Prokofiev/Toccata,Lin06,Prokofiev,Toccata,451,4677,7,115,106,0.0014966859097712208,4009,120,0.9991447509087021,0.0,244.86866999999998,0.5079010038946004,0.28348800149981246,0.4389178030961291,0.46461452868999825,1.5920177383592018,0.39209399999998595,0.5395299999999992,2.449783999999994,0,0,False,False,False,False,False,0.06720212042494765,-1.8767963789753728,-0.2011456596786318,-0.29401081134742285,-0.4368041262825718,1.0688650679256404,-0.43571113472099643,3.5787126028587255,1.2220168617941085,6.158139892075492,False,True,within_work_outlier,True,True
Liszt/Transcendental_Etudes/5/Gryaznov02.mid,Liszt/Transcendental_Etudes/5,Gryaznov02,Liszt,Transcendental_Etudes_5,263,4414,2,115,108,0.004304485727231536,4348,117,0.9986406887177164,0.0,221.12424499999997,0.5045945874726813,0.25012795275590544,0.27503784602608383,0.21301505826974146,0.8897338403041825,0.5114845000000008,0.7658915000000093,3.595081999999991,0,0,False,False,False,False,False,0.009293880771987473,0.3969172591278541,-0.5337646461077864,0.11724946078043885,-0.9932217613414029,-1.8023297812363965,-1.1986661715707572,-3.887848211557893,0.021828876299531758,-4.153856471443905,False,True,within_work_outlier,True,True
Chopin/Barcarolle/Rozanski07M.mid,Chopin/Barcarolle,Rozanski07M,Chopin,Barcarolle,462,4724,3,106,104,0.003810330228619814,9479,106,0.9995766299745978,0.0021645021645021645,551.4446614999999,0.4782503513711451,0.3499562554680664,0.8690571062133894,0.968265725163292,0.7922077922077922,0.6106770000000665,1.0774737499999958,4.263020999999981,0,0,False,False,False,False,False,-0.4520963807597024,0.6472091748338639,0.46158128758562383,-0.013210905796794499,1.0236373948490372,0.8654091324443747,1.0915703675924124,1.6145123150349432,-0.1448410295921219,-5.928255498267634,False,True,within_work_outlier,True,True
Bach/Prelude/bwv_857/Lisiecki04M.mid,Bach/Prelude/bwv_857,Lisiecki04M,Bach,Prelude_bwv_857,84,556,7,86,66,0.0017985611510791368,336,82,0.9946043165467626,0.0,102.796614,0.4362116937763732,0.2519769403824522,0.056750366273553225,0.07248819006079726,0.27380952380952384,1.0199619999999996,1.1796879999999987,2.5843750000000085,0,0,False,False,False,False,False,-1.1883571380401885,-0.69620882795641,-0.5153291697395342,2.1900557773180425,-1.7343679357630974,-3.4075095744612693,-1.6248025292254442,-3.542972342666742,-1.0307724529892897,-6.548557513184682,False,True,within_work_outlier,True,True
Beethoven/Piano_Sonatas/24-1_no_2_repeat/Zusko01.mid,Beethoven/Piano_Sonatas/24-1_no_2_repeat,Zusko01,Beethoven,Piano_Sonatas_24-1,544,2830,3,113,108,0.005653710247349823,4218,96,0.9982332155477032,0.001838235294117647,266.098826,0.4525204199215597,0.38371766029246335,0.7110757833662608,0.7225389082848319,1.3474264705882353,0.348557000000028,0.4460470000000143,5.475421999999998,0,0,False,False,False,False,False,-0.9027277733330623,-0.6831313510697514,0.7982020263417776,0.07467708776238798,0.4872472491981361,3.4665069743214287,0.3464236774450645,5.370158636917847,0.8040156777307901,3.1961593950611373,False,True,within_work_outlier,True,True
Beethoven/Piano_Sonatas/24-1_no_2_repeat/Cui02.mid,Beethoven/Piano_Sonatas/24-1_no_2_repeat,Cui02,Beethoven,Piano_Sonatas_24-1,544,2787,3,101,94,0.0032292787944025836,5841,90,0.9982059562253319,0.0,273.02189599999997,0.45652065467083996,0.371751968503937,0.4705608724671795,0.6605116291166198,0.9926470588235294,0.36391600000001745,0.4707530000000304,3.899568999999996,0,0,False,False,False,False,False,-0.8326680703283911,-0.4856310228330091,0.6788971564605483,-0.3763890125310982,-0.32936718194704856,0.0,0.1583309720652541,4.211159849114068,0.19770533987441158,0.4666958408717591,False,True,within_work_outlier,True,True
Haydn/Keyboard_Sonatas/50-1_no_repeat/Kim01.mid,Haydn/Keyboard_Sonatas/50-1_no_repeat,Kim01,Haydn,Keyboard_Sonatas_50-1,598,3510,6,106,92,0.0014245014245014246,7201,92,0.9994301994301994,0.011705685618729096,343.414247,0.49704927493970985,0.31233595800524927,0.2928676627633199,0.3705418009419743,1.0384615384615385,0.1595880000000136,0.5528840000000059,2.297674000000029,0,0,False,False,False,False,False,-0.12285395261016986,0.3200643426534671,0.08648515666252414,0.9072912801516338,-0.9326846179357277,1.6676456565676179,-0.7209790700853488,3.0263512621170006,0.27600129422493647,4.850193402893855,False,True,within_work_outlier,True,True
Beethoven/Piano_Sonatas/23-1/Guo03M.mid,Beethoven/Piano_Sonatas/23-1,Guo03M,Beethoven,Piano_Sonatas_23-1,1045,6365,3,116,113,0.003927729772191673,4837,113,0.9993715632364494,0.024880382775119617,568.0735675,0.501126878470872,0.37744656917885255,0.6414075736294459,0.49380293944030257,0.4937799043062201,0.11914100000001326,0.5175785000000133,3.279296500000214,0,0,False,False,False,False,False,-0.05143922065839609,0.6477413860191026,0.7356756198000284,-0.5409966310609742,0.2507044699980387,-0.0249770132759324,-0.34719964078825155,-4.306123056267609,-0.6548478325217386,-2.488394886262783,False,True,within_work_outlier,True,True
Liszt/Concert_Etude_S145/1/FEINER03.mid,Liszt/Concert_Etude_S145/1,FEINER03,Liszt,Concert_Etude_S145_1,383,3340,6,117,106,0.004191616766467066,4404,118,0.9973053892215569,0.0026109660574412533,248.933026,0.4681513725012084,0.34102643419572554,0.8051339500574226,0.8852353979098121,1.671018276762402,0.2911320000000046,0.6485020000000077,3.3696479999999838,0,0,False,False,False,False,False,-0.6289688656571246,-1.70166808374527,0.37254580315330516,0.9913324506854899,0.8066006564357058,0.601324501846588,0.8397876182745659,-0.5318249022091566,1.3570270724820028,4.158057223584701,False,True,within_work_outlier,True,True
Liszt/Concert_Etude_S145/1/Woo06M.mid,Liszt/Concert_Etude_S145/1,Woo06M,Liszt,Concert_Etude_S145_1,383,3369,3,121,116,0.005639655684179281,5433,113,0.9976254081329772,0.005221932114882507,226.352865,0.499415313619542,0.41327646544181984,0.6922110786813163,0.8454547336343917,1.7441253263707572,0.1484379999999419,0.5664060000000006,3.979817499999996,0,0,False,False,False,False,False,-0.08141539272654537,-0.15809901346606556,1.0929204149242147,3.7149142056081508,0.42319637589705505,-1.0262166752155013,0.7191559725582015,-1.2751388487746163,1.48196543834502,4.720499746581667,False,True,within_work_outlier,True,True
Liszt/Gran_Etudes_de_Paganini/2_La_campanella/Seredenko02.mid,Liszt/Gran_Etudes_de_Paganini/2_La_campanella,Seredenko02,Liszt,Gran_Etudes_de_Paganini_2_La_campanella,283,4232,2,121,118,0.0044896030245746696,3470,112,0.998109640831758,0.0,290.022413,0.5380306756620489,0.32698348232786667,0.6130369896803572,0.6406946687126568,2.070671378091873,0.42334366666665346,0.9535250000000133,2.8872829999999965,0,0,False,False,False,False,False,0.5948901157445924,-0.14916614395123046,0.23252944848254836,2.215199656916319,0.15437851587637166,-0.09361349988727165,0.09823764305306983,-0.14571230201392824,2.0400255748108993,4.186520051919102,False,True,within_work_outlier,True,True
Chopin/Etudes_op_25/11/HouMiao_2009_02.mid,Chopin/Etudes_op_25/11,HouMiao_2009_02,Chopin,Etudes_op_25_11,380,3248,2,120,109,0.004618226600985222,5209,113,0.999384236453202,0.007894736842105263,221.08484800000002,0.5755469709040167,0.3077615298087738,0.5541973504024773,0.5405176440443485,1.4684210526315788,0.08814100000000735,0.5321842500000002,3.7586764999999964,0,0,False,False,False,False,False,1.2519466804776378,0.6281633973499391,0.04087546100875162,1.1092369071663182,-0.04539828123811165,-3.3745608586672016,-0.20554107881642944,-5.431775877616104,1.0107928003168785,2.8546601099064897,False,True,within_work_outlier,True,True
Chopin/Etudes_op_25/10/Shelest01.mid,Chopin/Etudes_op_25/10,Shelest01,Chopin,Etudes_op_25_10,397,3738,2,112,109,0.009630818619582664,4211,112,0.99812734082397,0.007556675062972292,240.467174,0.4881730767660233,0.3280524593516718,0.7629113498869861,0.7485708043224375,1.9445843828715366,0.2844545000000096,0.5682420000000121,2.8512249999999995,0,0,False,False,False,False,False,-0.2783107812302847,-0.7610435925006188,0.2431877678664211,-1.8135522372014392,0.6632432883176058,-0.8871271248315854,0.4253632959087505,-2.263626765636266,1.8245456282968697,4.728443564151884,False,True,within_work_outlier,True,True
Chopin/Etudes_op_10/8/Tak02.mid,Chopin/Etudes_op_10/8,Tak02,Chopin,Etudes_op_10_8,377,2352,5,108,87,0.0017006802721088435,3643,111,0.9970238095238095,0.0,129.43630199999998,0.5360496880860715,0.2280764904386951,0.3349278981923295,0.2573236653716857,0.5755968169761273,0.16626549999999796,0.33587050000002705,0.8540320000000037,0,0,False,False,False,False,False,0.560195301583025,0.3101434212558816,-0.7536304832813858,0.2763287821617777,-0.7898785228778414,-4.1104477782639846,-1.0643039055939694,-7.334831553074005,-0.515024499153801,-2.2957789133792827,False,True,within_work_outlier,True,True
Chopin/Etudes_op_10/8/KyykhynenT09M.mid,Chopin/Etudes_op_10/8,KyykhynenT09M,Chopin,Etudes_op_10_8,377,2351,5,107,85,0.0004253509145044662,975,95,0.9970225435984688,0.0,147.901042,0.5805969560653242,0.19055118110236224,0.3933564182604432,0.3957910270697541,0.5809018567639257,0.26953100000002905,0.37760400000000516,0.8821619999999655,0,0,False,False,False,False,False,1.3403916050268432,2.5095393565908224,-1.1277795276280675,-1.1382484310735461,-0.5914975888238275,-3.2683258842065235,-0.6444128347964959,-4.747526313983435,-0.5059583009488872,-2.254965066030318,False,True,within_work_outlier,True,True
Chopin/Etudes_op_10/5/Feiner_2006_02.mid,Chopin/Etudes_op_10/5,Feiner_2006_02,Chopin,Etudes_op_10_5,168,1620,5,103,85,0.0012345679012345679,3049,96,0.9969135802469136,0.0,103.62302600000001,0.5272761367179252,0.2287079455977094,0.5746612369452636,0.6613063407226186,1.9285714285714286,0.44738150000000587,0.5966204999999896,1.2139410000000055,0,0,False,False,False,False,False,0.4065362186356672,-0.2858292923848158,-0.7473345100177029,0.0903063790296667,0.024082255356016293,-0.4838025195740231,0.1607408707094246,-0.10809911549595494,1.7971798358922748,4.7167931738323245,False,True,within_work_outlier,True,True
Chopin/Etudes_op_10/2/KaiRuiR06.mid,Chopin/Etudes_op_10/2,KaiRuiR06,Chopin,Etudes_op_10_2,192,1418,3,96,78,0.0014104372355430183,563,67,0.9978843441466855,0.0,74.774498,0.49087722196420525,0.1528754218222722,0.11767712707083616,0.012191934068855098,0.020833333333333332,0.3226489999999984,0.37900600000000395,1.595084,0,0,False,False,False,False,False,-0.230950658302443,0.43546501134202437,-1.503428644956806,-0.4761901110501419,-1.5275047856822765,-2.240910653117515,-1.8076460468822726,-3.8529662071652964,-1.4631032885197446,-4.5278924763366115,False,True,within_work_outlier,True,True
Chopin/Etudes_op_10/2/JiaXin01.mid,Chopin/Etudes_op_10/2,JiaXin01,Chopin,Etudes_op_10_2,192,1436,9,95,73,0.0006963788300835655,948,94,0.9979108635097493,0.0,72.614778,0.5273662895002708,0.2029715035620548,0.531248859279703,0.5303481030357673,0.7447916666666666,0.3311965000000008,0.37726949999999704,0.5595619999999997,0,0,False,False,False,False,False,0.4081151452617391,2.2370099873518137,-1.0039417269287882,1.412262694663514,-0.12331473537316479,3.719839508795658,-0.23637938909580822,5.82894116937925,-0.22587416213406025,1.0418159680066539,False,True,within_work_outlier,True,True
Chopin/Etudes_op_10/12/Floril02.mid,Chopin/Etudes_op_10/12,Floril02,Chopin,Etudes_op_10_12,333,2182,3,116,109,0.005957836846929423,2950,113,0.999083409715857,0.0,159.48721,0.567324599214363,0.25414698162729654,0.5217825517363078,0.509568143160184,0.7027027027027027,0.21768200000000038,0.4400370000000038,1.5571570000000463,0,0,False,False,False,False,False,1.1079409021480509,0.0508733581113935,-0.4936926030513213,-0.8860638842841017,-0.15545545929210144,-2.6015133465533244,-0.29939293608829737,-4.368311593480738,-0.29780329081174234,-2.217920064945558,False,True,within_work_outlier,True,True
Bach/Prelude/bwv_885/Chon02.mid,Bach/Prelude/bwv_885,Chon02,Bach,Prelude_bwv_885,83,510,28,93,62,0.0,2819,112,0.9980392156862745,0.0,155.288521,0.4890565260667717,0.23876546681664795,0.47693821301743056,0.39020795937185654,2.289156626506024,1.6432000000000002,1.8419999999999845,3.266999999999996,0,0,False,False,False,False,False,-0.2628381403705815,-3.9673764268039835,-0.6470552046871297,-0.1223514588535985,-0.3077143525811072,-0.9892770078811189,-0.6613430358580049,-4.591813229795081,2.4134121366852237,-9.593589859234582,False,True,within_work_outlier,True,True
Bach/Prelude/bwv_857/ToA01M.mid,Bach/Prelude/bwv_857,ToA01M,Bach,Prelude_bwv_857,84,557,27,85,56,0.0,3326,111,0.9910233393177738,0.0,123.506458,0.4421722761781817,0.17095050618672658,0.4405147890562645,0.446435166069423,2.0714285714285716,1.177430000000001,1.4234374999999986,2.7616670000000028,0,0,False,False,False,False,False,-1.0839641063860554,-0.4019218536604268,-1.3232095965051953,-0.864366678088848,-0.4313819186676351,2.123632104446538,-0.4908385809549589,3.44434191178467,2.041319601838885,7.281263248925628,False,True,within_work_outlier,True,True
Bach/Fugue/bwv_883/KaiRuiR03.mid,Bach/Fugue/bwv_883,KaiRuiR03,Bach,Fugue_bwv_883,276,1463,3,101,58,0.002050580997949419,1286,59,0.9972658920027341,0.007246376811594203,158.339533,0.6359695571812648,0.14636389201349842,0.20706498782850893,0.002360142984746018,0.010869565217391304,0.48799999999999955,0.5624749999999992,1.5618330000000071,0,0,False,False,False,False,False,2.310181687840593,6.832799027875703,-1.5683523643951098,-3.0752707906339234,-1.2240083546666527,1.9635642229300112,-1.8374601578434202,0.02204999876704306,-1.4801311526301513,0.04181201209391253,False,True,within_work_outlier,True,True
Chopin/Ballades/2/Denisova17M.mid,Chopin/Ballades/2,Denisova17M,Chopin,Ballades_2,407,4195,3,105,101,0.005244338498212158,5254,112,0.99880810488677,0.004914004914004914,337.651042,0.4547934907350106,0.35217097862767155,0.8300379743125421,0.890633059150274,1.759213759213759,0.4876300000000242,0.7695310000000006,4.83268199999992,0,0,False,False,False,False,False,-0.862917443169912,-0.4692890448766486,0.48366335881471884,-2.473152993336554,0.8911566846848383,1.2994140225100446,0.856155589255349,1.4254783786930103,1.5077512435845615,-4.196405577425405,False,True,within_work_outlier,True,True
