work,performances,dynamics_corr_raw,dynamics_corr_smooth,dynamics_level_std,pedal_corr_raw,pedal_corr_smooth,pedal_level_std
Bach/Fugue/bwv_848,9,0.42914395712445164,0.4852599707210865,0.015141341884272474,0.17871754476340318,0.2079692506088145,0.0949259552658099
Bach/Fugue/bwv_854,5,0.5554136572334647,0.6985057065175397,0.022538508450100317,0.4727169593089163,0.438173663876181,0.015764972726981883
Bach/Fugue/bwv_857,6,0.5541074965091836,0.6784485107693373,0.01399549761290186,0.198620813970281,0.2520329973856823,0.15077952210013246
Bach/Fugue/bwv_860,6,0.5153216907630142,0.6131503802344845,0.03153874560596202,0.39232929884433726,0.5772987907313811,0.07788146269031304
Bach/Fugue/bwv_883,6,0.4484938382137453,0.5363704151242945,0.07171593931913145,0.02964190356933037,0.00460733488799922,0.183718573392536
Bach/Fugue/bwv_885,6,0.4674525121198337,0.553876259785825,0.03198956551348849,0.4260177115923655,0.6163135634692445,0.05619333825856798
Bach/Fugue/bwv_889,6,0.2500925986908858,0.4383774588092388,0.04405876400240696,0.1173689124684774,0.04906505640917861,0.04579663716351711
Bach/Prelude/bwv_848,9,0.438538274743469,0.569273624653905,0.015369240272241803,0.19267306499750517,0.2408745731836513,0.08064157488489317
Bach/Prelude/bwv_854,5,0.48016074462321806,0.345072092035084,0.018373468267182183,0.5571209078475945,0.7147665736799946,0.03856803144395202
Bach/Prelude/bwv_857,6,0.3653026612079884,0.28162068786629085,0.017073900407258456,0.304835097686058,0.43256935066844643,0.16763389941483692
Bach/Prelude/bwv_860,6,0.5167373402526964,0.6630998381389791,0.019131015057740328,0.03820569409361669,0.011149015917443937,0.10383015320369164
Bach/Prelude/bwv_885,6,0.4729051100131304,0.5628098455855813,0.05815046560523949,0.29797112864208725,0.27433008556337146,0.25931978146814316
Bach/Prelude/bwv_889,6,0.538223350368697,0.5668819562843417,0.04395627682823482,0.19757084105768333,0.2684917818016318,0.08576208027140814
Balakirev/Islamey,10,0.6791031462156472,0.8145128947313144,0.023128766041064803,0.5883883772343694,0.6968230837397902,0.10158423292265413
Beethoven/Piano_Sonatas/11-1,7,0.843575418189406,0.9171837176906152,0.022037292753943307,0.524626317071782,0.6210101072622933,0.1124673682088852
Beethoven/Piano_Sonatas/16-1,7,0.8332228233687796,0.8772418589681129,0.017643276034540814,0.6321298324781894,0.7229717782603717,0.09478064107512266
Beethoven/Piano_Sonatas/17-1_no_repeat,11,0.6820415579121498,0.813671567460472,0.01904640922792331,0.6612417926195325,0.7429324576778186,0.06518271262482053
Beethoven/Piano_Sonatas/18-1,9,0.7432051077332064,0.8335577285092959,0.014276513474186394,0.6318576422213669,0.7538721442632059,0.060535722382317095
Beethoven/Piano_Sonatas/21-1_no_repeat,23,0.8022617129228263,0.8865261767399271,0.018783325461988076,0.6484557392149468,0.7521421678788741,0.09510566644024566
Beethoven/Piano_Sonatas/23-1,17,0.8370641278110968,0.9092038924848382,0.017630592823864796,0.6089878307285159,0.7098845881853613,0.07443311658605146
Beethoven/Piano_Sonatas/24-1_no_2_repeat,5,0.7186008631784173,0.8008844103226993,0.009730572983489411,0.6169129414552824,0.7548043759545422,0.12356419518152685
Beethoven/Piano_Sonatas/26-1,7,0.6957361820841802,0.8068058788618208,0.019302975636822744,0.5225807322012008,0.6765729290373402,0.08086427882880498
Beethoven/Piano_Sonatas/26-2,5,0.7770997054184052,0.8281476436118347,0.023856015112154533,0.6993622672121438,0.7241899375555791,0.08667925465665083
Beethoven/Piano_Sonatas/27-1,7,0.8296537211633132,0.8955181496784338,0.03276353472037939,0.5468959137449568,0.5750806743128996,0.06837197341870625
Beethoven/Piano_Sonatas/28-1,5,0.7822716830293984,0.7994285292070609,0.031344869908888524,0.5548574265064097,0.6489297255383124,0.1154513231179911
Beethoven/Piano_Sonatas/3-1,8,0.8043859744271984,0.8967237620407243,0.01831296571141183,0.6169249614164167,0.6673501635028328,0.09835077017807249
Beethoven/Piano_Sonatas/30-1,8,0.8264840634535224,0.9057806264184529,0.00992000199793264,0.5234659055627103,0.5975511735303033,0.07224894612647002
Beethoven/Piano_Sonatas/31-1,21,0.7708357874991572,0.8500102829654409,0.022013062507729213,0.567634602263908,0.6611249243098344,0.06860467658092263
Beethoven/Piano_Sonatas/31-2,7,0.815102429100344,0.9167272326661688,0.030850319821636548,0.5099687086536833,0.4640024322853832,0.08077142161785832
Beethoven/Piano_Sonatas/31-3_4,10,0.8832867945506699,0.9348845870775424,0.020395884388641608,0.7020022049506828,0.807915160648486,0.05627416019101925
Beethoven/Piano_Sonatas/32-1,9,0.8434107250225547,0.8763175486963899,0.02167188866505476,0.4843586525628925,0.5163820826158524,0.09781877415704371
Beethoven/Piano_Sonatas/4-1,9,0.735021330921597,0.8424736743898364,0.01086278468001333,0.5720746728631072,0.6720194195313084,0.059147010692376274
Beethoven/Piano_Sonatas/7-1,9,0.7636694886321034,0.879985794472199,0.02210185551020554,0.4768993320260897,0.48418449485356163,0.0856505557720608
Chopin/Ballades/1,17,0.8169847964130611,0.9035726953199644,0.021128981005209598,0.5555733200692913,0.6557839716501738,0.04711706185054373
Chopin/Ballades/2,5,0.8947114725195131,0.9546806973767268,0.01833444566477738,0.5818056790271393,0.6395365949773234,0.05781755410850259
Chopin/Ballades/4,12,0.8659465282689339,0.9328436637114372,0.025106401731939097,0.5699474103433311,0.6769730703495538,0.05931397296793831
Chopin/Barcarolle,9,0.8050433748335641,0.8892683766968263,0.01717501333841271,0.6226552902724101,0.751318004380366,0.04744185391056247
Chopin/Berceuse_op_57,5,0.7447418305141938,0.8863915645056926,0.01654979109726713,0.45261812196088524,0.32101415351540497,0.03925393525473058
Chopin/Etudes_op_10/1,24,0.37073900460863424,0.5258310208847089,0.02324898356288348,0.724362204860791,0.37932302807200474,0.05164689259187815
Chopin/Etudes_op_10/12,13,0.684892477283891,0.8400619106426157,0.013079242008784636,0.5549851031678045,0.7015756114631205,0.08651119459821087
Chopin/Etudes_op_10/2,11,0.37188960365537754,0.47725318659564914,0.028434570956157177,0.31142770572792716,0.28363302999098133,0.1172870064821385
Chopin/Etudes_op_10/4,22,0.5962273130636538,0.7419930646337538,0.023798569092207508,0.6778071667215977,0.8156929578556923,0.07352643226589962
Chopin/Etudes_op_10/5,11,0.690163227763015,0.7928258889025702,0.024016172634690157,0.5879377478026594,0.8019109553642012,0.07875784510534452
Chopin/Etudes_op_10/8,28,0.5482936272425046,0.6969844730669221,0.02079328445803407,0.5943183750553246,0.5461666575438121,0.10860210199164898
Chopin/Etudes_op_25/1,5,0.6427790500879892,0.7471048280025734,0.028247319532664274,0.48585080707031025,0.6710533989401858,0.03856066642857119
Chopin/Etudes_op_25/10,12,0.7945636639154127,0.8822672086529886,0.015019637907842942,0.3686523940884411,0.35210928986514506,0.04277324714752074
Chopin/Etudes_op_25/11,24,0.7033036321607462,0.8299650189808212,0.01952321261088184,0.5250138473947381,0.6178664052524353,0.07788552753941318
Chopin/Etudes_op_25/12,9,0.3803580879298755,0.5695851441606342,0.01874705225381205,0.7859695355913616,0.5469652561915872,0.03550992865649258
Chopin/Scherzos/31,12,0.7368834584740975,0.8885347995955761,0.024804933845696986,0.6627869362814024,0.7691234898156168,0.07204062975249372
Chopin/Sonata_3/2nd,9,0.6554601165127768,0.8116731530637847,0.021280315138786057,0.5875532043460864,0.7100433362503744,0.06157323866475661
Chopin/Sonata_3/3rd,9,0.6226680245727122,0.6510957095247316,0.02130332729297168,0.5346592117971485,0.5174543562763962,0.03943107943143481
Chopin/Sonata_3/4th,9,0.6065643722786641,0.7423266303897283,0.012282421300940543,0.5481898669302879,0.648380192039506,0.03873219640617272
Haydn/Keyboard_Sonatas/46-1,5,0.571142960068902,0.6607118059190482,0.03143710580564646,0.21229853271081547,0.2417895349431732,0.0741582161884301
Haydn/Keyboard_Sonatas/50-1_no_repeat,18,0.6809014618005799,0.7659157356617623,0.015498005856106162,0.6221815278258297,0.7096077622971158,0.07716241131473374
Liszt/Ballade_2,6,0.7624256595386745,0.8777892212915828,0.024400807218179135,0.5401982807246896,0.6613574330256787,0.040339327984157666
Liszt/Concert_Etude_S145/1,6,0.8090994445279784,0.9154186633273628,0.017468851113054434,0.6470518603382546,0.760289980864648,0.06090795677611159
Liszt/Gran_Etudes_de_Paganini/2_La_campanella,29,0.6862750299097374,0.8396412977084129,0.02002848095053474,0.5973626118674463,0.7179317448786189,0.08703278631189579
Liszt/Mephisto_Waltz,13,0.6771662370436786,0.8414231647085152,0.017455376074737818,0.6332584045405453,0.7492288644598313,0.056968427757903915
Liszt/Sonata,5,0.8422105963589044,0.9278285483812005,0.0129762692301862,0.6313584351418652,0.7515019442898383,0.04266222161848942
Liszt/Transcendental_Etudes/10,16,0.7212384832410924,0.8692514959344924,0.02079563034572112,0.6593767386768792,0.7920932749533368,0.060091957169548106
Liszt/Transcendental_Etudes/4,10,0.7149783054172126,0.8513843440013886,0.01936111213465935,0.5353684890004631,0.6684320620987145,0.06692522211250695
Liszt/Transcendental_Etudes/5,11,0.6683531055616637,0.8040263929586862,0.015117607536691745,0.5276933519030609,0.6049162697064028,0.1035881393753803
Mozart/Piano_Sonatas/8-1,5,0.6943081434901512,0.796802914372216,0.017489551020998407,0.34572951618013986,0.44549100773561934,0.14825898818858207
Prokofiev/Toccata,8,0.7389265384600375,0.8718331393725215,0.01651813216814637,0.4114198124702476,0.5005165365142332,0.10602095475437776
Ravel/Gaspard_de_la_Nuit/1_Ondine,7,0.7376665092551721,0.8621390331715363,0.018194122890974142,0.2608114922868448,0.16270655497180972,0.08803766964316936
Ravel/Miroirs/4_Alborada_del_gracioso,8,0.7613365558134417,0.8476211725371415,0.016896472967533712,0.7645354415847595,0.8380145478205295,0.06741922349048955
Schubert/Impromptu_op.90_D.899/2,7,0.5741657955545539,0.7185491439349784,0.016923090867450023,0.46881169337259104,0.5280849498543412,0.10397876250703322
Schubert/Impromptu_op.90_D.899/3,12,0.7270459341572031,0.815245764155734,0.02570560883797584,0.609621418365762,0.4912704678080633,0.09963168049391517
Schubert/Impromptu_op142/3,6,0.7534702088582168,0.8439174810047089,0.014672479433868107,0.5591294289515593,0.7031514561996755,0.07371510998635561
Schubert/Piano_Sonatas/894-2_no_repeat,6,0.8784434094570993,0.9523474738451959,0.015802591191906953,0.45518143862058513,0.38812033632700466,0.0767540128674871
Scriabin/Sonatas/5,7,0.7891073858720988,0.8992639479296375,0.016896997179307812,0.688970214311498,0.7848678248727877,0.06872286275932984
