rank,perf_id,artist,composer,track,feature_distance,tempo_distance,rubato_distance,dynamics_distance,articulation_distance,pedaling_distance
1,00026,Sviatoslav Richter,Sergei Rachmaninoff,"13 Preludes, Op. 32: No. 12 in G-Sharp Minor: Allegro",1.5496231571105379,2.4395525323596696,2.1607068865377324,0.1550673877237972,1.0651958859675816,0.4773894294748821
2,00028,Vladimir Horowitz,Sergei Rachmaninoff,"13 Preludes, Op. 32: No. 12 in G-Sharp Minor",1.6791423199218238,2.702092221279573,2.44247973330028,0.511356420485209,0.5893620093481228,0.47090558081821154
3,00030,Vladimir Horowitz,Sergei Rachmaninoff,"13 Preludes, Op. 32: No. 12 in G-Sharp Minor",1.6852471307195225,2.7718812454837556,2.331198239183051,0.4943899188900499,0.6571622402540458,0.6373342817088667
4,00032,Vladimir Horowitz,Sergei Rachmaninoff,"13 Preludes, Op. 32: No. 12 in G-Sharp Minor",1.8729993751530372,2.825149717568657,2.562070454946061,1.1922415031459812,1.0650624082808395,0.6626911939023985
5,00034,Vladimir Ashkenazy,Sergei Rachmaninoff,"13 Preludes, Op. 32: No. 12 in G-Sharp Minor - Allegro",1.941056695840174,2.9197555959805133,2.6896043141202393,0.21478151794557726,1.049567555954382,1.3899058315486987
6,00035,Vladimir Ashkenazy,Sergei Rachmaninoff,"13 Preludes, Op. 32: No. 12 in G-Sharp Minor - Allegro",1.956382199896358,3.0223247798693382,2.889128484080607,0.19421762771321135,1.1538893071475547,0.5352243153616997
7,00037,Hélène Grimaud,Sergei Rachmaninoff,"Rachmaninov: 13 Preludes, Op. 32: No. 12 in G-Sharp Minor",1.9874210325112698,3.1807022065681942,2.7718105715185266,0.4618715480956539,1.2012364876066277,0.5414028121402574
8,00033,Vladimir Horowitz,Sergei Rachmaninoff,"13 Preludes, Op. 32: No. 12 in G-Sharp Minor",2.0730844498915593,3.2056975681129707,2.909164379812014,1.2535195752312849,0.9118159017152689,0.5881681994375915
9,00038,Nikolai Lugansky,Sergei Rachmaninoff,"13 Preludes, Op. 32: No. 12. Allegro in G-Sharp Minor",2.095765051462247,3.297902964377547,3.1176760028751236,0.6591808524622871,0.7390366520925951,0.6199948095831267
10,00031,Vladimir Horowitz,Sergei Rachmaninoff,"13 Preludes, Op. 32: No. 12 in G-Sharp Minor",2.233524596665299,3.3343359595519164,3.272748109136149,1.2130548404821242,1.1804527345531703,0.49951320102477903
