composition_id,profile_artist,target,feature_top1,feature_top1_artist,favorite_ids,target_rank
1067,Vladimir Horowitz,04932,04933,Vladimir Horowitz,00028;00460;00957;00998;01036,4.0
1067,Vladimir Horowitz,04933,04933,Vladimir Horowitz,00028;00460;00957;00998;01036,1.0
1067,Vladimir Horowitz,04934,04933,Vladimir Horowitz,00028;00460;00957;00998;01036,3.0
1067,Vladimir Horowitz,04935,04933,Vladimir Horowitz,00028;00460;00957;00998;01036,2.0
1068,Sviatoslav Richter,04937,04941,Glenn Gould,00025;00396;00401;00410;00417,5.0
1068,Vladimir Horowitz,04940,04942,Alfred Brendel,00028;00460;00957;00998;01036,3.0
1068,Glenn Gould,04941,04942,Alfred Brendel,01770;02200;02408;02531;02557,6.0
1068,Alfred Brendel,04942,04937,Sviatoslav Richter,00310;00975;01128;03928;03939,2.0
1082,Murray Perahia,04993,04993,Murray Perahia,00973;00995;01051;01125;01769,1.0
1082,Radu Lupu,04994,04993,Murray Perahia,00978;01056;01132;03931;03941,3.0
1082,Wilhelm Kempff,04995,04993,Murray Perahia,00979;01058;01134;02411;03832,2.0
1113,András Schiff,05166,05166,András Schiff,00991;01766;01923;02196;02404,1.0
1113,Vladimir Ashkenazy,05168,05185,Alicia de Larrocha,00034;00048;00126;00159;00188,9.0
1113,Martha Argerich,05169,05191,Mitsuko Uchida,00329;00969;02759;05170;05198,8.0
1113,Martha Argerich,05171,05191,Mitsuko Uchida,00329;00969;02759;05170;05198,2.0
1113,Daniel Barenboim,05175,05193,Mitsuko Uchida,00309;02517;02526;02530;02538,15.0
1113,Claudio Arrau,05180,05189,Friedrich Gulda,00322;00331;00397;00405;00411,6.0
1113,Claudio Arrau,05182,05189,Friedrich Gulda,00322;00331;00397;00405;00411,5.0
1113,Glenn Gould,05183,05193,Mitsuko Uchida,01770;02200;02408;02531;02557,13.0
1113,Glenn Gould,05184,05193,Mitsuko Uchida,01770;02200;02408;02531;02557,14.0
1113,Alicia de Larrocha,05185,05185,Alicia de Larrocha,00974;01006;01053;01127;02765,1.0
1113,Alicia de Larrocha,05186,05185,Alicia de Larrocha,00974;01006;01053;01127;02765,8.0
1113,Alfred Brendel,05188,05185,Alicia de Larrocha,00310;00975;01128;03928;03939,9.0
1113,Friedrich Gulda,05189,05166,András Schiff,02410;02766;03023;03061;03071,2.0
1113,Mitsuko Uchida,05191,05185,Alicia de Larrocha,00983;03829;03954;04009;04334,5.0
1113,Mitsuko Uchida,05193,05185,Alicia de Larrocha,00983;03829;03954;04009;04334,4.0
1115,András Schiff,05165,05167,Vladimir Ashkenazy,00991;01766;01923;02196;02404,6.0
1115,Vladimir Ashkenazy,05167,05192,Mitsuko Uchida,00034;00048;00126;00159;00188,2.0
1115,Martha Argerich,05170,05187,Alfred Brendel,00329;00969;02759;05169;05198,13.0
1115,Claudio Arrau,05179,05190,Mitsuko Uchida,00322;00331;00397;00405;00411,13.0
