composition_id,track,slow_perf,fast_perf,slow_artist,fast_artist,tempo_residual_gap
1067,"Keyboard Sonata in C Major, Hob.XVI:48: I. Andante con espressione",04932,04936,Vladimir Horowitz,Emanuel Ax,1.9948832270483852
1068,"Piano Sonata in C Major, Hob.XVI: 48: 2. Rondo (Presto)",04942,04941,Alfred Brendel,Glenn Gould,2.4433342548715293
1113,"Piano Sonata No. 18 in D, K.576: 3. Allegretto",05175,05189,Daniel Barenboim,Friedrich Gulda,2.1600744733977235
1115,"Piano Sonata No. 18 in D, K.576: 1. Allegro",05181,05170,Claudio Arrau,Martha Argerich,1.8152953102819085
1116,"Piano Sonata No.12 in F, K.332: 3. Allegro assai",05237,05276,Alfred Brendel,Robert Casadesus,1.73593986879735
1117,"Piano Sonata No.12 in F, K.332: 2. Adagio",05248,05263,Claudio Arrau,Mikhail Pletnev,1.957196151571627
1118,"Piano Sonata No.12 in F, K.332: 1. Allegro",05269,05275,Alicia de Larrocha,Robert Casadesus,2.276073702827201
1122,"Piano Sonata No. 13 in B flat, K.333: 3. Allegretto grazioso",05298,05294,Claudio Arrau,Vladimir Horowitz,1.812414159111452
1127,"Piano Sonata No. 5 in G Major, K. 283: 2. Andante",05334,05341,Claudio Arrau,Ivo Pogorelich,2.109438952348594
1129,"Piano Sonata No. 9 in D, K.311: 3. Rondeau (Allegro)",05356,05361,Claudio Arrau,Alicia de Larrocha,2.0719909972361723
