label,layer,coordinate,eta_squared,permutation_p,works,bh_q
composer,raw,raw_tempo_mean,0.05800397573878601,0.11,225,0.12486486486486487
composer,raw,raw_tempo_range,0.4911964871700832,0.002,225,0.0030545454545454548
composer,raw,raw_rubato_abs,0.5929009267657797,0.002,225,0.0030545454545454548
composer,raw,raw_rubato_range,0.4911964871700832,0.002,225,0.0030545454545454548
composer,raw,raw_dynamics_mean,0.28940710555437055,0.002,225,0.0030545454545454548
composer,raw,raw_dynamics_range,0.6709997032060905,0.002,225,0.0030545454545454548
composer,raw,raw_articulation_mean,0.17381626820613238,0.002,225,0.0030545454545454548
composer,raw,raw_articulation_range,0.4245411297319781,0.002,225,0.0030545454545454548
composer,raw,raw_pedal_depth_mean,0.4765545571232494,0.002,225,0.0030545454545454548
composer,raw,raw_pedal_depth_range,0.12423871713261554,0.004,225,0.006
composer,raw,raw_pedal_down_ratio_mean,0.5193218156795983,0.002,225,0.0030545454545454548
composer,raw,raw_pedal_down_ratio_range,0.218446639778587,0.002,225,0.0030545454545454548
composer,raw,raw_pedal_changes_mean,0.06457396806554122,0.076,225,0.08991549295774647
composer,raw,raw_pedal_changes_range,0.06870245347988177,0.06,225,0.072
composer,relative,relative_tempo_mean,0.0148572703769901,0.9,225,0.9040000000000001
composer,relative,relative_tempo_range,0.49542930446539996,0.002,225,0.0030545454545454548
composer,relative,relative_rubato_abs,0.49599313231784353,0.002,225,0.0030545454545454548
composer,relative,relative_rubato_range,0.5107029658797189,0.002,225,0.0030545454545454548
composer,relative,relative_dynamics_mean,0.03867952068828642,0.394,225,0.4085925925925926
composer,relative,relative_dynamics_range,0.44133654316446363,0.002,225,0.0030545454545454548
composer,relative,relative_articulation_mean,0.10089678283867615,0.012,225,0.016
composer,relative,relative_articulation_range,0.22680179743164303,0.002,225,0.0030545454545454548
composer,relative,relative_pedal_depth_mean,0.08696929769175177,0.014,225,0.018092307692307692
composer,relative,relative_pedal_depth_range,0.10423474594220637,0.008,225,0.011016393442622952
composer,relative,relative_pedal_down_ratio_mean,0.2481175946123298,0.002,225,0.0030545454545454548
composer,relative,relative_pedal_down_ratio_range,0.37696783148123447,0.002,225,0.0030545454545454548
composer,relative,relative_pedal_changes_mean,0.1577727155503193,0.002,225,0.0030545454545454548
composer,relative,relative_pedal_changes_range,0.13906455124904327,0.002,225,0.0030545454545454548
composer,norm,norm_tempo_mean,0.04911966317586853,0.25,225,0.2625
composer,norm,norm_tempo_range,0.07500364797013126,0.102,225,0.11736986301369863
composer,norm,norm_rubato_abs,0.055965938487197935,0.216,225,0.23261538461538458
composer,norm,norm_rubato_range,0.06998560515122912,0.116,225,0.12821052631578947
composer,norm,norm_dynamics_mean,0.05221555791429982,0.228,225,0.24243037974683546
composer,norm,norm_dynamics_range,0.13038353604845182,0.002,225,0.0030545454545454548
composer,norm,norm_articulation_mean,0.06369384514754568,0.192,225,0.20945454545454545
composer,norm,norm_articulation_range,0.13534995876769593,0.006,225,0.008689655172413793
composer,norm,norm_pedal_depth_mean,0.09330976885423639,0.008,225,0.011016393442622952
composer,norm,norm_pedal_depth_range,0.18671689091186222,0.002,225,0.0030545454545454548
composer,norm,norm_pedal_down_ratio_mean,0.30624936625193,0.002,225,0.0030545454545454548
composer,norm,norm_pedal_down_ratio_range,0.32350557793285495,0.002,225,0.0030545454545454548
composer,norm,norm_pedal_changes_mean,0.12383502346289114,0.002,225,0.0030545454545454548
composer,norm,norm_pedal_changes_range,0.18295657642421687,0.002,225,0.0030545454545454548
era,raw,raw_tempo_mean,0.044895555993903796,0.044,233,0.05516417910447761
era,raw,raw_tempo_range,0.45458359915945573,0.002,233,0.0030545454545454548
era,raw,raw_rubato_abs,0.5453248539566933,0.002,233,0.0030545454545454548
era,raw,raw_rubato_range,0.4545835991594557,0.002,233,0.0030545454545454548
era,raw,raw_dynamics_mean,0.2060553627645441,0.002,233,0.0030545454545454548
era,raw,raw_dynamics_range,0.6364510192352625,0.002,233,0.0030545454545454548
era,raw,raw_articulation_mean,0.16021068792145246,0.002,233,0.0030545454545454548
era,raw,raw_articulation_range,0.4032795768021292,0.002,233,0.0030545454545454548
era,raw,raw_pedal_depth_mean,0.4848640765396438,0.002,233,0.0030545454545454548
era,raw,raw_pedal_depth_range,0.06588619392066275,0.008,233,0.011016393442622952
era,raw,raw_pedal_down_ratio_mean,0.5262968064508347,0.002,233,0.0030545454545454548
era,raw,raw_pedal_down_ratio_range,0.21033098738741754,0.002,233,0.0030545454545454548
era,raw,raw_pedal_changes_mean,0.05485140931002066,0.014,233,0.018092307692307692
era,raw,raw_pedal_changes_range,0.06911482542113884,0.002,233,0.0030545454545454548
era,relative,relative_tempo_mean,0.006439691842697426,0.904,233,0.9040000000000001
era,relative,relative_tempo_range,0.4760460698336107,0.002,233,0.0030545454545454548
era,relative,relative_rubato_abs,0.46656124205348526,0.002,233,0.0030545454545454548
era,relative,relative_rubato_range,0.49192653998780655,0.002,233,0.0030545454545454548
era,relative,relative_dynamics_mean,0.01863239186735086,0.51,233,0.5224390243902439
era,relative,relative_dynamics_range,0.41738422055227353,0.002,233,0.0030545454545454548
era,relative,relative_articulation_mean,0.07816363438622008,0.006,233,0.008689655172413793
era,relative,relative_articulation_range,0.2123172773087106,0.002,233,0.0030545454545454548
era,relative,relative_pedal_depth_mean,0.0902749181636264,0.002,233,0.0030545454545454548
era,relative,relative_pedal_depth_range,0.09030408615711573,0.002,233,0.0030545454545454548
era,relative,relative_pedal_down_ratio_mean,0.2433944931789412,0.002,233,0.0030545454545454548
era,relative,relative_pedal_down_ratio_range,0.370356272404202,0.002,233,0.0030545454545454548
era,relative,relative_pedal_changes_mean,0.1536913385356802,0.002,233,0.0030545454545454548
era,relative,relative_pedal_changes_range,0.13479857928176833,0.002,233,0.0030545454545454548
era,norm,norm_tempo_mean,0.04532015463765929,0.1,233,0.11666666666666667
era,norm,norm_tempo_range,0.06856007465005097,0.012,233,0.016
era,norm,norm_rubato_abs,0.053492703640889976,0.056,233,0.06817391304347825
era,norm,norm_rubato_range,0.06013273308912764,0.016,233,0.020363636363636365
era,norm,norm_dynamics_mean,0.03973698755732547,0.112,233,0.12544
era,norm,norm_dynamics_range,0.1295438829262429,0.002,233,0.0030545454545454548
era,norm,norm_articulation_mean,0.05470420917335964,0.054,233,0.06670588235294117
era,norm,norm_articulation_range,0.14058214169102673,0.002,233,0.0030545454545454548
era,norm,norm_pedal_depth_mean,0.09736981436618693,0.002,233,0.0030545454545454548
era,norm,norm_pedal_depth_range,0.1347690010280346,0.002,233,0.0030545454545454548
era,norm,norm_pedal_down_ratio_mean,0.2976742284034924,0.002,233,0.0030545454545454548
era,norm,norm_pedal_down_ratio_range,0.3042467627822438,0.002,233,0.0030545454545454548
era,norm,norm_pedal_changes_mean,0.11553787632115448,0.002,233,0.0030545454545454548
era,norm,norm_pedal_changes_range,0.15741109200235703,0.002,233,0.0030545454545454548
