composition_id,perf_id,rank_spearman,top1_unchanged
1067,04932,1.0,1
1067,04933,1.0,1
1067,04934,1.0,1
1067,04935,1.0,1
1067,04936,1.0,1
1068,04937,0.9999999999999999,1
1068,04940,0.8999999999999998,1
1068,04941,0.9999999999999999,1
1068,04942,0.9999999999999999,1
1068,04943,0.8999999999999998,1
1068,04944,0.8999999999999998,1
1113,05166,0.7318681318681319,1
1113,05168,0.7714285714285714,0
1113,05169,0.9340659340659341,1
1113,05171,0.9120879120879121,1
1113,05175,0.5648351648351648,1
1113,05180,0.621978021978022,1
1113,05182,0.7802197802197802,1
1113,05183,0.47252747252747257,1
1113,05184,0.5560439560439561,1
1113,05185,0.767032967032967,1
1113,05186,0.7758241758241758,1
1113,05188,0.7098901098901099,0
1113,05189,0.3274725274725274,0
1113,05191,0.7802197802197802,0
1113,05193,0.8945054945054945,1
1115,05165,0.9824175824175824,1
1115,05167,0.9516483516483516,1
1115,05170,0.9604395604395607,1
1115,05179,0.9648351648351648,1
1115,05181,1.0,1
1115,05187,0.9868131868131869,1
1115,05190,0.9384615384615385,0
1115,05192,0.9824175824175824,1
1115,05221,0.9648351648351648,1
1115,05225,0.9956043956043955,1
1115,05226,0.9692307692307693,0
1115,05229,0.9956043956043955,1
1115,05230,0.956043956043956,1
1115,05231,0.9868131868131869,1
1115,05232,0.9516483516483516,1
1116,05233,0.9047619047619048,1
1116,05234,0.9285714285714287,1
1116,05235,0.9047619047619048,1
1116,05236,0.9285714285714287,1
1116,05237,1.0,1
1116,05240,0.9761904761904763,0
1116,05241,0.5476190476190477,1
1116,05274,0.880952380952381,1
1116,05276,0.9047619047619048,1
1117,05243,0.7307692307692307,0
1117,05244,0.8186813186813187,0
1117,05248,0.7692307692307693,1
1117,05249,0.7637362637362637,1
1117,05250,0.7857142857142857,1
1117,05251,0.8626373626373626,1
1117,05252,0.6923076923076923,0
1117,05253,0.8351648351648352,1
1117,05254,0.8021978021978022,1
1117,05256,0.7637362637362637,0
1117,05257,0.7252747252747254,0
1117,05261,0.8406593406593407,1
1117,05262,0.7307692307692307,1
1117,05263,0.7197802197802198,1
1118,05266,0.9333333333333332,1
1118,05267,0.9500000000000001,1
1118,05268,0.8833333333333333,1
1118,05269,0.9666666666666667,1
1118,05270,0.9666666666666667,1
1118,05271,0.9833333333333333,1
1118,05273,0.9500000000000001,0
1118,05275,0.8833333333333333,1
1118,05277,0.9833333333333333,1
1118,05278,0.9666666666666667,1
1122,05294,0.8214285714285715,1
1122,05295,1.0,1
1122,05296,0.9642857142857145,1
1122,05297,0.8571428571428573,1
1122,05298,0.9285714285714288,1
1122,05299,0.9642857142857145,1
1122,05300,0.7857142857142859,1
1122,05302,0.8928571428571429,1
1125,05315,0.5,0
1125,05316,1.0,1
1125,05317,1.0,1
1125,05322,1.0,1
1127,05330,0.39999999999999997,1
1127,05334,1.0,1
1127,05336,1.0,1
1127,05339,1.0,1
1127,05341,1.0,1
1129,05353,0.9720279720279721,1
1129,05354,0.8461538461538463,1
1129,05355,0.9230769230769231,0
1129,05356,0.965034965034965,1
1129,05357,0.965034965034965,1
1129,05358,0.9510489510489512,1
1129,05359,0.9510489510489512,1
1129,05360,0.9510489510489512,1
1129,05361,0.9580419580419581,1
1129,05362,0.9510489510489512,1
1129,05363,0.9440559440559443,1
1129,05364,0.9580419580419581,1
1129,05365,0.965034965034965,1
1130,05366,0.8060606060606059,1
1130,05367,0.8787878787878788,1
1130,05370,0.9757575757575757,0
1130,05371,0.9878787878787878,1
1130,05372,0.9999999999999999,1
1130,05374,0.38181818181818183,0
1130,05375,0.9999999999999999,1
1130,05376,0.9878787878787878,1
1130,05377,0.9878787878787878,1
1130,05381,0.9999999999999999,1
1130,05382,0.9757575757575757,1
1131,05385,0.9727272727272729,1
1131,05390,0.990909090909091,1
1131,05391,0.9818181818181818,0
1131,05394,1.0,1
1131,05395,0.9636363636363637,1
1131,05396,1.0,1
1131,05397,0.9454545454545454,1
1131,05398,0.6727272727272727,0
1131,05399,0.9636363636363637,1
1131,05401,0.9818181818181818,1
1131,05402,0.990909090909091,1
1131,05403,0.8545454545454546,1
1132,05407,1.0,1
1132,05410,1.0,1
1132,05411,0.8571428571428573,1
1132,05412,0.9642857142857145,1
1132,05414,1.0,1
1132,05415,1.0,1
1132,05417,1.0,1
1132,05418,0.9642857142857145,1
1133,05428,0.9571428571428571,1
1133,05429,0.9607142857142855,1
1133,05430,0.9678571428571429,0
1133,05433,0.8714285714285712,1
1133,05435,0.9607142857142855,0
1133,05436,0.6607142857142856,1
1133,05437,0.7785714285714285,1
1133,05438,0.9607142857142855,1
1133,05439,0.9428571428571427,1
1133,05440,0.9571428571428571,1
1133,05441,0.9214285714285713,1
1133,05443,0.6714285714285713,0
1133,05444,0.9749999999999999,0
1133,05445,0.9714285714285713,1
1133,05446,0.8964285714285712,1
1133,05447,0.8749999999999999,1
1142,05531,0.7999999999999999,1
1142,05533,0.7999999999999999,0
1142,05535,0.8999999999999998,1
1142,05536,0.8999999999999998,1
1142,05537,0.9999999999999999,1
1142,05540,0.8999999999999998,0
1143,05542,0.942857142857143,0
1143,05543,0.8285714285714287,1
1143,05544,0.8285714285714287,1
1143,05545,0.8285714285714287,1
1143,05546,0.7714285714285715,0
1143,05547,0.942857142857143,0
1143,05548,0.4285714285714286,1
1145,05559,0.9285714285714288,1
1145,05560,0.6785714285714287,1
1145,05561,0.7500000000000002,1
1145,05562,0.8928571428571429,1
1145,05563,0.7500000000000002,1
1145,05564,0.6785714285714287,1
1145,05566,0.8928571428571429,1
1145,05567,0.7857142857142859,1
1147,05583,0.9999999999999999,1
1147,05584,0.9999999999999999,1
1147,05587,0.3,0
1147,05588,0.9999999999999999,1
1147,05589,0.9999999999999999,1
1147,05590,0.7999999999999999,1
1148,05594,0.6428571428571429,1
1148,05595,0.5714285714285715,1
1148,05596,0.6904761904761906,0
1148,05599,0.1666666666666667,1
1148,05602,0.6190476190476191,0
1148,05603,0.7142857142857144,0
1148,05606,0.6904761904761906,1
1148,05607,0.6190476190476191,1
1148,05609,0.7857142857142858,0
1151,05650,0.9964285714285712,1
1151,05652,0.9607142857142855,0
1151,05655,0.9714285714285713,0
1151,05656,0.9607142857142855,1
1151,05657,0.9678571428571429,1
1151,05658,0.9285714285714284,1
1151,05659,0.9357142857142854,1
1151,05660,0.9892857142857142,1
1151,05661,0.9857142857142854,1
1151,05662,0.9642857142857141,1
1151,05663,0.9285714285714284,1
1151,05665,0.9642857142857141,1
1151,05667,0.9749999999999999,1
1151,05668,0.982142857142857,1
1151,05669,0.9928571428571428,1
1151,05670,0.9642857142857141,1
1152,05674,0.8272162619988708,1
1152,05675,0.7673630717108978,1
1152,05676,0.9435347261434219,1
1152,05679,0.9740259740259741,0
1152,05681,0.8159232072275552,1
1152,05682,0.8046301524562395,1
1152,05683,0.9695087521174479,1
1152,05684,0.9864483342744214,1
1152,05685,0.9920948616600791,1
1152,05686,0.9875776397515529,1
1152,05687,0.9570863918690007,1
1152,05688,0.9887069452286844,1
1152,05689,0.9954827780914738,1
1152,05690,0.9875776397515529,1
1152,05691,0.9559570863918693,0
1152,05693,0.9695087521174479,1
1152,05694,0.989836250705816,1
1152,05695,0.9841897233201583,1
1152,05696,0.9728966685488425,1
1152,05700,0.8961038961038963,1
1152,05701,0.9728966685488425,1
1152,05702,0.9785431959345003,1
1152,05703,0.9604743083003954,1
1153,05708,0.7417582417582418,1
1153,05709,0.8736263736263737,1
1153,05711,0.9505494505494506,1
1153,05713,0.9725274725274725,1
1153,05714,0.945054945054945,1
1153,05715,0.901098901098901,1
1153,05718,0.9780219780219779,1
1153,05719,0.8846153846153846,1
1153,05720,0.9065934065934067,0
1153,05723,0.9560439560439561,1
1153,05724,0.8076923076923077,0
1153,05726,0.9560439560439561,1
1153,05727,0.9120879120879121,1
1153,05734,0.9615384615384615,0
1160,05779,1.0,1
1160,05780,1.0,1
1160,05781,1.0,1
1160,05782,0.7999999999999999,1
1160,05785,1.0,1
1161,05196,0.8941176470588235,1
1161,05197,0.8117647058823528,1
1161,05198,0.7411764705882353,1
1161,05199,0.7235294117647059,1
1161,05203,0.6764705882352942,1
1161,05206,0.95,1
1161,05207,0.0029411764705882353,0
1161,05208,0.961764705882353,1
1161,05210,0.75,1
1161,05211,0.6794117647058824,1
1161,05212,0.8294117647058824,1
1161,05213,0.9823529411764707,1
1161,05214,0.9352941176470588,1
1161,05215,0.6558823529411765,1
1161,05216,0.9264705882352942,1
1161,05217,0.7617647058823529,1
1161,05220,0.7294117647058823,0
1162,05787,1.0,1
1162,05788,0.942857142857143,1
1162,05790,0.942857142857143,1
1162,05791,0.942857142857143,1
1162,05792,0.8285714285714287,1
1162,05793,1.0,1
1162,05795,0.48571428571428577,1
1163,05798,1.0,1
1163,05799,1.0,1
1163,05800,1.0,1
1163,05801,1.0,1
1163,05802,1.0,1
1164,05807,1.0,1
1164,05808,1.0,1
1164,05809,1.0,1
1164,05810,1.0,1
1166,05847,0.9441707717569787,0
1166,05848,0.9408866995073891,0
1166,05851,0.9567597153804049,0
1166,05852,0.960591133004926,1
1166,05854,0.9474548440065682,1
1166,05856,0.9627805145046523,1
1166,05857,0.8325123152709359,1
1166,05858,0.9376026272577997,0
1166,05860,0.8949096880131362,1
1166,05861,0.967159277504105,1
1166,05863,0.9178981937602627,0
1166,05865,0.926655719759168,1
1166,05866,0.9414340448823207,0
1166,05867,0.9540229885057472,1
1166,05868,0.9529282977558841,1
1166,05869,0.9704433497536945,1
1166,05870,0.9392446633825944,1
1166,05871,0.9058565955117679,1
1166,05872,0.9414340448823207,0
1166,05873,0.9562123700054733,0
1166,05874,0.30487137383689106,0
1166,05876,0.9282977558839628,0
1166,05878,0.9250136836343732,0
1166,05879,0.9064039408866994,1
1166,05882,0.9512862616310892,0
1166,05883,0.9655172413793103,1
1166,05885,0.9436234263820471,1
1166,05887,0.8949096880131362,0
1166,05890,0.9332238642583469,1
1167,05894,0.9846774193548389,1
1167,05895,0.9895161290322582,0
1167,05896,0.9560483870967743,1
1167,05900,0.9907258064516131,1
1167,05901,0.7770161290322581,0
1167,05903,0.9891129032258066,1
1167,05904,0.9895161290322582,1
1167,05905,0.9375000000000001,1
1167,05906,0.903225806451613,0
1167,05908,0.9250000000000002,0
1167,05910,0.9907258064516131,1
1167,05912,0.9866935483870969,1
1167,05913,0.9737903225806454,1
1167,05914,0.9842741935483872,1
1167,05915,0.9907258064516131,1
1167,05916,0.976209677419355,1
1167,05917,0.9939516129032261,1
1167,05918,0.9653225806451613,0
1167,05919,0.9673387096774194,1
1167,05920,0.9907258064516131,1
1167,05921,0.983467741935484,1
1167,05923,0.918951612903226,1
1167,05925,0.9955645161290323,1
1167,05926,0.9911290322580646,1
1167,05927,0.9487903225806453,1
1167,05928,0.9580645161290324,1
1167,05930,0.9818548387096776,1
1167,05931,0.9899193548387097,1
1167,05933,0.9697580645161292,0
1167,05934,0.9625000000000001,1
1167,05938,0.9798387096774195,1
1167,05939,0.9786290322580646,1
1168,05943,0.9792008757525997,1
1168,05944,0.9102353585112206,1
1168,05945,0.8801313628899835,1
1168,05949,0.9633278598795839,0
1168,05950,0.7361795292829775,0
1168,05952,0.9195402298850575,0
1168,05953,0.8461959496442255,0
1168,05954,0.8620689655172413,1
1168,05955,0.7969348659003832,1
1168,05957,0.8412698412698413,1
1168,05958,0.9490968801313627,1
1168,05959,0.9863163656267103,1
1168,05961,0.9808429118773946,1
1168,05962,0.8910782703886152,1
1168,05963,0.9584017515051997,1
1168,05964,0.9441707717569787,1
1168,05965,0.9047619047619048,1
1168,05966,0.9474548440065682,1
1168,05967,0.9436234263820471,1
1168,05968,0.9627805145046523,1
1168,05969,0.8527640941434045,1
1168,05970,0.9458128078817735,1
1168,05972,0.9365079365079365,1
1168,05973,0.8954570333880678,1
1168,05974,0.9436234263820471,1
1168,05975,0.9682539682539683,1
1168,05977,0.8461959496442255,0
1168,05978,0.9408866995073891,1
1168,05980,0.9545703338806788,1
116,00396,0.39999999999999997,0
116,00397,1.0,1
116,00398,1.0,1
116,00399,1.0,1
116,00400,1.0,1
1175,06029,0.8893280632411068,1
1175,06030,0.9278656126482213,1
1175,06031,0.9209486166007905,1
1175,06032,0.9021739130434783,1
1175,06033,0.9515810276679842,0
1175,06034,0.9258893280632412,1
1175,06035,0.9130434782608695,1
1175,06037,0.9604743083003953,0
1175,06038,0.9683794466403162,1
1175,06039,0.9713438735177865,1
1175,06040,0.9594861660079053,1
1175,06041,0.8992094861660079,1
1175,06042,0.8853754940711462,1
1175,06043,0.950592885375494,1
1175,06047,0.83399209486166,1
1175,06048,0.9565217391304348,1
1175,06049,0.9496047430830039,1
1175,06050,0.1808300395256917,0
1175,06052,0.9288537549407114,1
1175,06053,0.9713438735177865,1
1175,06055,0.9525691699604744,1
1175,06056,0.900197628458498,0
1175,06057,0.9328063241106721,1
1175,06059,0.8893280632411068,1
1176,06061,0.948529411764706,1
1176,06062,0.9926470588235295,1
1176,06063,0.9730392156862747,1
1176,06064,0.965686274509804,1
1176,06067,0.9901960784313727,1
1176,06068,0.982843137254902,1
1176,06069,0.982843137254902,0
1176,06070,0.965686274509804,1
1176,06071,0.9975490196078433,1
1176,06072,0.9950980392156863,1
1176,06073,0.9926470588235295,1
1176,06077,0.982843137254902,1
1176,06078,0.9975490196078433,1
1176,06079,0.9975490196078433,1
1176,06082,0.9803921568627453,1
1176,06083,0.9534313725490198,1
1176,06085,0.8333333333333335,1
1176,06086,0.9509803921568628,1
1177,06093,0.9218045112781955,0
1177,06099,0.9503759398496241,1
1177,06100,0.9488721804511278,0
1177,06101,0.9639097744360902,1
1177,06102,0.9609022556390976,0
1177,06103,0.9894736842105262,1
1177,06104,0.9819548872180449,1
1177,06105,0.9248120300751879,1
1177,06113,0.9744360902255638,1
1177,06114,0.9744360902255638,1
1177,06115,0.9398496240601503,1
1177,06117,0.9293233082706768,1
1177,06120,0.9458646616541352,1
1177,06122,0.9654135338345864,1
1177,06123,0.9729323308270676,1
1177,06124,0.9669172932330825,1
1177,06127,0.9654135338345864,1
1177,06128,0.9353383458646616,1
1177,06130,0.875187969924812,0
1177,06133,0.9533834586466164,1
1177,06134,0.9518796992481202,1
1178,06138,0.9614035087719298,1
1178,06142,0.9052631578947368,1
1178,06143,0.9263157894736841,1
1178,06144,0.980701754385965,1
1178,06145,0.8122807017543859,1
1178,06146,0.9701754385964911,1
1178,06147,0.9210526315789472,1
1178,06148,0.9912280701754386,1
1178,06151,0.9543859649122807,0
1178,06152,0.9333333333333333,0
1178,06153,0.980701754385965,1
1178,06156,0.9789473684210527,1
1178,06157,0.9578947368421052,1
1178,06158,0.9771929824561404,1
1178,06159,0.9631578947368421,1
1178,06160,0.9842105263157893,1
1178,06161,0.9333333333333333,1
1178,06162,0.9666666666666668,1
1178,06165,0.9684210526315788,1
1178,06166,0.9596491228070174,1
1179,06172,0.9458646616541352,1
1179,06178,0.9759398496240601,1
1179,06179,0.9413533834586465,1
1179,06180,0.9954887218045112,1
1179,06182,0.9458646616541352,1
1179,06183,0.9624060150375938,1
1179,06184,0.9969924812030074,1
1179,06185,0.9548872180451128,0
1179,06190,0.9834586466165413,1
1179,06191,0.9804511278195487,1
1179,06192,0.9894736842105262,1
1179,06194,0.9789473684210527,1
1179,06195,0.9759398496240601,1
1179,06197,0.9864661654135337,1
1179,06198,0.9864661654135337,1
1179,06199,0.9714285714285714,1
1179,06202,0.9413533834586465,1
1179,06203,0.8721804511278194,0
1179,06205,0.9879699248120299,1
1179,06208,0.9804511278195487,1
1179,06209,0.9804511278195487,1
117,00401,1.0,1
117,00404,1.0,1
117,00405,1.0,1
117,00406,1.0,1
117,00407,1.0,1
117,00408,1.0,1
117,00409,0.8285714285714287,0
1180,06214,0.9623931623931624,1
1180,06220,0.9158974358974358,1
1180,06221,0.9528205128205127,1
1180,06222,0.9411965811965811,1
1180,06223,0.9685470085470086,1
1180,06225,0.9808547008547008,1
1180,06226,0.9678632478632478,0
1180,06227,0.9494017094017093,1
1180,06228,0.9733333333333332,0
1180,06233,0.9035897435897435,1
1180,06234,0.9179487179487179,1
1180,06235,0.9829059829059829,1
1180,06236,0.9705982905982906,1
1180,06237,0.995213675213675,1
1180,06239,0.9343589743589744,0
1180,06240,0.9699145299145299,1
1180,06241,0.9521367521367521,1
1180,06242,0.9603418803418803,1
1180,06244,0.9425641025641024,1
1180,06245,0.9377777777777777,1
1180,06246,0.9767521367521367,1
1180,06249,0.9644444444444444,1
1180,06250,0.8119658119658119,0
1180,06252,0.9234188034188033,1
1180,06254,0.9377777777777777,1
1180,06255,0.8892307692307693,0
1180,06256,0.8974358974358974,0
1182,06276,1.0,1
1182,06277,0.942857142857143,1
1182,06278,1.0,1
1182,06284,1.0,1
1182,06285,1.0,1
1182,06286,1.0,1
1182,06287,1.0,1
1183,06304,1.0,1
1183,06309,0.7999999999999999,1
1183,06310,1.0,1
1183,06313,1.0,1
1183,06315,1.0,1
1186,06354,0.9558823529411765,0
1186,06364,0.9534313725490198,1
1186,06374,0.7549019607843138,1
1186,06377,0.9681372549019608,1
1186,06379,0.8848039215686275,1
1186,06381,0.9632352941176472,1
1186,06383,0.9779411764705883,1
1186,06384,0.9926470588235295,1
1186,06385,0.9681372549019608,1
1186,06386,0.9534313725490198,1
1186,06387,0.9730392156862747,1
1186,06388,0.9632352941176472,1
1186,06389,0.965686274509804,1
1186,06390,0.9534313725490198,1
1186,06391,0.9705882352941178,1
1186,06392,0.9754901960784315,1
1186,06393,0.965686274509804,1
1186,06394,0.9019607843137255,1
1187,06398,0.9350649350649349,1
1187,06402,0.961038961038961,1
1187,06404,0.9805194805194805,1
1187,06405,0.9571428571428571,1
1187,06408,0.916883116883117,1
1187,06409,0.9597402597402598,0
1187,06410,0.9727272727272727,1
1187,06411,0.9415584415584415,1
1187,06412,0.9766233766233766,1
1187,06413,0.9753246753246754,1
1187,06414,0.9857142857142858,1
1187,06415,0.8844155844155844,1
1187,06416,0.9597402597402598,1
1187,06417,0.9571428571428571,1
1187,06418,0.9480519480519479,1
1187,06419,0.9779220779220777,1
1187,06420,0.9727272727272727,1
1187,06421,0.9207792207792208,1
1187,06422,0.9792207792207792,1
1187,06425,0.9467532467532468,0
1187,06427,0.9883116883116884,1
1187,06429,0.9805194805194805,1
1188,06431,0.9534313725490198,1
1188,06433,0.9803921568627453,1
1188,06435,0.9338235294117647,1
1188,06436,0.9558823529411765,1
1188,06437,0.8651960784313727,1
1188,06439,0.9534313725490198,1
1188,06440,0.9534313725490198,0
1188,06441,0.9191176470588237,1
1188,06442,0.9338235294117647,1
1188,06443,0.9607843137254902,0
1188,06444,0.911764705882353,1
1188,06446,0.9632352941176472,0
1188,06447,0.8946078431372549,1
1188,06448,0.8995098039215688,1
1188,06449,0.9583333333333335,0
1188,06452,0.911764705882353,0
1188,06453,0.9803921568627453,1
1188,06456,0.9338235294117647,0
1189,06458,0.9883116883116884,0
1189,06459,0.9818181818181818,1
1189,06460,0.9922077922077923,1
1189,06461,0.9870129870129869,1
1189,06462,0.9909090909090909,1
1189,06463,0.9870129870129869,1
1189,06464,0.9974025974025975,1
1189,06466,0.9818181818181818,1
1189,06467,0.9935064935064933,1
1189,06468,0.9948051948051948,1
1189,06469,0.9584415584415583,1
1189,06470,0.9818181818181818,1
1189,06471,0.9909090909090909,1
1189,06472,0.9805194805194805,1
1189,06475,0.9649350649350649,1
1189,06476,0.9805194805194805,1
1189,06477,0.9844155844155844,1
1189,06478,0.9766233766233766,1
1189,06481,0.9896103896103896,1
1189,06482,0.996103896103896,1
1189,06484,0.9779220779220777,1
1189,06486,0.9870129870129869,1
118,00410,0.6,1
118,00411,1.0,1
118,00412,1.0,1
118,00413,0.942857142857143,1
118,00414,0.48571428571428577,1
118,00415,0.942857142857143,0
118,00416,0.8857142857142858,0
1190,06491,0.9772727272727272,1
1190,06493,0.9901185770750988,0
1190,06494,0.9407114624505929,1
1190,06495,0.9782608695652174,1
1190,06499,0.9881422924901186,1
1190,06500,0.9792490118577075,0
1190,06501,0.9930830039525691,1
1190,06503,0.9851778656126482,1
1190,06505,0.9851778656126482,1
1190,06506,0.9881422924901186,1
1190,06510,0.9555335968379446,1
1190,06511,0.9871541501976285,1
1190,06518,0.8725296442687748,1
1190,06519,0.9733201581027668,1
1190,06520,0.9407114624505929,1
1190,06523,0.991106719367589,1
1190,06524,0.9871541501976285,0
1190,06525,0.9920948616600791,1
1190,06526,0.9644268774703558,1
1190,06528,0.9664031620553359,1
1190,06529,0.9614624505928853,1
1190,06537,0.9960474308300397,1
1190,06538,0.9822134387351777,1
1190,06539,0.974308300395257,1
1194,06565,0.9029927760577915,0
1194,06589,0.8596491228070176,1
1194,06590,0.7729618163054695,1
1194,06591,0.8761609907120743,0
1194,06592,0.8369453044375645,1
1194,06596,0.9298245614035088,1
1194,06597,0.9050567595459237,1
1194,06599,0.8452012383900928,0
1194,06604,0.8080495356037152,0
1194,06605,0.8513931888544891,1
1194,06611,0.8575851393188855,1
1194,06612,0.653250773993808,0
1194,06613,0.8245614035087718,1
1194,06616,0.8348813209494325,1
1194,06617,0.8142414860681115,1
1194,06618,0.5459236326109391,0
1194,06619,0.8163054695562436,1
1194,06626,0.8513931888544891,1
1194,06627,0.8555211558307534,1
1196,06648,0.9333333333333332,1
1196,06649,0.9666666666666667,1
1196,06650,0.9666666666666667,1
1196,06651,0.7333333333333334,0
1196,06653,1.0,1
1196,06654,0.9833333333333333,1
1196,06655,0.9500000000000001,1
1196,06656,1.0,1
1196,06657,0.9166666666666666,0
1196,06658,1.0,1
1198,06674,0.3,0
1198,06675,0.8999999999999998,1
1198,06676,0.7999999999999999,0
1198,06679,0.49999999999999994,0
1198,06681,0.8999999999999998,0
1198,06682,0.9999999999999999,1
119,00417,1.0,1
119,00418,1.0,1
119,00419,1.0,1
119,00420,1.0,1
1200,06694,0.9757575757575757,1
1200,06696,0.9272727272727272,0
1200,06697,0.8545454545454544,1
1200,06698,0.9636363636363635,1
1200,06699,0.8545454545454544,0
1200,06703,0.8787878787878788,1
1200,06704,0.7575757575757575,1
1200,06706,0.8424242424242423,1
1200,06710,0.8303030303030302,1
1200,06713,0.7454545454545454,0
1200,06716,0.9030303030303028,1
1202,06738,0.9642857142857145,1
1202,06739,0.9642857142857145,1
1202,06740,0.8571428571428573,0
1202,06741,0.9642857142857145,1
1202,06742,0.9642857142857145,0
1202,06743,0.9642857142857145,1
1202,06748,0.9642857142857145,0
1202,06749,0.9642857142857145,1
1203,06752,0.8833333333333333,1
1203,06753,0.8833333333333333,1
1203,06755,0.7333333333333334,1
1203,06756,0.9333333333333332,0
1203,06757,0.6333333333333333,0
1203,06758,0.9500000000000001,1
1203,06759,0.9666666666666667,1
1203,06763,0.5,0
1203,06766,0.8666666666666667,1
1203,06767,0.9166666666666666,1
1207,06806,0.9370552818828681,1
1207,06807,0.983032293377121,1
1207,06808,0.9813902572523261,1
1207,06809,0.9912424740010948,1
1207,06810,0.9786535303776682,1
1207,06811,0.9879584017515052,1
1207,06813,0.9726327312534209,1
1207,06817,0.9885057471264367,1
1207,06818,0.9660645867542419,1
1207,06819,0.9824849480021893,1
1207,06820,0.9950738916256158,1
1207,06821,0.986863711001642,0
1207,06822,0.9616858237547894,1
1207,06825,0.9928845101258894,1
1207,06826,0.9901477832512315,1
1207,06827,0.9896004378762999,1
1207,06828,0.9928845101258894,1
1207,06829,0.986863711001642,0
1207,06831,0.9923371647509577,1
1207,06837,0.9874110563765736,1
1207,06838,0.9912424740010948,1
1207,06839,0.9879584017515052,1
1207,06840,0.9693486590038315,1
1207,06841,0.9792008757525997,1
1207,06843,0.986863711001642,1
1207,06844,0.980295566502463,1
1207,06846,0.7536945812807883,1
1207,06849,0.9819376026272578,1
1207,06850,0.9764641488779421,1
1208,06851,0.9297924297924297,1
1208,06855,0.9511599511599511,1
1208,06856,0.9798534798534798,1
1208,06857,0.9835164835164836,1
1208,06858,0.984126984126984,1
1208,06859,0.9645909645909645,0
1208,06861,0.9529914529914528,1
1208,06865,0.9548229548229549,1
1208,06866,0.8791208791208791,1
1208,06867,0.9517704517704517,1
1208,06868,0.9102564102564102,1
1208,06869,0.927960927960928,1
1208,06870,0.9719169719169719,1
1208,06872,0.9536019536019535,0
1208,06873,0.9511599511599511,1
1208,06874,0.9438339438339439,1
1208,06875,0.9383394383394383,1
1208,06876,0.9456654456654456,1
1208,06882,0.9462759462759464,1
1208,06884,0.8742368742368741,1
1208,06885,0.9804639804639804,0
1208,06886,0.984126984126984,1
1208,06887,0.9487179487179487,1
1208,06888,0.9584859584859584,1
1208,06889,0.9798534798534798,1
1208,06892,0.9627594627594628,1
1208,06893,0.905982905982906,1
1208,06894,0.9847374847374847,1
1209,06895,0.9256965944272446,0
1209,06896,0.9009287925696594,0
1209,06897,0.9628482972136224,1
1209,06898,0.9277605779153767,1
1209,06899,0.9607843137254902,1
1209,06900,0.9731682146542827,1
1209,06901,0.9174406604747163,0
1209,06902,0.890608875128999,1
1209,06903,0.9277605779153767,1
1209,06904,0.8617131062951496,1
1209,06905,0.8658410732714137,1
1209,06907,0.9236326109391124,1
1209,06908,0.954592363261094,1
1209,06909,0.9607843137254902,1
1209,06910,0.9380804953560371,1
1209,06913,0.9607843137254902,1
1209,06914,0.9607843137254902,1
1209,06916,0.9236326109391124,1
1209,06919,0.8431372549019607,0
120,00422,1.0,1
120,00423,0.6000000000000001,0
120,00424,0.6000000000000001,0
120,00425,0.7999999999999999,1
120,00426,1.0,1
1210,06920,0.8153846153846154,1
1210,06921,0.6967032967032967,1
1210,06922,0.8153846153846154,0
1210,06923,0.9516483516483516,1
1210,06924,0.7098901098901099,1
1210,06925,0.5736263736263736,0
1210,06926,0.6307692307692307,1
1210,06927,0.7054945054945055,1
1210,06928,0.7714285714285714,1
1210,06929,0.745054945054945,1
1210,06932,0.9032967032967033,1
1210,06933,0.8989010989010989,1
1210,06934,0.7098901098901099,1
1210,06936,0.9120879120879121,0
1210,06937,0.8241758241758241,1
1212,06968,0.9383458646616539,0
1212,06969,0.9533834586466164,1
1212,06970,0.9593984962406013,1
1212,06972,0.9458646616541352,1
1212,06973,0.8872180451127819,0
1212,06974,0.9699248120300751,1
1212,06975,0.8451127819548873,1
1212,06976,0.900751879699248,1
1212,06977,0.9533834586466164,1
1212,06978,0.8902255639097743,1
1212,06979,0.9368421052631578,1
1212,06980,0.9669172932330825,1
1212,06981,0.8661654135338346,1
1212,06983,0.9022556390977443,1
1212,06984,0.956390977443609,1
1212,06985,0.9639097744360902,1
1212,06986,0.918796992481203,1
1212,06989,0.9593984962406013,0
1212,06990,0.8796992481203006,1
1212,06992,0.9263157894736842,0
1212,06995,0.9834586466165413,1
1214,07041,0.8981090100111234,1
1214,07042,0.9590656284760846,1
1214,07044,0.8064516129032258,1
1214,07045,0.8135706340378197,1
1214,07048,0.9492769744160177,1
1214,07052,0.946607341490545,1
1214,07053,0.9666295884315905,1
1214,07057,0.9234705228031145,0
1214,07059,0.7948832035595106,0
1214,07060,0.9025583982202448,1
1214,07061,0.8642936596218019,0
1214,07064,0.9479421579532814,1
1214,07065,0.9688542825361514,1
1214,07066,0.9417130144605117,1
1214,07069,0.839377085650723,1
1214,07070,0.9635150166852057,0
1214,07071,0.9724137931034482,1
1214,07072,0.9746384872080088,1
1214,07073,0.9385984427141268,1
1214,07074,0.84293659621802,1
1214,07078,0.8375973303670745,1
1214,07080,0.9208008898776417,1
1214,07081,0.846496106785317,1
1214,07082,0.9030033370411568,1
1214,07083,0.9123470522803115,1
1214,07084,0.9652947719688543,1
1214,07087,0.9595105672969966,1
1214,07088,0.9185761957730811,1
1214,07089,0.9670745272525029,1
1214,07090,0.6315906562847609,1
1214,07094,0.9012235817575083,0
1215,07096,0.8721739130434782,1
1215,07097,0.9852173913043477,1
1215,07098,0.9199999999999999,0
1215,07099,0.9860869565217389,0
1215,07101,0.8347826086956521,1
1215,07104,0.9043478260869565,1
1215,07105,0.917391304347826,1
1215,07106,0.9930434782608695,1
1215,07110,0.9365217391304346,1
1215,07112,0.9026086956521738,1
1215,07113,0.9321739130434782,1
1215,07114,0.9478260869565217,0
1215,07116,0.9417391304347826,1
1215,07117,0.9582608695652173,1
1215,07120,0.9417391304347826,0
1215,07121,0.9043478260869565,0
1215,07122,0.9504347826086955,1
1215,07123,0.9208695652173912,1
1215,07128,0.7965217391304347,1
1215,07129,0.9104347826086956,1
1215,07130,0.9026086956521738,1
1215,07131,0.988695652173913,0
1215,07132,0.9634782608695651,1
1215,07133,0.6034782608695652,1
1215,07134,0.8652173913043478,1
1217,07159,0.9842105263157893,1
1217,07160,0.987719298245614,1
1217,07161,0.9964912280701754,1
1217,07162,0.9824561403508772,1
1217,07163,0.987719298245614,1
1217,07164,0.9947368421052631,1
1217,07165,0.987719298245614,1
1217,07166,0.9912280701754386,1
1217,07167,0.980701754385965,1
1217,07168,0.9912280701754386,1
1217,07169,0.9824561403508772,1
1217,07170,0.9947368421052631,1
1217,07171,0.9859649122807018,1
1217,07172,0.9859649122807018,1
1217,07173,0.9684210526315788,1
1217,07177,0.8736842105263157,1
1217,07179,0.9824561403508772,1
1217,07180,0.9912280701754386,0
1217,07182,0.9771929824561404,1
1217,07183,0.9631578947368421,1
121,00428,0.9285714285714288,1
121,00429,0.9642857142857145,1
121,00430,0.9642857142857145,1
121,00431,0.9285714285714288,0
121,00432,1.0,1
121,00433,0.9642857142857145,0
121,00434,1.0,1
121,00435,0.9285714285714288,0
1221,07232,0.9837837837837838,1
1221,07234,0.9742599742599743,1
1221,07236,0.9871299871299872,1
1221,07238,0.9863577863577865,1
1221,07239,0.9866151866151867,1
1221,07241,0.8936936936936938,1
1221,07242,0.9392535392535393,1
1221,07243,0.9145431145431145,1
1221,07244,0.9783783783783785,1
1221,07245,0.9817245817245818,1
1221,07246,0.9812097812097812,1
1221,07247,0.9747747747747749,1
1221,07248,0.9438867438867439,1
1221,07254,0.9886743886743887,1
1221,07256,0.9876447876447877,1
1221,07258,0.9655083655083655,1
1221,07259,0.9644787644787646,1
1221,07262,0.9853281853281853,1
1221,07263,0.9101673101673103,1
1221,07264,0.9894465894465894,1
1221,07267,0.984813384813385,1
1221,07269,0.9907335907335909,1
1221,07270,0.992792792792793,1
1221,07271,0.9935649935649937,1
1221,07272,0.9940797940797942,1
1221,07278,0.9487773487773489,1
1221,07279,0.9845559845559846,1
1221,07282,0.9822393822393823,0
1221,07283,0.9897039897039898,1
1221,07285,0.9783783783783785,1
1221,07288,0.9812097812097812,1
1221,07289,0.968854568854569,1
1221,07290,0.9724581724581726,1
1221,07295,0.9879021879021881,0
1221,07296,0.9897039897039898,0
1221,07297,0.9732303732303732,0
1221,07299,0.9438867438867439,0
1222,07302,0.9872075747274055,1
1222,07304,0.9903804991060413,0
1222,07306,0.9924957820251314,0
1222,07308,0.9928986930573395,1
1222,07309,0.990581954622145,1
1222,07310,0.9913374128075346,1
1222,07314,0.9929490569363653,1
1222,07315,0.991992143234872,1
1222,07316,0.9895746770416257,1
1222,07317,0.9904308629850671,1
1222,07318,0.990581954622145,1
1222,07319,0.9859484777517564,1
1222,07320,0.9863010249049382,1
1222,07321,0.987811941275717,1
1222,07323,0.9903301352270152,1
1222,07324,0.9909345017753268,1
1222,07325,0.9941074261539624,1
1222,07326,0.9939563345168845,1
1222,07327,0.9898264964367557,0
1222,07332,0.993301604089547,1
1222,07333,0.9792500818413034,1
1222,07334,0.9843871975019516,1
1222,07336,0.9864521165420161,1
1222,07337,0.9888192188562361,1
1222,07338,0.9924957820251314,1
1222,07339,0.9805091788169525,1
1222,07340,0.9950139759764298,1
1222,07341,0.9860995693888344,1
1222,07342,0.9863010249049382,1
1222,07343,0.9900783158318854,1
1222,07345,0.9912366850494825,1
1222,07347,0.9875601218805872,1
1222,07349,0.9876104857596132,1
1222,07350,0.9898264964367557,1
1222,07351,0.9889703104933143,1
1222,07352,0.9967767117423384,1
1222,07353,0.9937548790007806,1
1222,07354,0.9913374128075346,1
1222,07356,0.8010626778474478,1
1222,07357,0.7390647427664879,1
1222,07358,0.9840346503487698,0
1222,07359,0.9898264964367557,1
1222,07360,0.980005540026693,1
1222,07361,0.9940570622749364,1
1222,07363,0.9941577900329884,1
1222,07364,0.9186623353730704,0
1222,07366,0.9939059706378586,1
1222,07370,0.9372466067336507,1
1222,07372,0.9908337740172749,1
1222,07373,0.9850419279292892,1
1222,07374,0.9896250409206517,1
1222,07375,0.9525068620785173,1
1222,07377,0.9865528443000681,1
1222,07378,0.9840850142277959,1
1222,07379,0.8018181360328374,1
1222,07381,0.9899775880738335,1
1222,07382,0.9329656770164437,1
1222,07383,0.8763566769912619,1
1222,07387,0.9930497846944172,1
1222,07388,0.9760267935836419,1
1222,07389,0.9902797713479892,1
1222,07390,0.9924957820251314,1
1222,07392,0.9808617259701342,1
1223,07395,0.992395104895105,1
1223,07397,0.9906031468531468,1
1223,07399,0.9906031468531468,0
1223,07401,0.9891608391608391,0
1223,07402,0.9895104895104896,1
1223,07403,0.9868006993006992,1
1223,07407,0.6846153846153846,0
1223,07408,0.9831293706293706,1
1223,07409,0.9883304195804197,1
1223,07410,0.9881993006993007,0
1223,07411,0.9928758741258741,1
1223,07412,0.9951923076923076,1
1223,07413,0.9951048951048951,1
1223,07414,0.9911713286713286,1
1223,07415,0.9820804195804196,1
1223,07416,0.9948863636363636,1
1223,07417,0.9971153846153846,1
1223,07418,0.9893793706293706,1
1223,07419,0.994798951048951,0
1223,07420,0.9972465034965036,1
1223,07424,0.994493006993007,1
1223,07425,0.9868006993006992,1
1223,07426,0.9758741258741258,1
1223,07428,0.9798951048951049,1
1223,07429,0.9822115384615384,1
1223,07430,0.9674388111888111,1
1223,07431,0.9862325174825176,1
1223,07432,0.9637674825174825,0
1223,07433,0.9805506993006994,0
1223,07434,0.9855769230769231,1
1223,07436,0.9688811188811188,1
1223,07437,0.9820367132867132,1
1223,07438,0.9855332167832168,1
1223,07439,0.9891171328671329,1
1223,07440,0.9844842657342657,1
1223,07441,0.996284965034965,1
1223,07442,0.9918706293706294,1
1223,07444,0.9933129370629371,1
1223,07445,0.992395104895105,1
1223,07446,0.9933566433566433,1
1223,07448,0.9956293706293706,1
1223,07449,0.9934440559440559,1
1223,07450,0.9955856643356642,0
1223,07452,0.9913461538461539,1
1223,07453,0.9929632867132866,1
1223,07454,0.9769667832167832,1
1223,07455,0.9898601398601399,1
1223,07456,0.989291958041958,1
1223,07459,0.9936625874125874,1
1223,07464,0.9140297202797203,0
1223,07466,0.990777972027972,1
1223,07467,0.9874562937062936,0
1223,07468,0.9886363636363635,1
1223,07469,0.9637237762237764,0
1223,07470,0.9720716783216783,1
1223,07471,0.9968094405594405,1
1223,07472,0.9931818181818182,1
1223,07473,0.9674388111888111,1
1223,07474,0.9920017482517482,1
1223,07476,0.9906905594405595,1
1223,07477,0.9922202797202797,1
1223,07481,0.9961538461538462,1
1223,07482,0.9792395104895105,1
1223,07483,0.99256993006993,1
1223,07484,0.996722027972028,1
1223,07486,0.9952797202797203,1
1224,07488,0.8285714285714286,1
1224,07490,0.8168831168831169,1
1224,07492,0.8818181818181818,0
1224,07493,0.7246753246753247,1
1224,07494,0.9506493506493506,1
1224,07496,0.851948051948052,0
1224,07497,0.9181818181818181,0
1224,07498,0.9922077922077923,1
1224,07499,0.9272727272727272,1
1224,07500,0.8857142857142857,1
1224,07501,0.8441558441558441,1
1224,07502,0.9272727272727272,1
1224,07503,0.9571428571428571,1
1224,07504,0.9480519480519479,1
1224,07505,0.9649350649350649,1
1224,07506,0.9389610389610389,1
1224,07507,0.896103896103896,1
1224,07508,0.9493506493506494,1
1224,07511,0.8896103896103895,1
1224,07512,0.8259740259740259,1
1224,07514,0.5662337662337662,1
1224,07515,0.9311688311688312,1
1225,07519,0.9928571428571428,1
1225,07521,0.9678571428571429,1
1225,07522,0.9535714285714283,1
1225,07524,0.9857142857142854,1
1225,07525,0.9714285714285713,1
1225,07526,0.9749999999999999,0
1225,07527,0.9285714285714284,1
1225,07528,0.9892857142857142,1
1225,07529,0.9857142857142854,1
1225,07530,0.9714285714285713,1
1225,07531,0.9392857142857142,1
1225,07534,0.9785714285714284,0
1225,07535,0.9107142857142855,1
1225,07536,0.9892857142857142,1
1225,07540,0.9678571428571429,1
1225,07545,0.9464285714285712,0
1227,07575,0.7552447552447553,1
1227,07576,0.6783216783216784,1
1227,07577,0.8951048951048951,1
1227,07578,0.5734265734265735,1
1227,07579,0.8321678321678322,0
1227,07580,0.8251748251748254,1
1227,07581,-0.27272727272727276,0
1227,07582,0.5314685314685316,0
1227,07583,0.7272727272727274,1
1227,07584,0.7622377622377624,1
1227,07588,0.6433566433566434,1
1227,07589,0.7762237762237763,1
1227,07591,0.6573426573426573,1
1228,07594,0.9642857142857141,1
1228,07595,0.7642857142857141,1
1228,07597,0.7035714285714285,1
1228,07598,0.9428571428571427,0
1228,07599,0.95,1
1228,07600,0.6035714285714285,0
1228,07601,0.9249999999999998,1
1228,07604,0.7892857142857141,1
1228,07605,0.7571428571428571,1
1228,07606,0.8607142857142854,1
1228,07607,0.8607142857142854,1
1228,07608,0.4892857142857142,1
1228,07610,0.907142857142857,1
1228,07612,0.9249999999999998,1
1228,07613,0.9178571428571428,1
1228,07615,0.9285714285714284,1
122,00436,0.7999999999999999,0
122,00437,0.8999999999999998,1
122,00438,0.8999999999999998,1
122,00439,0.8999999999999998,1
122,00440,0.7999999999999999,0
122,00441,0.7999999999999999,0
1230,07639,0.8666666666666667,1
1230,07640,0.9166666666666666,0
1230,07642,0.7333333333333334,0
1230,07643,0.7,0
1230,07644,0.7166666666666667,0
1230,07645,0.9166666666666666,1
1230,07652,0.5666666666666667,0
1230,07653,0.75,1
1230,07655,0.8833333333333333,1
1230,07656,0.48333333333333334,0
1233,07741,0.806015037593985,1
1233,07742,0.9488721804511278,1
1233,07745,0.993984962406015,1
1233,07746,0.9714285714285714,1
1233,07747,0.9353383458646616,0
1233,07748,0.993984962406015,1
1233,07749,0.9157894736842105,1
1233,07750,0.8736842105263156,1
1233,07751,0.9834586466165413,0
1233,07752,0.8962406015037594,1
1233,07753,0.9067669172932331,1
1233,07754,0.9218045112781955,1
1233,07756,0.9548872180451128,1
1233,07759,0.8902255639097743,1
1233,07760,0.8466165413533834,1
1233,07763,0.9609022556390976,1
1233,07765,0.9759398496240601,1
1233,07766,0.9278195488721804,1
1233,07767,0.8992481203007519,1
1233,07768,0.8992481203007519,1
1233,07769,0.9548872180451128,0
1234,07677,0.87203302373581,1
1234,07689,0.8761609907120743,1
1234,07691,0.8802889576883385,1
1234,07692,0.7770897832817338,1
1234,07696,0.9360165118679051,1
1234,07698,0.5768833849329206,1
1234,07700,0.954592363261094,1
1234,07702,0.9711042311661506,1
1234,07703,0.9711042311661506,1
1234,07704,0.9484004127966976,0
1234,07715,0.9525283797729618,1
1234,07717,0.954592363261094,0
1234,07723,0.9731682146542827,0
1234,07727,0.8493292053663571,1
1234,07729,0.9277605779153767,0
1234,07732,0.9236326109391124,1
1234,07734,0.7812177502579979,1
1234,07736,0.9256965944272446,1
1234,07772,0.8410732714138286,1
1235,07779,0.9661208356860531,1
1235,07783,0.9491812535290796,1
1235,07784,0.8712591756070017,0
1235,07785,0.9559570863918693,1
1235,07786,0.8836815358554491,1
1235,07787,0.9548277809147376,1
1235,07788,0.9198193111236591,0
1235,07789,0.8339920948616601,1
1235,07790,0.9503105590062113,1
1235,07791,0.8452851496329757,1
1235,07792,0.9638622247317901,1
1235,07793,0.8001129305477132,1
1235,07794,0.9311123658949747,1
1235,07795,0.961603613777527,1
1235,07796,0.9435347261434219,1
1235,07800,0.9920948616600791,1
1235,07802,0.9593450028232637,1
1235,07803,0.9198193111236591,1
1235,07804,0.9728966685488425,1
1235,07805,0.9649915302089217,1
1235,07807,0.9480519480519483,0
1235,07808,0.8904573687182383,1
1235,07809,0.9672501411631848,1
1238,07868,1.0,1
1238,07872,0.942857142857143,1
1238,07873,1.0,1
1238,07874,1.0,1
1238,07876,0.942857142857143,1
1238,07878,0.942857142857143,1
1238,07880,0.3142857142857143,0
123,00442,0.8857142857142858,0
123,00445,1.0,1
123,00446,1.0,1
123,00447,0.942857142857143,0
123,00448,0.8857142857142858,0
123,00449,1.0,1
123,00450,0.8285714285714287,0
1240,07923,0.9876336898395723,1
1240,07924,0.9405080213903745,1
1240,07925,0.9421791443850267,1
1240,07926,0.9789438502673797,0
1240,07927,0.9699197860962567,0
1240,07928,0.946524064171123,1
1240,07929,0.9796122994652406,1
1240,07930,0.9809491978609627,1
1240,07931,0.9144385026737969,1
1240,07932,0.9441844919786097,1
1240,07936,0.9946524064171123,1
1240,07937,0.9207887700534759,1
1240,07938,0.9314839572192514,0
1240,07939,0.9532085561497327,1
1240,07942,0.9615641711229947,1
1240,07943,0.9405080213903745,1
1240,07944,0.9742647058823529,1
1240,07945,0.9779411764705884,1
1240,07946,0.9816176470588236,1
1240,07947,0.9217914438502675,1
1240,07948,0.966577540106952,1
1240,07949,0.9455213903743317,1
1240,07950,0.938168449197861,1
1240,07951,0.9321524064171123,1
1240,07952,0.9812834224598931,1
1240,07955,0.9284759358288771,1
1240,07956,0.964572192513369,1
1240,07958,0.9314839572192514,1
1240,07959,0.938836898395722,0
1240,07960,0.9786096256684492,1
1240,07961,0.9405080213903745,1
1240,07962,0.9856283422459894,1
1240,07964,0.9725935828877007,1
1240,07965,0.9715909090909092,0
1241,07968,0.42700348432055757,1
1241,07971,0.6277003484320559,1
1241,07972,0.9898954703832755,1
1241,07973,0.9907665505226483,1
1241,07974,0.9759581881533103,1
1241,07975,0.9871080139372824,1
1241,07976,0.9869337979094078,1
1241,07977,0.9867595818815331,1
1241,07978,0.9865853658536587,1
1241,07979,0.958536585365854,1
1241,07980,0.9716027874564462,1
1241,07981,0.9160278745644602,1
1241,07982,0.9736933797909408,1
1241,07983,0.9670731707317075,1
1241,07984,0.9770034843205577,1
1241,07985,0.8252613240418121,1
1241,07988,0.9796167247386763,1
1241,07989,0.9705574912891988,1
1241,07992,0.9944250871080141,1
1241,07993,0.9911149825783974,1
1241,07994,0.9846689895470386,1
1241,07995,0.987630662020906,0
1241,07997,0.9400696864111501,1
1241,07998,0.9693379790940767,0
1241,08002,0.958536585365854,1
1241,08003,0.9573170731707318,1
1241,08004,0.9893728222996517,1
1241,08005,0.9665505226480839,1
1241,08006,0.9839721254355404,0
1241,08007,0.98205574912892,1
1241,08008,0.9613240418118469,1
1241,08009,0.9729965156794427,0
1241,08013,0.9621951219512197,1
1241,08014,0.9817073170731708,1
1241,08016,0.7719512195121953,0
1241,08017,0.9620209059233452,1
1241,08018,0.9891986062717774,1
1241,08019,0.9881533101045299,1
1241,08029,0.9261324041811848,1
1241,08030,0.915679442508711,1
1241,08033,0.9810104529616727,0
1241,08034,0.9423344947735193,1
1242,08037,0.9520905923344949,1
1242,08040,0.9594076655052266,0
1242,08041,0.9209059233449479,1
1242,08042,0.92404181184669,1
1242,08043,0.9282229965156796,1
1242,08044,0.96602787456446,1
1242,08045,0.968466898954704,0
1242,08046,0.9299651567944254,0
1242,08047,0.95609756097561,1
1242,08048,0.9404181184668993,1
1242,08049,0.9134146341463417,1
1242,08050,0.9297909407665507,1
1242,08051,0.9130662020905925,1
1242,08052,0.8006968641114984,0
1242,08055,0.936933797909408,1
1242,08056,0.9515679442508713,1
1242,08057,0.8712543554006971,0
1242,08058,0.7956445993031361,0
1242,08060,0.937979094076655,1
1242,08061,0.9604529616724741,1
1242,08062,0.9512195121951221,1
1242,08063,0.9243902439024392,1
1242,08065,0.9198606271777005,1
1242,08066,0.9531358885017422,0
1242,08067,0.9346689895470385,1
1242,08068,0.9012195121951222,0
1242,08069,0.916898954703833,0
1242,08070,0.9463414634146343,0
1242,08071,0.8660278745644601,1
1242,08073,0.9393728222996518,1
1242,08076,0.912543554006969,0
1242,08077,0.9545296167247387,1
1242,08079,0.9550522648083626,1
1242,08080,0.9482578397212547,1
1242,08081,0.9083623693379792,1
1242,08082,0.977700348432056,1
1242,08085,0.9559233449477353,1
1242,08086,0.9341463414634149,1
1242,08087,0.953658536585366,1
1242,08088,0.946864111498258,1
1242,08094,0.937979094076655,1
1242,08095,0.9343205574912894,1
1244,08159,0.8844169246646028,1
1244,08160,0.7564499484004128,1
1244,08161,0.6305469556243549,0
1244,08164,0.9215686274509803,0
1244,08165,0.9236326109391124,1
1244,08166,0.8782249742002064,0
1244,08168,0.9236326109391124,1
1244,08169,0.9133126934984519,1
1244,08170,0.8431372549019607,0
1244,08171,0.8121775025799793,1
1244,08172,0.8596491228070176,1
1244,08173,0.8513931888544891,1
1244,08174,0.8885448916408669,1
1244,08175,0.8864809081527348,0
1244,08176,0.8988648090815273,1
1244,08177,0.9318885448916409,0
1244,08178,0.7337461300309597,0
1244,08181,0.9029927760577915,1
1244,08182,0.8410732714138286,0
1245,08186,0.9642857142857145,1
1245,08187,0.8571428571428573,0
1245,08188,0.4642857142857144,1
1245,08189,0.8928571428571429,1
1245,08190,0.7500000000000002,1
1245,08191,0.8928571428571429,1
1245,08192,0.7500000000000002,1
1245,08194,0.7857142857142859,1
1247,08196,0.9516483516483516,1
1247,08197,0.9912087912087912,1
1247,08199,0.9868131868131869,1
1247,08200,0.9868131868131869,1
1247,08202,0.9692307692307693,1
1247,08203,0.9692307692307693,1
1247,08204,0.9824175824175824,1
1247,08205,0.9868131868131869,1
1247,08206,0.9868131868131869,0
1247,08207,0.9912087912087912,1
1247,08208,0.9516483516483516,1
1247,08209,0.9736263736263736,1
1247,08210,0.9736263736263736,0
1247,08211,0.9780219780219781,1
1247,08212,0.9824175824175824,1
1248,08214,0.979672501411632,1
1248,08215,0.9909655561829477,1
1248,08216,0.9390175042348957,1
1248,08217,0.9051383399209487,1
1248,08218,0.9604743083003954,1
1248,08221,0.989836250705816,0
1248,08222,0.9932241671372107,1
1248,08223,0.8667419536984755,1
1248,08224,0.9661208356860531,0
1248,08226,0.9412761151891589,1
1248,08227,0.9853190287972897,1
1248,08228,0.7052512704686619,1
1248,08229,0.909655561829475,1
1248,08230,0.9695087521174479,1
1248,08231,0.9841897233201583,1
1248,08232,0.9288537549407117,1
1248,08233,0.9119141727837381,1
1248,08234,0.9875776397515529,1
1248,08237,0.979672501411632,1
1248,08239,0.9966120835686054,0
1248,08240,0.9819311123658953,1
1248,08241,0.9717673630717111,1
1248,08244,0.9683794466403164,1
124,00451,1.0,1
124,00452,1.0,1
124,00453,1.0,1
124,00454,1.0,1
124,00455,0.7999999999999999,1
1250,08280,0.9833333333333333,1
1250,08281,1.0,1
1250,08282,0.9833333333333333,1
1250,08283,0.9500000000000001,1
1250,08284,0.9666666666666667,1
1250,08285,0.9500000000000001,1
1250,08286,0.9833333333333333,1
1250,08287,0.9833333333333333,1
1250,08288,0.9833333333333333,1
1250,08289,0.8499999999999999,1
1251,08291,0.8260869565217391,0
1251,08293,0.8622247317899493,1
1251,08294,0.9740259740259741,1
1251,08295,0.9412761151891589,1
1251,08296,0.8949745906267645,1
1251,08297,-0.31789949181253535,0
1251,08298,0.7617165443252402,1
1251,08299,0.8362507058159233,0
1251,08300,0.89158667419537,0
1251,08301,0.9559570863918693,1
1251,08302,0.9683794466403164,1
1251,08303,0.9006211180124224,1
1251,08304,0.9390175042348957,1
1251,08305,0.9243365330321853,1
1251,08306,0.909655561829475,1
1251,08307,0.8949745906267645,1
1251,08309,0.9548277809147376,1
1251,08310,0.953698475437606,1
1251,08311,0.9446640316205535,1
1251,08313,0.961603613777527,0
1251,08316,0.9695087521174479,1
1251,08317,0.9548277809147376,1
1251,08320,0.9209486166007905,1
1252,08324,0.9516129032258064,0
1252,08325,0.9871700879765395,0
1252,08326,0.9600439882697948,1
1252,08328,0.9567448680351905,1
1252,08330,0.9772727272727272,0
1252,08331,0.9318181818181818,1
1252,08332,0.9153225806451611,1
1252,08333,0.9849706744868034,0
1252,08334,0.9838709677419353,1
1252,08335,0.9835043988269794,1
1252,08336,0.9805718475073312,1
1252,08337,0.9805718475073312,1
1252,08340,0.9149560117302052,1
1252,08341,0.971774193548387,0
1252,08342,0.9743401759530791,1
1252,08343,0.9871700879765395,0
1252,08344,0.9556451612903224,1
1252,08345,0.9622434017595306,1
1252,08346,0.9087243401759529,1
1252,08347,0.9809384164222872,1
1252,08348,0.9868035190615836,1
1252,08349,0.9530791788856304,0
1252,08350,0.9879032258064515,1
1252,08352,0.9409824046920819,1
1252,08354,0.972507331378299,1
1252,08355,0.9776392961876832,1
1252,08357,0.9640762463343108,1
1252,08358,0.9868035190615836,1
1252,08359,0.9926686217008798,1
1252,08362,0.9926686217008798,0
1252,08363,0.9772727272727272,1
1252,08365,0.9893695014662756,1
1252,08366,0.9787390029325512,1
1253,08370,0.9917494270435445,1
1253,08371,0.9957219251336898,1
1253,08372,0.9941940412528646,1
1253,08374,0.9929717341482046,1
1253,08375,0.9954163483575248,1
1253,08376,0.9358288770053477,1
1253,08377,0.9630252100840334,1
1253,08378,0.9960275019098548,0
1253,08379,0.9553857906799083,1
1253,08380,0.9654698242933536,1
1253,08381,0.9679144385026738,1
1253,08383,0.9404125286478227,1
1253,08384,0.9556913674560734,1
1253,08385,0.9590527119938884,1
1253,08386,0.8902979373567609,0
1253,08387,0.9196333078686019,1
1253,08388,0.9382734912146676,1
1253,08389,0.9688311688311688,0
1253,08390,0.9553857906799083,1
1253,08393,0.9627196333078686,1
1253,08394,0.9608861726508786,1
1253,08395,0.9822765469824292,1
1253,08396,0.9841100076394194,1
1253,08397,0.9728036669213138,1
1253,08398,0.9828877005347594,1
1253,08399,0.9813598166539342,1
1253,08400,0.9691367456073338,1
1253,08402,0.9618029029793734,1
1253,08403,0.977692895339954,1
1253,08405,0.9709702062643238,1
1253,08406,0.9416348357524826,1
1253,08407,0.9468296409472878,1
1253,08408,0.9437738731856379,1
1253,08412,0.7307868601986248,0
1253,08415,0.896409472880061,0
1254,08419,0.9922077922077923,1
1254,08421,0.961038961038961,1
1254,08423,0.9896103896103896,1
1254,08424,0.9896103896103896,1
1254,08425,0.9818181818181818,1
1254,08426,0.9636363636363635,1
1254,08427,0.9883116883116884,1
1254,08428,0.9727272727272727,1
1254,08429,0.9818181818181818,1
1254,08430,0.8883116883116883,1
1254,08431,0.9896103896103896,1
1254,08432,0.9805194805194805,0
1254,08433,0.9636363636363635,1
1254,08434,0.9844155844155844,1
1254,08435,0.9948051948051948,1
1254,08436,0.9831168831168832,1
1254,08437,0.9766233766233766,1
1254,08438,0.9883116883116884,1
1254,08439,0.9636363636363635,1
1254,08440,0.9727272727272727,1
1254,08442,0.9753246753246754,1
1254,08443,0.9701298701298702,1
1256,08456,1.0,1
1256,08460,1.0,1
1256,08461,1.0,1
1256,08462,1.0,1
1258,08472,0.9642857142857145,1
1258,08473,0.9285714285714288,1
1258,08474,0.9642857142857145,1
1258,08475,0.9642857142857145,0
1258,08476,0.8571428571428573,1
1258,08477,0.7142857142857144,1
1258,08478,0.9285714285714288,0
1258,08479,0.8571428571428573,0
1259,08483,0.9561538461538461,1
1259,08485,0.9738461538461539,0
1259,08486,0.9815384615384616,1
1259,08487,0.9630769230769232,1
1259,08488,0.9638461538461539,1
1259,08489,0.9615384615384615,1
1259,08493,0.9784615384615385,0
1259,08494,0.9861538461538462,0
1259,08495,0.9869230769230769,1
1259,08496,0.9492307692307692,1
1259,08497,0.966923076923077,1
1259,08498,0.9776923076923076,1
1259,08499,0.9861538461538462,1
1259,08500,0.9923076923076923,1
1259,08501,0.9815384615384616,1
1259,08502,0.9830769230769232,1
1259,08503,0.9961538461538462,1
1259,08504,0.9776923076923076,0
1259,08509,0.98,1
1259,08511,0.9461538461538461,1
1259,08512,0.9876923076923078,1
1259,08513,0.9730769230769231,1
1259,08514,0.9823076923076923,0
1259,08515,0.9830769230769232,1
1259,08516,0.9815384615384616,1
1259,08517,0.9761538461538463,1
1260,08521,0.9870129870129869,0
1260,08523,0.961038961038961,1
1260,08524,0.9753246753246754,1
1260,08525,0.9857142857142858,1
1260,08526,0.896103896103896,0
1260,08530,0.9623376623376624,1
1260,08531,0.9779220779220777,1
1260,08532,0.9415584415584415,1
1260,08533,0.9311688311688312,1
1260,08534,0.9506493506493506,1
1260,08535,0.974025974025974,1
1260,08536,0.9792207792207792,1
1260,08537,0.9584415584415583,1
1260,08538,0.9532467532467532,1
1260,08539,0.8974025974025974,0
1260,08540,0.9831168831168832,1
1260,08541,0.9818181818181818,1
1260,08545,0.9714285714285713,0
1260,08547,0.7753246753246753,1
1260,08548,0.9363636363636364,1
1260,08549,0.8922077922077922,0
1260,08550,0.9337662337662337,1
1264,08583,0.9824175824175824,1
1264,08584,0.9648351648351648,0
1264,08587,0.8637362637362638,0
1264,08588,0.9648351648351648,0
1264,08590,0.9340659340659341,1
1264,08591,0.9604395604395607,1
1264,08592,0.9780219780219781,1
1264,08593,0.9824175824175824,1
1264,08595,0.9208791208791209,1
1264,08596,0.8109890109890111,1
1264,08599,0.9780219780219781,1
1264,08601,0.956043956043956,1
1264,08602,0.9912087912087912,1
1264,08604,0.9736263736263736,1
1264,08606,0.8593406593406594,1
1300,08795,0.7818181818181817,1
1300,08796,0.7454545454545454,1
1300,08797,0.8424242424242423,1
1300,08798,0.6727272727272726,1
1300,08800,0.8545454545454544,0
1300,08801,0.6242424242424242,1
1300,08804,0.7696969696969697,1
1300,08805,0.8060606060606059,1
1300,08808,-0.34545454545454546,0
1300,08810,0.6484848484848483,0
1300,08811,0.7575757575757575,1
1301,08815,0.9648351648351648,1
1301,08816,0.9692307692307693,1
1301,08818,0.9428571428571428,1
1301,08820,0.9736263736263736,1
1301,08821,0.9648351648351648,1
1301,08822,0.956043956043956,1
1301,08823,0.9252747252747253,1
1301,08825,0.9428571428571428,1
1301,08826,0.9340659340659341,1
1301,08828,0.9780219780219781,1
1301,08829,0.9208791208791209,1
1301,08831,0.8461538461538461,1
1301,08832,0.8681318681318682,1
1301,08833,0.8417582417582418,1
1301,08835,0.7714285714285714,1
1302,08838,0.9720279720279721,1
1302,08839,0.9790209790209792,1
1302,08840,1.0,1
1302,08841,0.9720279720279721,1
1302,08843,0.9720279720279721,0
1302,08844,0.9860139860139862,0
1302,08845,1.0,1
1302,08846,0.9930069930069931,1
1302,08848,0.9370629370629372,1
1302,08849,0.9440559440559443,1
1302,08851,0.9580419580419581,1
1302,08854,0.9580419580419581,1
1302,08856,0.9860139860139862,1
1303,08859,0.8741258741258742,1
1303,08860,0.8671328671328673,1
1303,08861,0.9720279720279721,0
1303,08862,0.9440559440559443,1
1303,08864,0.8391608391608393,0
1303,08865,0.8391608391608393,1
1303,08866,0.965034965034965,1
1303,08867,0.965034965034965,0
1303,08869,0.8041958041958043,1
1303,08870,0.9580419580419581,1
1303,08872,0.9300699300699302,1
1303,08875,0.9510489510489512,1
1303,08876,0.9860139860139862,1
1304,08878,0.7157420578473209,1
1304,08879,0.8029871977240398,1
1304,08881,0.7387387387387386,1
1304,08883,0.805832147937411,1
1304,08884,0.7863916548127075,1
1304,08885,0.7780938833570411,1
1304,08886,0.774063537221432,1
1304,08887,0.7330488383119961,1
1304,08888,0.7190611664295874,1
1304,08889,0.7619724988146039,0
1304,08890,0.7975343764817449,1
1304,08892,0.7814129919393077,1
1304,08893,0.8466097676623993,0
1304,08894,0.7010431484115695,1
1304,08895,0.6427216690374584,0
1304,08897,0.738501659554291,0
1304,08898,0.7714556661925082,0
1304,08899,0.46728307254623036,0
1304,08900,0.8020388809862493,0
1304,08901,0.7678994784257942,0
1304,08902,0.7550972024656235,1
1304,08903,0.7242769084874346,1
1304,08905,0.7828354670459932,0
1304,08908,0.6816026552868657,1
1304,08909,0.6337126600284495,0
1304,08912,0.7965860597439544,0
1304,08913,0.6896633475580843,1
1304,08914,0.7660028449502133,1
1304,08915,0.6059743954480796,1
1304,08916,0.6889521100047415,0
1304,08917,0.8060692271218587,1
1304,08918,0.7240398293029872,1
1304,08919,-0.510194404931247,0
1304,08920,0.6811284969179705,0
1304,08923,0.7275960170697012,1
1304,08924,-0.1266002844950213,0
1304,08925,0.816026552868658,0
1304,08926,0.7939781887150307,0
1305,08927,0.9983805668016195,1
1305,08928,0.9955465587044534,1
1305,08929,0.9943319838056679,1
1305,08930,0.9947368421052631,1
1305,08932,0.9935222672064778,1
1305,08933,0.9945344129554656,1
1305,08934,0.9955465587044534,1
1305,08935,0.9965587044534414,1
1305,08936,0.993927125506073,1
1305,08937,0.986842105263158,1
1305,08938,0.9959514170040487,1
1305,08939,0.9937246963562752,1
1305,08941,0.995748987854251,1
1305,08942,0.9906882591093118,0
1305,08943,0.993927125506073,1
1305,08945,0.9973684210526318,1
1305,08946,0.9977732793522268,1
1305,08947,0.9919028340080972,1
1305,08948,0.9931174089068826,1
1305,08949,0.9955465587044534,1
1305,08951,0.9977732793522268,1
1305,08952,0.9955465587044534,1
1305,08953,0.9973684210526318,1
1305,08954,0.9935222672064778,1
1305,08955,0.9937246963562752,1
1305,08956,0.9977732793522268,1
1305,08957,0.9967611336032389,1
1305,08961,0.9908906882591093,1
1305,08962,0.9914979757085022,1
1305,08963,0.9977732793522268,1
1305,08966,0.9951417004048583,1
1305,08967,0.9971659919028341,1
1305,08968,0.9975708502024291,1
1305,08969,0.9912955465587044,1
1305,08970,0.9912955465587044,1
1305,08971,0.9858299595141702,1
1305,08974,0.9955465587044534,1
1305,08975,0.9967611336032389,1
1305,08976,0.9961538461538463,1
1305,08977,0.9941295546558705,1
1307,09029,0.8941045606229142,1
1307,09032,0.9457174638487208,1
1307,09034,0.9675194660734149,1
1307,09039,0.9648498331479423,1
1307,09040,0.9839822024471635,1
1307,09042,0.9750834260289211,1
1307,09043,0.9728587319243605,1
1307,09045,0.9563959955506117,1
1307,09047,0.9830923248053391,1
1307,09048,0.9777530589543939,0
1307,09049,0.9697441601779755,1
1307,09050,0.9741935483870968,1
1307,09051,0.9893214682981089,1
1307,09053,0.9675194660734149,1
1307,09054,0.9817575083426029,1
1307,09055,0.9750834260289211,1
1307,09056,0.9808676307007785,1
1307,09057,0.9639599555061179,1
1307,09058,0.9790878754171303,1
1307,09062,0.9555061179087875,1
1307,09064,0.8068965517241379,1
1307,09065,0.9893214682981089,1
1307,09066,0.9799777530589545,1
1307,09067,0.9372636262513905,1
1307,09068,0.9639599555061179,1
1307,09070,0.9968854282536151,1
1307,09071,0.9270300333704115,1
1307,09072,0.9430478309232482,1
1307,09076,0.9755283648498332,1
1307,09077,0.922135706340378,1
1307,09078,0.9919911012235817,1
1308,09079,0.9837837837837838,1
1308,09083,0.9861003861003862,1
1308,09085,0.9822393822393823,1
1308,09089,0.9909909909909911,1
1308,09091,0.9724581724581726,1
1308,09092,0.976833976833977,1
1308,09093,0.9732303732303732,0
1308,09094,0.9899613899613902,1
1308,09096,0.9842985842985844,1
1308,09098,0.9845559845559846,1
1308,09099,0.9873873873873874,1
1308,09100,0.9884169884169884,1
1308,09101,0.9812097812097812,1
1308,09102,0.9830115830115831,0
1308,09103,0.9933075933075933,1
1308,09105,0.9902187902187903,1
1308,09106,0.9897039897039898,1
1308,09107,0.9899613899613902,1
1308,09108,0.972972972972973,1
1308,09109,0.9871299871299872,1
1308,09110,0.9894465894465894,1
1308,09111,0.9881595881595883,1
1308,09112,0.9693693693693693,0
1308,09117,0.9917631917631918,1
1308,09120,0.9907335907335909,1
1308,09121,0.988931788931789,1
1308,09122,0.9933075933075933,1
1308,09123,0.9621621621621623,0
1308,09124,0.9801801801801803,1
1308,09125,0.9765765765765766,0
1308,09128,0.9837837837837838,1
1308,09129,0.9377091377091378,1
1308,09131,0.9791505791505792,1
1308,09132,0.9572715572715573,1
1308,09133,0.9832689832689833,1
1308,09134,0.9724581724581726,0
1308,09135,0.9485199485199486,1
1309,09136,0.977296181630547,1
1309,09137,0.9587203302373581,0
1309,09138,0.9669762641898865,1
1309,09139,0.9236326109391124,1
1309,09140,0.9690402476780186,1
1309,09141,0.9876160990712075,0
1309,09142,0.9669762641898865,1
1309,09143,0.9752321981424149,1
1309,09144,0.977296181630547,1
1309,09145,0.9484004127966976,1
1309,09146,0.9484004127966976,0
1309,09147,0.9711042311661506,1
1309,09148,0.9752321981424149,1
1309,09149,0.9731682146542827,1
1309,09152,0.9731682146542827,0
1309,09153,0.9442724458204333,1
1309,09154,0.9896800825593396,1
1309,09155,0.9711042311661506,1
1309,09157,0.9896800825593396,1
1310,09158,0.5294117647058824,1
1310,09159,0.49226006191950467,0
1310,09161,0.8534571723426212,1
1310,09162,0.651186790505676,1
1310,09163,0.7275541795665634,1
1310,09164,0.8637770897832818,0
1310,09165,0.8121775025799793,1
1310,09166,0.8080495356037152,1
1310,09167,0.8637770897832818,0
1310,09169,0.9277605779153767,0
1310,09170,0.7915376676986584,1
1310,09171,0.9401444788441692,1
1310,09172,0.9256965944272446,0
1310,09173,0.9504643962848297,1
1310,09174,0.5665634674922602,1
1310,09177,0.9009287925696594,0
1310,09179,0.6738906088751291,1
1310,09180,0.762641898864809,0
1310,09182,0.6202270381836945,0
1315,09225,0.975438596491228,1
1315,09226,0.9543859649122807,1
1315,09227,0.8684210526315789,1
1315,09228,0.8596491228070176,1
1315,09233,0.9736842105263157,1
1315,09234,0.9771929824561404,1
1315,09235,0.882456140350877,1
1315,09237,0.8719298245614034,1
1315,09238,0.9701754385964911,1
1315,09239,0.8929824561403509,1
1315,09241,0.9736842105263157,1
1315,09242,0.8456140350877193,1
1315,09243,0.8929824561403509,1
1315,09244,0.9771929824561404,1
1315,09245,0.9649122807017543,1
1315,09247,0.9473684210526316,1
1315,09249,0.8543859649122807,0
1315,09251,0.9578947368421052,1
1315,09252,0.9350877192982456,0
1315,09253,0.5894736842105263,1
1316,09257,0.9744360902255638,1
1316,09258,0.9503759398496241,1
1316,09259,0.7669172932330827,0
1316,09263,0.9503759398496241,1
1316,09264,0.9548872180451128,1
1316,09265,0.9218045112781955,1
1316,09266,0.9699248120300751,1
1316,09267,0.9924812030075187,1
1316,09268,0.9338345864661652,1
1316,09269,0.9894736842105262,1
1316,09270,0.9969924812030074,1
1316,09271,0.9879699248120299,1
1316,09272,0.9684210526315788,1
1316,09273,0.9293233082706768,1
1316,09274,0.9654135338345864,1
1316,09275,0.9067669172932331,1
1316,09277,0.7729323308270677,1
1316,09278,0.9624060150375938,1
1316,09279,0.9729323308270676,0
1316,09281,0.9548872180451128,1
1316,09282,0.9669172932330825,1
1317,09284,0.9808018068887635,1
1317,09286,0.9887069452286844,1
1317,09287,0.9627329192546585,1
1317,09288,0.9683794466403164,1
1317,09289,0.9717673630717111,1
1317,09293,0.9480519480519483,1
1317,09294,0.9740259740259741,0
1317,09295,0.9469226425748165,1
1317,09296,0.9717673630717111,1
1317,09297,0.9887069452286844,1
1317,09298,0.9695087521174479,1
1317,09299,0.9875776397515529,1
1317,09300,0.9141727837380011,0
1317,09301,0.9774138904573689,1
1317,09302,0.979672501411632,1
1317,09303,0.9695087521174479,1
1317,09304,0.9333709768492378,0
1317,09305,0.9785431959345003,1
1317,09307,0.9288537549407117,1
1317,09308,0.32580463015245625,0
1317,09309,0.9785431959345003,1
1317,09311,0.9819311123658953,1
1317,09313,0.989836250705816,1
1495,10424,0.9500000000000001,1
1495,10426,0.9666666666666667,1
1495,10427,0.9333333333333332,1
1495,10428,0.9,1
1495,10429,0.9833333333333333,1
1495,10431,0.8333333333333333,1
1495,10432,0.9500000000000001,1
1495,10433,0.9166666666666666,0
1495,10434,0.9833333333333333,1
1495,10435,0.9833333333333333,1
1503,10457,0.988235294117647,1
1503,10458,0.976470588235294,1
1503,10459,0.9735294117647059,1
1503,10460,0.9794117647058824,1
1503,10461,0.9941176470588234,1
1503,10462,0.976470588235294,1
1503,10463,0.9823529411764707,1
1503,10464,0.9852941176470588,1
1503,10465,0.9588235294117649,1
1503,10467,0.976470588235294,1
1503,10468,0.988235294117647,1
1503,10469,0.9058823529411765,1
1503,10470,0.7911764705882354,0
1503,10472,0.8735294117647058,1
1503,10473,0.9911764705882352,1
1503,10474,0.961764705882353,1
1503,10475,0.9205882352941176,1
1517,10537,0.9047619047619048,1
1517,10538,0.9047619047619048,1
1517,10539,0.9047619047619048,0
1517,10540,0.9761904761904763,0
1517,10541,0.9523809523809524,1
1517,10542,0.9761904761904763,1
1517,10543,0.4285714285714286,0
1517,10544,0.9523809523809524,1
1517,10545,0.9523809523809524,1
1518,10549,0.13939393939393938,1
1518,10552,0.13939393939393938,1
1518,10553,0.13939393939393938,1
1518,10555,0.8545454545454544,0
1518,10556,0.9030303030303028,0
1518,10557,0.8909090909090909,0
1518,10558,0.7939393939393938,1
1518,10559,0.8181818181818182,1
1518,10560,0.9151515151515152,0
1518,10561,0.8666666666666665,1
1518,10562,0.8181818181818182,1
1520,10571,0.2571428571428572,0
1520,10572,0.5428571428571429,1
1520,10573,0.48571428571428577,1
1520,10576,0.6,1
1520,10577,0.7142857142857143,1
1520,10579,0.942857142857143,1
1520,10580,0.8285714285714287,1
1539,10643,0.9780219780219779,1
1539,10645,0.9945054945054945,0
1539,10646,0.9945054945054945,0
1539,10647,1.0,1
1539,10648,0.9835164835164836,1
1539,10649,0.945054945054945,1
1539,10650,0.8681318681318682,1
1539,10651,0.9505494505494506,1
1539,10652,0.9835164835164836,1
1539,10653,0.9560439560439561,0
1539,10655,0.9945054945054945,1
1539,10656,0.9780219780219779,1
1539,10657,0.9835164835164836,1
1539,10658,0.967032967032967,1
1541,10664,1.0,1
1541,10666,1.0,1
1541,10668,1.0,1
1541,10669,1.0,1
1541,10671,1.0,1
1543,10677,1.0,1
1543,10680,0.8928571428571429,1
1543,10681,0.8928571428571429,1
1543,10682,1.0,1
1543,10684,0.9642857142857145,1
1543,10685,0.9285714285714288,1
1543,10686,0.9285714285714288,1
1543,10687,0.8571428571428573,0
1544,10694,0.9860139860139862,0
1544,10695,0.9930069930069931,1
1544,10696,0.9930069930069931,1
1544,10697,0.9720279720279721,0
1544,10698,0.9860139860139862,1
1544,10699,0.9860139860139862,1
1544,10702,0.9860139860139862,1
1544,10705,0.9510489510489512,1
1544,10707,0.9090909090909092,1
1544,10708,0.9720279720279721,1
1544,10709,0.965034965034965,1
1544,10710,0.8531468531468532,1
1544,10711,0.9860139860139862,1
1560,10781,0.901098901098901,1
1560,10783,0.8571428571428571,1
1560,10784,0.9175824175824175,1
1560,10786,0.9395604395604396,0
1560,10787,0.967032967032967,1
1560,10788,0.9780219780219779,1
1560,10789,0.8461538461538461,0
1560,10790,0.5824175824175823,1
1560,10791,0.9560439560439561,1
1560,10792,0.9340659340659341,1
1560,10795,0.9560439560439561,1
1560,10796,0.8186813186813187,0
1560,10797,0.8241758241758241,1
1560,10798,0.8571428571428571,1
1565,10809,0.9395604395604396,1
1565,10815,0.989010989010989,1
1565,10816,0.9780219780219779,1
1565,10817,0.9505494505494506,1
1565,10818,1.0,1
1565,10819,0.9725274725274725,1
1565,10820,0.989010989010989,1
1565,10821,0.9835164835164836,1
1565,10822,0.989010989010989,1
1565,10826,0.8406593406593407,1
1565,10827,0.9725274725274725,1
1565,10829,0.9615384615384615,1
1565,10830,0.967032967032967,1
1565,10831,0.9835164835164836,1
214,00957,0.996103896103896,1
214,00960,0.9974025974025975,1
214,00962,0.9857142857142858,1
214,00963,0.9922077922077923,1
214,00964,0.9883116883116884,1
214,00965,0.9974025974025975,1
214,00966,0.9909090909090909,1
214,00967,0.9870129870129869,1
214,00968,0.9974025974025975,1
214,00969,0.9688311688311689,1
214,00970,0.9883116883116884,1
214,00971,0.974025974025974,1
214,00972,0.9922077922077923,0
214,00973,0.9922077922077923,1
214,00974,0.9896103896103896,1
214,00975,0.9779220779220777,1
214,00976,0.996103896103896,1
214,00977,0.9909090909090909,1
214,00978,0.9467532467532468,0
214,00979,0.9935064935064933,1
214,00980,0.9896103896103896,1
214,00983,0.9545454545454546,1
215,00991,0.9166666666666666,0
215,00994,0.8666666666666667,1
215,00995,0.9333333333333332,1
215,00996,0.9166666666666666,1
215,01002,0.9333333333333332,1
215,01003,0.9833333333333333,1
215,01005,0.9666666666666667,0
215,01006,1.0,1
215,01008,0.9333333333333332,1
215,01009,0.8499999999999999,1
217,00981,0.9607142857142855,1
217,01040,0.5499999999999999,0
217,01042,0.95,1
217,01043,0.8785714285714284,0
217,01044,0.8107142857142855,1
217,01045,0.8749999999999999,1
217,01046,0.8035714285714284,1
217,01049,0.8999999999999999,0
217,01050,0.9428571428571427,1
217,01051,0.9214285714285713,1
217,01052,0.9392857142857142,1
217,01054,0.9285714285714284,0
217,01055,0.9392857142857142,1
217,01056,0.9714285714285713,1
217,01058,0.8035714285714284,0
217,01059,0.9178571428571428,1
339,01765,0.8285714285714287,0
339,01766,0.942857142857143,1
339,01767,0.942857142857143,1
339,01768,1.0,1
339,01769,0.028571428571428574,0
339,01770,0.942857142857143,1
339,01771,0.942857142857143,1
450,02195,0.8285714285714287,1
450,02196,1.0,1
450,02197,0.942857142857143,1
450,02198,0.7142857142857143,1
450,02199,0.5428571428571429,0
450,02200,0.48571428571428577,1
450,02201,0.7714285714285715,1
494,02402,0.9515151515151514,1
494,02403,0.9515151515151514,1
494,02404,0.9757575757575757,1
494,02405,0.9878787878787878,1
494,02406,0.9878787878787878,1
494,02407,0.9878787878787878,1
494,02408,0.9151515151515152,1
494,02409,0.9151515151515152,1
494,02410,0.5151515151515151,1
494,02411,0.9757575757575757,1
494,02412,0.9878787878787878,1
517,02525,1.0,1
517,02526,0.5,0
517,02527,1.0,1
517,02528,1.0,1
521,02540,0.5,0
521,02541,1.0,1
521,02542,1.0,1
521,02543,1.0,1
525,02556,1.0,1
525,02557,1.0,1
525,02558,1.0,1
525,02559,1.0,1
526,02560,1.0,1
526,02561,0.5,0
526,02562,0.5,0
526,02563,0.5,0
527,02565,1.0,1
527,02566,1.0,1
527,02567,0.5,1
527,02568,1.0,1
52,00120,0.9757575757575757,1
52,00121,0.9515151515151514,1
52,00122,0.9272727272727272,0
52,00123,0.9878787878787878,1
52,00124,0.9272727272727272,0
52,00125,0.9151515151515152,1
52,00126,0.9878787878787878,1
52,00127,0.9878787878787878,1
52,00128,0.9636363636363635,1
52,00129,0.8909090909090909,1
52,00130,0.9878787878787878,1
531,02583,1.0,1
531,02584,1.0,1
531,02585,1.0,1
531,02586,1.0,1
535,02601,-0.5,0
535,02602,1.0,1
535,02603,1.0,1
535,02604,1.0,1
538,02615,0.5,1
538,02616,1.0,1
538,02617,1.0,1
538,02618,1.0,1
540,02624,0.39999999999999997,0
540,02625,0.7999999999999999,0
540,02626,0.7999999999999999,1
540,02627,0.7999999999999999,1
540,02628,1.0,1
541,02630,1.0,1
541,02631,1.0,1
541,02632,1.0,1
541,02633,1.0,1
542,02634,1.0,1
542,02635,0.7999999999999999,0
542,02636,1.0,1
542,02637,1.0,1
542,02638,0.7999999999999999,0
544,02642,1.0,1
544,02643,1.0,1
544,02644,1.0,1
544,02645,1.0,1
547,02652,0.7999999999999999,1
547,02653,1.0,1
547,02654,-0.6000000000000001,0
547,02655,1.0,1
547,02656,0.19999999999999998,1
550,02666,1.0,1
550,02667,1.0,1
550,02668,1.0,1
550,02669,1.0,1
555,02686,1.0,1
555,02687,0.5,0
555,02688,-0.5,0
555,02689,1.0,1
571,02756,0.9757575757575757,1
571,02757,0.9393939393939393,1
571,02758,0.709090909090909,1
571,02759,0.9757575757575757,1
571,02760,0.9878787878787878,1
571,02761,0.9030303030303028,1
571,02762,0.6242424242424242,1
571,02763,0.9636363636363635,1
571,02764,0.9636363636363635,1
571,02765,0.9515151515151514,1
571,02766,0.9393939393939393,1
57,00159,0.8999999999999998,1
57,00160,0.7,1
57,00161,-0.19999999999999998,0
57,00162,0.8999999999999998,1
57,00163,0.9999999999999999,1
57,00164,0.9999999999999999,1
630,02940,1.0,1
630,02941,-0.5,0
630,02942,1.0,1
630,02943,1.0,1
646,02979,0.9720279720279721,1
646,02982,0.965034965034965,1
646,02983,1.0,1
646,02984,0.9930069930069931,1
646,02985,1.0,1
646,02986,0.9930069930069931,1
646,02987,0.9720279720279721,1
646,02988,0.965034965034965,1
646,02989,0.9790209790209792,0
646,02991,0.9860139860139862,0
646,02993,0.9860139860139862,1
646,02994,0.9580419580419581,1
646,02995,1.0,1
648,03010,0.9790209790209792,1
648,03015,0.9860139860139862,1
648,03016,0.9580419580419581,1
648,03017,0.9790209790209792,1
648,03018,0.9440559440559443,1
648,03019,0.9860139860139862,1
648,03020,0.965034965034965,1
648,03021,0.9860139860139862,1
648,03022,0.9860139860139862,1
648,03023,0.9860139860139862,1
648,03024,0.9790209790209792,1
648,03025,0.9790209790209792,1
648,03026,0.9790209790209792,1
650,03040,0.9666666666666667,0
650,03044,0.9833333333333333,1
650,03046,0.9833333333333333,1
650,03047,0.9500000000000001,1
650,03048,0.9333333333333332,1
650,03049,1.0,1
650,03050,0.9833333333333333,1
650,03051,0.9833333333333333,1
650,03052,1.0,1
650,03053,0.9833333333333333,1
651,03056,1.0,1
651,03057,0.942857142857143,1
651,03058,0.8285714285714287,1
651,03060,0.8857142857142858,0
651,03061,0.7714285714285715,1
651,03063,0.942857142857143,1
651,03064,1.0,1
652,03068,0.9166666666666666,1
652,03069,0.9833333333333333,1
652,03070,1.0,1
652,03071,1.0,1
652,03072,0.9166666666666666,1
652,03073,0.8499999999999999,1
652,03074,0.9666666666666667,1
652,03075,1.0,1
652,03076,0.9166666666666666,1
652,03077,0.9833333333333333,1
653,03080,1.0,1
653,03081,0.942857142857143,1
653,03082,1.0,1
653,03083,0.4285714285714286,0
653,03086,1.0,1
653,03088,1.0,1
653,03089,0.942857142857143,1
654,03092,0.9333333333333332,1
654,03093,0.7666666666666667,1
654,03094,0.8666666666666667,1
654,03095,1.0,1
654,03096,0.9666666666666667,1
654,03097,0.7999999999999999,1
654,03098,0.8666666666666667,1
654,03099,0.8666666666666667,0
654,03100,0.7833333333333333,1
654,03101,0.8833333333333333,1
655,03104,0.9580419580419581,1
655,03106,0.9930069930069931,1
655,03107,0.9930069930069931,1
655,03108,0.9930069930069931,1
655,03109,0.9720279720279721,1
655,03110,0.9930069930069931,1
655,03111,0.9930069930069931,1
655,03112,0.9720279720279721,0
655,03113,0.9930069930069931,1
655,03114,1.0,1
655,03115,0.9860139860139862,1
655,03116,0.9300699300699302,1
655,03117,0.8601398601398602,1
664,03155,1.0,1
664,03156,1.0,1
664,03157,1.0,1
664,03158,1.0,1
664,03159,0.8285714285714287,1
664,03160,0.8285714285714287,1
664,03161,0.942857142857143,1
665,03164,0.9999999999999999,1
665,03165,0.9757575757575757,1
665,03166,0.9878787878787878,1
665,03167,0.9999999999999999,1
665,03168,0.9636363636363635,1
665,03169,0.9757575757575757,1
665,03170,0.9757575757575757,1
665,03171,0.9878787878787878,1
665,03172,0.9999999999999999,1
665,03173,0.9878787878787878,1
665,03174,0.9757575757575757,1
669,03198,0.9666666666666667,0
669,03200,0.9833333333333333,1
669,03201,0.9666666666666667,1
669,03202,0.9666666666666667,1
669,03203,0.9333333333333332,1
669,03204,0.9500000000000001,1
669,03205,0.9500000000000001,1
669,03207,0.9833333333333333,1
669,03208,1.0,1
669,03209,0.9833333333333333,1
670,03210,0.9878787878787878,1
670,03211,0.9636363636363635,0
670,03213,0.9757575757575757,1
670,03214,0.9999999999999999,1
670,03215,0.9272727272727272,1
670,03216,0.9878787878787878,0
670,03217,0.9999999999999999,1
670,03218,0.9878787878787878,1
670,03219,0.9393939393939393,1
670,03220,0.9999999999999999,1
670,03221,0.9878787878787878,1
673,03237,0.8928571428571429,1
673,03238,0.8928571428571429,0
673,03239,0.8928571428571429,1
673,03240,0.8928571428571429,1
673,03241,0.9642857142857145,1
673,03242,1.0,1
673,03243,1.0,1
673,03244,0.8928571428571429,1
674,03246,0.4272727272727273,0
674,03247,0.9454545454545454,1
674,03248,0.9636363636363637,1
674,03249,0.7272727272727273,1
674,03250,0.8363636363636365,1
674,03251,0.9636363636363637,1
674,03252,0.9818181818181818,1
674,03253,0.9636363636363637,1
674,03254,0.990909090909091,1
674,03255,0.9545454545454546,1
674,03256,0.9363636363636365,1
674,03257,0.9363636363636365,1
675,03259,0.8285714285714287,1
675,03260,1.0,1
675,03261,0.942857142857143,1
675,03262,0.942857142857143,1
675,03263,0.942857142857143,1
675,03264,0.942857142857143,1
675,03265,1.0,1
713,03422,0.8214285714285715,0
713,03424,0.9642857142857145,1
713,03425,1.0,1
713,03426,1.0,1
713,03427,0.7857142857142859,1
713,03428,1.0,1
713,03429,0.9642857142857145,1
713,03430,0.9642857142857145,1
716,03442,0.9761904761904763,1
716,03447,0.9047619047619048,0
716,03448,0.9047619047619048,1
716,03450,0.6904761904761906,0
716,03451,0.7380952380952381,1
716,03453,0.5000000000000001,0
716,03454,0.8571428571428572,1
716,03455,0.9523809523809524,1
716,03456,0.8095238095238096,1
721,03500,0.9684210526315788,1
721,03501,0.9699248120300751,1
721,03502,0.9233082706766916,1
721,03503,0.9849624060150375,1
721,03504,0.882706766917293,1
721,03508,0.882706766917293,1
721,03511,0.9774436090225563,0
721,03512,0.9879699248120299,1
721,03513,0.9789473684210527,1
721,03514,0.9669172932330825,1
721,03515,0.9774436090225563,1
721,03516,0.9624060150375938,1
721,03517,0.9203007518796992,1
721,03518,0.9804511278195487,1
721,03519,0.9834586466165413,1
721,03520,0.9969924812030074,1
721,03521,0.9624060150375938,1
721,03522,0.9819548872180449,1
721,03523,0.9849624060150375,1
721,03524,0.9849624060150375,1
721,03525,0.9458646616541352,1
722,03527,0.6887254901960785,1
722,03528,0.8529411764705884,1
722,03529,0.8529411764705884,1
722,03530,0.9730392156862747,1
722,03531,0.7009803921568628,1
722,03532,0.9411764705882353,1
722,03533,0.6397058823529412,0
722,03534,0.8406862745098039,1
722,03536,0.877450980392157,0
722,03539,0.9191176470588237,0
722,03540,0.965686274509804,1
722,03541,0.9583333333333335,1
722,03542,0.7156862745098039,0
722,03543,0.9191176470588237,1
722,03544,0.8161764705882354,1
722,03545,0.9436274509803922,1
722,03546,0.9607843137254902,1
722,03547,0.9558823529411765,1
723,03548,0.7578947368421052,0
723,03550,0.9383458646616539,1
723,03552,0.8541353383458646,1
723,03554,0.9654135338345864,1
723,03557,0.9293233082706768,1
723,03560,0.956390977443609,1
723,03561,0.9759398496240601,1
723,03562,0.9789473684210527,1
723,03563,0.9473684210526315,1
723,03564,0.9157894736842105,1
723,03565,0.8451127819548873,0
723,03566,0.9353383458646616,1
723,03567,0.9293233082706768,1
723,03568,0.8030075187969924,0
723,03569,0.9443609022556391,1
723,03570,0.8977443609022555,1
723,03571,0.9624060150375938,1
723,03572,0.9624060150375938,1
723,03573,0.9654135338345864,1
723,03574,0.9278195488721804,1
723,03576,0.9097744360902256,0
728,03605,0.7857142857142859,1
728,03606,0.7500000000000002,1
728,03607,0.7142857142857144,1
728,03608,0.8571428571428573,0
728,03609,0.9642857142857145,1
728,03610,0.3214285714285715,0
728,03611,0.7142857142857144,1
728,03612,0.6071428571428572,0
7,00025,1.0,1
7,00026,0.990909090909091,1
7,00028,0.990909090909091,1
7,00029,0.9818181818181818,1
7,00030,0.9727272727272729,0
7,00031,0.9636363636363637,1
7,00032,0.9636363636363637,1
7,00033,0.9727272727272729,1
7,00034,0.9545454545454546,0
7,00035,0.990909090909091,1
7,00037,1.0,1
7,00038,0.9727272727272729,1
80,00239,1.0,1
80,00240,1.0,1
80,00241,1.0,1
80,00242,1.0,1
861,03919,0.9166666666666666,1
861,03920,0.9500000000000001,0
861,03922,0.9333333333333332,1
861,03923,0.9333333333333332,1
861,03925,0.9833333333333333,1
861,03926,0.9833333333333333,1
861,03928,1.0,1
861,03929,0.8499999999999999,1
861,03930,0.9833333333333333,1
861,03931,0.9833333333333333,1
862,03934,1.0,1
862,03935,1.0,1
862,03937,1.0,1
862,03938,1.0,1
862,03939,1.0,1
862,03940,0.6,1
862,03941,0.8285714285714287,1
871,03986,0.9285714285714287,1
871,03987,0.9285714285714287,1
871,03988,0.9761904761904763,1
871,03989,0.9761904761904763,1
871,03990,0.9761904761904763,1
871,03992,0.9047619047619048,1
871,03994,0.7857142857142858,1
871,03995,1.0,1
871,03997,0.9761904761904763,1
872,03999,0.8251748251748254,0
872,04000,0.9300699300699302,0
872,04001,1.0,1
872,04002,0.9930069930069931,1
872,04003,0.9930069930069931,1
872,04004,0.6503496503496504,0
872,04005,0.9370629370629372,0
872,04006,0.9160839160839163,1
872,04007,0.9860139860139862,1
872,04008,0.9860139860139862,1
872,04009,0.9160839160839163,1
872,04010,0.965034965034965,1
872,04011,0.9790209790209792,1
885,04189,0.9999999999999999,1
885,04190,0.9999999999999999,1
885,04191,0.8999999999999998,0
885,04192,0.9999999999999999,1
885,04193,0.9999999999999999,1
885,04195,0.8999999999999998,1
887,04208,0.7142857142857143,1
887,04209,1.0,1
887,04210,0.942857142857143,1
887,04211,1.0,1
887,04212,1.0,1
887,04213,1.0,1
887,04214,1.0,1
910,04322,0.8846153846153846,1
910,04323,0.9230769230769231,1
910,04324,0.7967032967032966,0
910,04325,0.9230769230769231,1
910,04326,0.8846153846153846,1
910,04327,0.5549450549450549,1
910,04328,0.8681318681318682,1
910,04329,0.6648351648351648,1
910,04330,0.7307692307692307,1
910,04331,0.8351648351648352,1
910,04332,0.9065934065934067,1
910,04334,0.5164835164835164,0
910,04335,0.7637362637362637,1
910,04336,0.47802197802197804,0
912,04338,0.9515151515151514,1
912,04339,0.9393939393939393,1
912,04340,0.9515151515151514,1
912,04341,0.9757575757575757,1
912,04342,0.8545454545454544,1
912,04343,0.9515151515151514,1
912,04344,0.9272727272727272,1
912,04345,0.9151515151515152,0
912,04346,0.9515151515151514,1
912,04347,0.8545454545454544,1
912,04348,0.9515151515151514,0
918,04393,0.9580419580419581,1
918,04394,0.965034965034965,1
918,04395,0.9510489510489512,1
918,04396,0.9440559440559443,1
918,04398,0.9580419580419581,1
918,04400,0.9580419580419581,1
918,04401,0.9860139860139862,1
918,04402,1.0,1
918,04403,0.8881118881118882,1
918,04404,0.9860139860139862,1
918,04407,0.9790209790209792,0
918,04408,0.8741258741258742,0
918,04409,0.965034965034965,1
96,00307,0.8928571428571429,1
96,00308,0.8928571428571429,1
96,00309,1.0,1
96,00310,0.9642857142857145,1
96,00312,0.9642857142857145,1
96,00313,1.0,1
96,00314,1.0,1
96,00315,0.8928571428571429,0
99,00329,1.0,1
99,00330,1.0,1
99,00331,1.0,1
99,00332,1.0,1
9,00048,0.8285714285714287,0
9,00049,0.942857142857143,0
9,00050,0.942857142857143,0
9,00051,0.8857142857142858,0
9,00052,0.6,1
9,00053,0.8857142857142858,0
9,00054,1.0,1
