channel,layer,total_variance,within_work_variance,within_fraction
tempo,raw,0.5590827972105638,0.016858914413900663,0.03015459337689333
tempo,relative,0.017269301804199375,0.01686566641314599,0.9766270000009363
tempo,norm,4.970088278890495,3.8208866758288584,0.7687764203419379
rubato,raw,0.006138419287777675,0.0008051351777934956,0.13116327511165876
rubato,relative,0.0008470507407301662,0.0008035027602929954,0.9485886991850901
rubato,norm,0.12990505764756843,0.11245437220959101,0.8656658504758066
dynamics,raw,0.005335708607435044,0.0014278009074175204,0.26759349366042046
dynamics,relative,0.0014396507809961822,0.0014276186720935352,0.9916423419752384
dynamics,norm,0.47645467202128045,0.4652600508557297,0.9765043312135876
articulation,raw,0.20683361706662626,0.021496959374626957,0.10393358526289395
articulation,relative,0.022360448177607954,0.021494131937281162,0.9612567586550286
articulation,norm,0.32400780317371586,0.2940154322616028,0.9074331833420916
pedal_depth,raw,0.009737746975164645,0.002336293346424927,0.23992134447356855
pedal_depth,relative,0.0024624574535834364,0.0023362933464249236,0.948764959583397
pedal_depth,norm,0.1331391316758639,0.12801152559254728,0.9614868595072401
pedal_down_ratio,raw,0.0546161105050782,0.01172116943594475,0.21461010913354803
pedal_down_ratio,relative,0.01634715186455761,0.011721169435944746,0.7170159996713253
pedal_down_ratio,norm,0.13794485971587933,0.09509408993238194,0.6893630551239404
pedal_changes,raw,1.6829001846700422,0.2443853527279414,0.14521678406961303
pedal_changes,relative,0.2618288548638677,0.2443853527279414,0.9333782285187946
pedal_changes,norm,0.06313638110590016,0.05707440409074492,0.9039859917693519
